Label,# Samples,Average,Median,90% Line,95% Line,99% Line,Min,Max,Error %,Throughput,Received KB/sec,Sent KB/sec
GET /api/items,5000,140,140,164,173,191,76,654,0.000%,45.24150,10596.04,8.09
GET /api/items/687,1,89,89,89,89,89,89,89,0.000%,11.23596,4.89,2.05
POST /api/items,1500,140,137,161,169,191,79,1097,0.000%,13.62806,5.91,3.98
PUT /api/items/168,1,74,74,74,74,74,74,74,0.000%,13.51351,5.89,3.88
GET /api/items/629,1,91,91,91,91,91,91,91,0.000%,10.98901,4.79,2.01
PUT /api/items/490,4,124,129,141,141,141,94,141,0.000%,.04259,0.02,0.01
GET /api/items/053,3,119,126,132,132,132,99,132,0.000%,.04618,0.02,0.01
PUT /api/items/579,3,127,139,149,149,149,94,149,0.000%,.03193,0.01,0.01
GET /api/items/596,1,91,91,91,91,91,91,91,0.000%,10.98901,4.79,2.01
GET /api/items/788,1,92,92,92,92,92,92,92,0.000%,10.86957,4.73,1.98
PUT /api/items/842,1,80,80,80,80,80,80,80,0.000%,12.50000,5.44,3.59
GET /api/items/933,3,104,102,110,110,110,102,110,0.000%,.02922,0.01,0.01
PUT /api/items/676,3,116,129,140,140,140,80,140,0.000%,.04062,0.02,0.01
GET /api/items/058,2,111,81,141,141,141,81,141,0.000%,.02032,0.01,0.00
PUT /api/items/058,6,124,124,141,144,144,100,144,0.000%,.06404,0.03,0.02
GET /api/items/817,3,116,120,130,130,130,98,130,0.000%,.06138,0.03,0.01
GET /api/items/528,5,116,122,122,126,126,91,126,0.000%,.08174,0.04,0.01
GET /api/items/682,3,126,135,166,166,166,79,166,0.000%,.03277,0.01,0.01
PUT /api/items/881,3,123,116,157,157,157,96,157,0.000%,.03284,0.01,0.01
GET /api/items/713,1,92,92,92,92,92,92,92,0.000%,10.86957,4.73,1.98
PUT /api/items/893,3,111,119,123,123,123,91,123,0.000%,.02905,0.01,0.01
PUT /api/items/322,7,122,121,138,141,141,97,141,0.000%,.06934,0.03,0.02
GET /api/items/876,2,122,95,149,149,149,95,149,0.000%,.06844,0.03,0.01
GET /api/items/289,3,127,130,143,143,143,108,143,0.000%,.06026,0.03,0.01
GET /api/items/833,3,126,130,151,151,151,97,151,0.000%,.03066,0.01,0.01
PUT /api/items/751,3,117,127,133,133,133,93,133,0.000%,.04060,0.02,0.01
GET /api/items/981,5,114,115,118,147,147,93,147,0.000%,.04742,0.02,0.01
PUT /api/items/925,2,96,89,104,104,104,89,104,0.000%,.20627,0.09,0.06
PUT /api/items/204,4,120,125,140,140,140,83,140,0.000%,.05229,0.02,0.02
GET /api/items/180,4,123,128,149,149,149,81,149,0.000%,.05591,0.02,0.01
GET /api/items/919,4,127,135,150,150,150,83,150,0.000%,.04967,0.02,0.01
GET /api/items/324,2,113,91,136,136,136,91,136,0.000%,.02745,0.01,0.01
PUT /api/items/398,5,124,123,141,144,144,94,144,0.000%,.05550,0.02,0.02
PUT /api/items/353,1,105,105,105,105,105,105,105,0.000%,9.52381,4.15,2.73
GET /api/items/977,1,109,109,109,109,109,109,109,0.000%,9.17431,4.00,1.68
PUT /api/items/021,2,120,94,146,146,146,94,146,0.000%,.02423,0.01,0.01
GET /api/items/139,4,135,150,160,160,160,78,160,0.000%,.04789,0.02,0.01
GET /api/items/967,4,122,132,138,138,138,83,138,0.000%,.04476,0.02,0.01
GET /api/items/366,5,126,133,138,149,149,90,149,0.000%,.06295,0.03,0.01
PUT /api/items/636,3,118,107,142,142,142,105,142,0.000%,.03519,0.02,0.01
GET /api/items/253,2,106,93,120,120,120,93,120,0.000%,.04265,0.02,0.01
PUT /api/items/260,3,131,140,146,146,146,107,146,0.000%,.03833,0.02,0.01
GET /api/items/684,2,122,109,136,136,136,109,136,0.000%,.02238,0.01,0.00
PUT /api/items/624,3,124,125,155,155,155,93,155,0.000%,.07532,0.03,0.02
GET /api/items/889,7,128,128,143,158,158,89,158,0.000%,.07306,0.03,0.01
GET /api/items/037,1,94,94,94,94,94,94,94,0.000%,10.63830,4.62,1.94
GET /api/items/143,3,126,137,150,150,150,92,150,0.000%,.03116,0.01,0.01
PUT /api/items/352,2,100,97,104,104,104,97,104,0.000%,.01934,0.01,0.01
PUT /api/items/425,1,97,97,97,97,97,97,97,0.000%,10.30928,4.49,2.96
GET /api/items/478,3,117,128,141,141,141,84,141,0.000%,.03106,0.01,0.01
PUT /api/items/190,1,105,105,105,105,105,105,105,0.000%,9.52381,4.15,2.73
GET /api/items/086,1,107,107,107,107,107,107,107,0.000%,9.34579,4.04,1.71
GET /api/items/786,2,107,81,134,134,134,81,134,0.000%,.06404,0.03,0.01
GET /api/items/394,4,120,128,137,137,137,82,137,0.000%,.05493,0.02,0.01
PUT /api/items/990,2,115,90,141,141,141,90,141,0.000%,.06354,0.03,0.02
PUT /api/items/174,4,132,138,159,159,159,83,159,0.000%,.04477,0.02,0.01
GET /api/items/651,10,136,137,150,150,153,106,153,0.000%,.10328,0.04,0.02
PUT /api/items/826,3,123,127,134,134,134,109,134,0.000%,.05164,0.02,0.01
GET /api/items/283,5,111,110,119,129,129,91,129,0.000%,.05077,0.02,0.01
GET /api/items/171,3,109,97,145,145,145,85,145,0.000%,.02951,0.01,0.01
GET /api/items/624,3,136,151,152,152,152,106,152,0.000%,.03207,0.01,0.01
PUT /api/items/415,1,82,82,82,82,82,82,82,0.000%,12.19512,5.31,3.50
PUT /api/items/932,2,110,97,124,124,124,97,124,0.000%,.04263,0.02,0.01
GET /api/items/962,2,105,102,108,108,108,102,108,0.000%,.43141,0.19,0.08
GET /api/items/373,6,130,128,157,171,171,81,171,0.000%,.06589,0.03,0.01
PUT /api/items/525,1,94,94,94,94,94,94,94,0.000%,10.63830,4.63,3.05
GET /api/items/055,4,128,126,151,151,151,100,151,0.000%,.05412,0.02,0.01
GET /api/items/631,4,127,114,161,161,161,99,161,0.000%,.04823,0.02,0.01
PUT /api/items/470,1,99,99,99,99,99,99,99,0.000%,10.10101,4.40,2.90
PUT /api/items/858,2,103,100,107,107,107,100,107,0.000%,.01971,0.01,0.01
GET /api/items/807,3,135,137,158,158,158,111,158,0.000%,.03490,0.02,0.01
PUT /api/items/993,2,124,104,145,145,145,104,145,0.000%,.03084,0.01,0.01
GET /api/items/983,2,111,107,116,116,116,107,116,0.000%,.41451,0.18,0.08
GET /api/items/793,2,133,107,160,160,160,107,160,0.000%,.02388,0.01,0.00
GET /api/items/059,3,122,118,142,142,142,106,142,0.000%,.06797,0.03,0.01
PUT /api/items/828,3,115,121,131,131,131,93,131,0.000%,.03002,0.01,0.01
PUT /api/items/843,1,94,94,94,94,94,94,94,0.000%,10.63830,4.63,3.05
GET /api/items/617,3,130,123,160,160,160,107,160,0.000%,.03629,0.02,0.01
GET /api/items/042,5,130,152,154,167,167,87,167,0.000%,.04834,0.02,0.01
PUT /api/items/953,2,111,90,133,133,133,90,133,0.000%,.06874,0.03,0.02
GET /api/items/791,6,126,126,134,140,140,112,140,0.000%,.10607,0.05,0.02
GET /api/items/270,5,132,135,144,152,152,107,152,0.000%,.09350,0.04,0.02
PUT /api/items/182,2,113,92,134,134,134,92,134,0.000%,.02594,0.01,0.01
PUT /api/items/476,2,114,105,124,124,124,105,124,0.000%,.21485,0.09,0.06
GET /api/items/913,3,129,140,141,141,141,107,141,0.000%,.06884,0.03,0.01
PUT /api/items/935,1,89,89,89,89,89,89,89,0.000%,11.23596,4.89,3.23
GET /api/items/468,3,119,122,128,128,128,107,128,0.000%,.11393,0.05,0.02
GET /api/items/333,2,120,108,133,133,133,108,133,0.000%,.05394,0.02,0.01
GET /api/items/854,1,87,87,87,87,87,87,87,0.000%,11.49425,5.01,2.10
PUT /api/items/846,3,114,127,130,130,130,87,130,0.000%,.11675,0.05,0.03
PUT /api/items/920,2,125,110,140,140,140,110,140,0.000%,.03923,0.02,0.01
GET /api/items/100,4,117,99,137,137,137,98,137,0.000%,.04164,0.02,0.01
PUT /api/items/670,3,111,113,133,133,133,89,133,0.000%,.03900,0.02,0.01
GET /api/items/186,3,110,110,126,126,126,96,126,0.000%,.03024,0.01,0.01
GET /api/items/868,3,129,126,155,155,155,106,155,0.000%,.04395,0.02,0.01
PUT /api/items/509,5,120,121,122,134,134,106,134,0.000%,.07701,0.03,0.02
PUT /api/items/404,2,123,109,138,138,138,109,138,0.000%,.06002,0.03,0.02
PUT /api/items/638,2,101,87,115,115,115,87,115,0.000%,.08661,0.04,0.02
GET /api/items/871,5,141,147,151,184,184,108,184,0.000%,.05819,0.03,0.01
GET /api/items/435,1,88,88,88,88,88,88,88,0.000%,11.36364,4.95,2.08
GET /api/items/112,3,128,129,144,144,144,112,144,0.000%,.07573,0.03,0.01
GET /api/items/802,2,123,93,154,154,154,93,154,0.000%,.02947,0.01,0.01
PUT /api/items/943,1,117,117,117,117,117,117,117,0.000%,8.54701,3.72,2.45
PUT /api/items/300,2,113,109,118,118,118,109,118,0.000%,.59506,0.26,0.17
GET /api/items/707,3,131,124,163,163,163,108,163,0.000%,.04670,0.02,0.01
GET /api/items/131,3,131,140,149,149,149,104,149,0.000%,.03629,0.02,0.01
PUT /api/items/999,3,136,130,153,153,153,126,153,0.000%,.04102,0.02,0.01
GET /api/items/536,5,124,128,132,143,143,93,143,0.000%,.05382,0.02,0.01
GET /api/items/856,6,143,144,154,165,165,116,165,0.000%,.06799,0.03,0.01
PUT /api/items/444,8,125,120,134,169,169,92,169,0.000%,.09541,0.04,0.03
PUT /api/items/098,1,108,108,108,108,108,108,108,0.000%,9.25926,4.02,2.66
PUT /api/items/150,2,130,105,156,156,156,105,156,0.000%,.05202,0.02,0.01
GET /api/items/552,5,128,128,137,165,165,89,165,0.000%,.06811,0.03,0.01
GET /api/items/367,2,118,115,122,122,122,115,122,0.000%,.65552,0.29,0.12
GET /api/items/066,2,153,110,197,197,197,110,197,0.000%,.02422,0.01,0.00
GET /api/items/683,4,120,123,128,128,128,105,128,0.000%,.07713,0.03,0.01
PUT /api/items/325,2,110,97,124,124,124,97,124,0.000%,.04068,0.02,0.01
PUT /api/items/033,1,98,98,98,98,98,98,98,0.000%,10.20408,4.43,2.93
GET /api/items/299,4,129,131,143,143,143,110,143,0.000%,.05297,0.02,0.01
PUT /api/items/403,2,112,98,127,127,127,98,127,0.000%,.06828,0.03,0.02
GET /api/items/221,4,135,126,170,170,170,95,170,0.000%,.04500,0.02,0.01
GET /api/items/842,3,119,128,135,135,135,96,135,0.000%,.03851,0.02,0.01
GET /api/items/226,3,124,127,151,151,151,94,151,0.000%,.03118,0.01,0.01
PUT /api/items/036,4,116,111,124,124,124,109,124,0.000%,.04184,0.02,0.01
PUT /api/items/011,2,116,108,125,125,125,108,125,0.000%,1.64204,0.71,0.47
GET /api/items/564,2,111,94,129,129,129,94,129,0.000%,.14873,0.06,0.03
PUT /api/items/724,4,139,142,162,162,162,111,162,0.000%,.04394,0.02,0.01
GET /api/items/496,2,107,95,120,120,120,95,120,0.000%,.46566,0.20,0.09
GET /api/items/087,4,129,124,157,157,157,104,157,0.000%,.05436,0.02,0.01
GET /api/items/886,1,101,101,101,101,101,101,101,0.000%,9.90099,4.31,1.81
PUT /api/items/377,3,124,128,144,144,144,100,144,0.000%,.05929,0.03,0.02
PUT /api/items/768,1,108,108,108,108,108,108,108,0.000%,9.25926,4.03,2.66
GET /api/items/473,4,118,112,131,131,131,108,131,0.000%,.08142,0.04,0.01
GET /api/items/161,4,126,120,141,141,141,119,141,0.000%,.04955,0.02,0.01
PUT /api/items/587,1,121,121,121,121,121,121,121,0.000%,8.26446,3.60,2.37
GET /api/items/294,1,118,118,118,118,118,118,118,0.000%,8.47458,3.69,1.55
GET /api/items/724,1,121,121,121,121,121,121,121,0.000%,8.26446,3.60,1.51
PUT /api/items/153,4,118,105,149,149,149,98,149,0.000%,.04579,0.02,0.01
GET /api/items/284,6,139,134,155,177,177,99,177,0.000%,.06688,0.03,0.01
PUT /api/items/996,2,137,114,161,161,161,114,161,0.000%,.03200,0.01,0.01
PUT /api/items/521,2,125,111,140,140,140,111,140,0.000%,.02380,0.01,0.01
GET /api/items/905,2,110,98,123,123,123,98,123,0.000%,.15032,0.07,0.03
GET /api/items/476,3,122,115,142,142,142,109,142,0.000%,.11794,0.05,0.02
PUT /api/items/547,3,124,119,153,153,153,102,153,0.000%,.10098,0.04,0.03
GET /api/items/242,1,125,125,125,125,125,125,125,0.000%,8.00000,3.48,1.46
GET /api/items/885,3,132,136,157,157,157,104,157,0.000%,.04720,0.02,0.01
PUT /api/items/017,3,148,152,173,173,173,119,173,0.000%,.03771,0.02,0.01
PUT /api/items/775,3,123,123,134,134,134,114,134,0.000%,.04141,0.02,0.01
GET /api/items/220,4,113,106,135,135,135,80,135,0.000%,.04064,0.02,0.01
GET /api/items/897,2,123,97,150,150,150,97,150,0.000%,.02165,0.01,0.00
GET /api/items/109,4,131,136,148,148,148,97,148,0.000%,.04716,0.02,0.01
PUT /api/items/764,3,138,142,156,156,156,117,156,0.000%,.04915,0.02,0.01
PUT /api/items/849,2,126,120,132,132,132,120,132,0.000%,.05398,0.02,0.02
GET /api/items/986,4,143,117,182,182,182,109,182,0.000%,.07191,0.03,0.01
GET /api/items/608,2,128,125,131,131,131,125,131,0.000%,.02730,0.01,0.00
GET /api/items/627,1,116,116,116,116,116,116,116,0.000%,8.62069,3.75,1.57
PUT /api/items/895,3,135,122,163,163,163,122,163,0.000%,.03811,0.02,0.01
GET /api/items/578,4,131,124,153,153,153,121,153,0.000%,.04344,0.02,0.01
PUT /api/items/221,2,123,108,139,139,139,108,139,0.000%,.08739,0.04,0.03
GET /api/items/140,1,105,105,105,105,105,105,105,0.000%,9.52381,4.15,1.74
GET /api/items/924,1,102,102,102,102,102,102,102,0.000%,9.80392,4.27,1.79
GET /api/items/217,5,127,135,136,136,136,101,136,0.000%,.08875,0.04,0.02
PUT /api/items/824,2,112,100,124,124,124,100,124,0.000%,.09519,0.04,0.03
GET /api/items/480,4,131,131,142,142,142,114,142,0.000%,.07085,0.03,0.01
PUT /api/items/712,2,124,103,145,145,145,103,145,0.000%,.12657,0.06,0.04
GET /api/items/470,5,127,133,134,157,157,103,157,0.000%,.05341,0.02,0.01
GET /api/items/957,4,137,128,164,164,164,120,164,0.000%,.04994,0.02,0.01
GET /api/items/562,5,133,134,145,147,147,109,147,0.000%,.05900,0.03,0.01
GET /api/items/715,3,129,141,141,141,141,107,141,0.000%,.04298,0.02,0.01
GET /api/items/369,2,149,113,186,186,186,113,186,0.000%,.02513,0.01,0.00
PUT /api/items/580,3,132,124,150,150,150,123,150,0.000%,.03629,0.02,0.01
GET /api/items/545,3,139,147,148,148,148,124,148,0.000%,.05250,0.02,0.01
PUT /api/items/165,3,133,135,149,149,149,115,149,0.000%,.03870,0.02,0.01
GET /api/items/065,2,129,123,135,135,135,123,135,0.000%,.02759,0.01,0.01
PUT /api/items/136,2,129,125,134,134,134,125,134,0.000%,.19135,0.08,0.05
GET /api/items/577,3,135,132,161,161,161,112,161,0.000%,.04790,0.02,0.01
PUT /api/items/230,4,143,131,173,173,173,122,173,0.000%,.07320,0.03,0.02
GET /api/items/758,1,125,125,125,125,125,125,125,0.000%,8.00000,3.48,1.46
GET /api/items/214,4,134,134,153,153,153,114,153,0.000%,.05265,0.02,0.01
PUT /api/items/016,1,118,118,118,118,118,118,118,0.000%,8.47458,3.68,2.43
PUT /api/items/725,1,102,102,102,102,102,102,102,0.000%,9.80392,4.27,2.81
GET /api/items/469,5,126,119,139,159,159,104,159,0.000%,.05296,0.02,0.01
PUT /api/items/578,3,131,124,150,150,150,119,150,0.000%,.05698,0.02,0.02
GET /api/items/540,3,145,149,165,165,165,122,165,0.000%,.04650,0.02,0.01
GET /api/items/461,2,130,114,147,147,147,114,147,0.000%,.09739,0.04,0.02
GET /api/items/593,2,115,98,133,133,133,98,133,0.000%,.02972,0.01,0.01
PUT /api/items/968,3,127,134,150,150,150,99,150,0.000%,.06901,0.03,0.02
PUT /api/items/785,2,125,109,142,142,142,109,142,0.000%,.06380,0.03,0.02
GET /api/items/177,2,111,109,114,114,114,109,114,0.000%,.10650,0.05,0.02
GET /api/items/677,6,132,126,147,164,164,98,164,0.000%,.07138,0.03,0.01
PUT /api/items/134,1,102,102,102,102,102,102,102,0.000%,9.80392,4.27,2.81
PUT /api/items/421,3,129,139,144,144,144,104,144,0.000%,.03614,0.02,0.01
GET /api/items/280,2,137,123,151,151,151,123,151,0.000%,.02418,0.01,0.00
GET /api/items/731,4,130,134,147,147,147,103,147,0.000%,.04342,0.02,0.01
PUT /api/items/259,2,133,131,135,135,135,131,135,0.000%,.04033,0.02,0.01
GET /api/items/757,3,129,130,135,135,135,122,135,0.000%,.04196,0.02,0.01
GET /api/items/276,3,114,119,119,119,119,105,119,0.000%,.03277,0.01,0.01
PUT /api/items/429,2,112,97,128,128,128,97,128,0.000%,.03905,0.02,0.01
PUT /api/items/185,4,131,127,156,156,156,96,156,0.000%,.05626,0.02,0.02
PUT /api/items/446,3,120,125,128,128,128,107,128,0.000%,.31827,0.14,0.09
GET /api/items/440,1,124,124,124,124,124,124,124,0.000%,8.06452,3.51,1.47
GET /api/items/695,1,101,101,101,101,101,101,101,0.000%,9.90099,4.31,1.81
GET /api/items/380,3,121,125,132,132,132,107,132,0.000%,.05197,0.02,0.01
GET /api/items/723,4,122,114,135,135,135,113,135,0.000%,.10873,0.05,0.02
PUT /api/items/779,1,124,124,124,124,124,124,124,0.000%,8.06452,3.51,2.32
GET /api/items/063,2,116,113,119,119,119,113,119,0.000%,.05478,0.02,0.01
PUT /api/items/414,3,131,140,141,141,141,112,141,0.000%,.04090,0.02,0.01
PUT /api/items/019,1,107,107,107,107,107,107,107,0.000%,9.34579,4.06,2.68
GET /api/items/531,5,138,138,144,150,150,124,150,0.000%,.05742,0.02,0.01
GET /api/items/307,3,137,140,148,148,148,124,148,0.000%,.06009,0.03,0.01
GET /api/items/666,1,110,110,110,110,110,110,110,0.000%,9.09091,3.96,1.66
PUT /api/items/718,3,107,106,122,122,122,93,122,0.000%,.03133,0.01,0.01
GET /api/items/457,6,135,137,144,150,150,119,150,0.000%,.08318,0.04,0.02
PUT /api/items/709,4,123,118,132,132,132,115,132,0.000%,.05787,0.03,0.02
GET /api/items/166,6,135,131,144,153,153,118,153,0.000%,.07175,0.03,0.01
GET /api/items/257,4,125,123,144,144,144,103,144,0.000%,.04416,0.02,0.01
GET /api/items/185,4,119,104,151,151,151,103,151,0.000%,.04222,0.02,0.01
GET /api/items/014,4,135,115,174,174,174,114,174,0.000%,.07518,0.03,0.01
PUT /api/items/913,1,114,114,114,114,114,114,114,0.000%,8.77193,3.82,2.52
PUT /api/items/959,1,124,124,124,124,124,124,124,0.000%,8.06452,3.51,2.32
PUT /api/items/769,2,146,126,166,166,166,126,166,0.000%,.02431,0.01,0.01
GET /api/items/124,3,135,135,143,143,143,128,143,0.000%,.03630,0.02,0.01
GET /api/items/050,3,144,140,161,161,161,132,161,0.000%,.03820,0.02,0.01
PUT /api/items/698,3,130,138,147,147,147,106,147,0.000%,.04535,0.02,0.01
PUT /api/items/327,3,133,137,142,142,142,122,142,0.000%,.04469,0.02,0.01
PUT /api/items/357,2,114,100,129,129,129,100,129,0.000%,.04391,0.02,0.01
GET /api/items/359,1,104,104,104,104,104,104,104,0.000%,9.61538,4.19,1.76
GET /api/items/532,4,125,124,139,139,139,107,139,0.000%,.09389,0.04,0.02
GET /api/items/057,2,119,109,129,129,129,109,129,0.000%,.27067,0.12,0.05
PUT /api/items/799,3,131,129,143,143,143,122,143,0.000%,.04521,0.02,0.01
PUT /api/items/596,2,121,111,132,132,132,111,132,0.000%,.02246,0.01,0.01
PUT /api/items/980,1,124,124,124,124,124,124,124,0.000%,8.06452,3.51,2.32
GET /api/items/424,2,116,116,116,116,116,116,116,0.000%,.02209,0.01,0.00
PUT /api/items/225,2,132,123,142,142,142,123,142,0.000%,.18025,0.08,0.05
GET /api/items/628,3,128,130,148,148,148,107,148,0.000%,.04781,0.02,0.01
PUT /api/items/466,1,107,107,107,107,107,107,107,0.000%,9.34579,4.07,2.68
PUT /api/items/079,2,135,134,137,137,137,134,137,0.000%,.06984,0.03,0.02
GET /api/items/106,6,136,123,155,155,155,113,155,0.000%,.07542,0.03,0.01
GET /api/items/041,2,129,106,152,152,152,106,152,0.000%,.02367,0.01,0.00
GET /api/items/907,1,113,113,113,113,113,113,113,0.000%,8.84956,3.85,1.62
GET /api/items/160,3,125,122,131,131,131,122,131,0.000%,.21022,0.09,0.04
PUT /api/items/963,2,120,119,122,122,122,119,122,0.000%,.15449,0.07,0.04
PUT /api/items/047,2,124,101,147,147,147,101,147,0.000%,.02920,0.01,0.01
GET /api/items/492,1,116,116,116,116,116,116,116,0.000%,8.62069,3.75,1.57
GET /api/items/467,1,124,124,124,124,124,124,124,0.000%,8.06452,3.51,1.47
GET /api/items/095,3,130,140,149,149,149,102,149,0.000%,.03402,0.01,0.01
PUT /api/items/540,3,128,134,139,139,139,113,139,0.000%,.03726,0.02,0.01
GET /api/items/782,2,124,122,127,127,127,122,127,0.000%,.04672,0.02,0.01
PUT /api/items/727,1,122,122,122,122,122,122,122,0.000%,8.19672,3.57,2.35
GET /api/items/265,1,123,123,123,123,123,123,123,0.000%,8.13008,3.54,1.48
GET /api/items/574,1,105,105,105,105,105,105,105,0.000%,9.52381,4.15,1.74
PUT /api/items/904,4,139,124,158,158,158,120,158,0.000%,.07685,0.03,0.02
PUT /api/items/374,2,122,115,130,130,130,115,130,0.000%,.07283,0.03,0.02
GET /api/items/847,3,128,123,142,142,142,121,142,0.000%,.14989,0.07,0.03
GET /api/items/335,3,128,126,134,134,134,125,134,0.000%,.05410,0.02,0.01
GET /api/items/399,1,120,120,120,120,120,120,120,0.000%,8.33333,3.63,1.52
PUT /api/items/879,2,111,107,116,116,116,107,116,0.000%,.02152,0.01,0.01
GET /api/items/077,3,137,138,153,153,153,121,153,0.000%,.03804,0.02,0.01
PUT /api/items/567,2,132,126,138,138,138,126,138,0.000%,.03563,0.02,0.01
GET /api/items/090,2,123,116,131,131,131,116,131,0.000%,.38865,0.17,0.07
GET /api/items/653,2,132,126,139,139,139,126,139,0.000%,.38175,0.17,0.07
GET /api/items/616,2,96,86,106,106,106,86,106,0.000%,.02141,0.01,0.00
PUT /api/items/994,3,144,143,164,164,164,125,164,0.000%,.03349,0.01,0.01
PUT /api/items/024,2,116,112,121,121,121,112,121,0.000%,.05849,0.03,0.02
PUT /api/items/172,5,142,141,142,161,161,126,161,0.000%,.05905,0.03,0.02
GET /api/items/537,5,130,132,138,145,145,108,145,0.000%,.05846,0.03,0.01
GET /api/items/152,1,123,123,123,123,123,123,123,0.000%,8.13008,3.54,1.48
PUT /api/items/880,4,129,127,138,138,138,125,138,0.000%,.07153,0.03,0.02
PUT /api/items/068,1,126,126,126,126,126,126,126,0.000%,7.93651,3.45,2.28
PUT /api/items/555,1,111,111,111,111,111,111,111,0.000%,9.00901,3.92,2.59
GET /api/items/589,2,123,116,130,130,130,116,130,0.000%,.03747,0.02,0.01
GET /api/items/995,2,129,125,133,133,133,125,133,0.000%,.07512,0.03,0.01
GET /api/items/190,2,120,120,120,120,120,120,120,0.000%,.08532,0.04,0.02
PUT /api/items/039,2,120,120,120,120,120,120,120,0.000%,.09874,0.04,0.03
PUT /api/items/714,1,118,118,118,118,118,118,118,0.000%,8.47458,3.69,2.43
GET /api/items/953,3,151,142,176,176,176,135,176,0.000%,.03877,0.02,0.01
PUT /api/items/484,4,133,138,140,140,140,115,140,0.000%,.06904,0.03,0.02
GET /api/items/987,2,131,116,146,146,146,116,146,0.000%,.02903,0.01,0.01
GET /api/items/191,2,132,127,138,138,138,127,138,0.000%,.06539,0.03,0.01
PUT /api/items/662,1,141,141,141,141,141,141,141,0.000%,7.09220,3.08,2.04
PUT /api/items/873,3,128,129,138,138,138,117,138,0.000%,.03341,0.01,0.01
PUT /api/items/223,2,143,139,147,147,147,139,147,0.000%,.02733,0.01,0.01
GET /api/items/839,2,138,136,141,141,141,136,141,0.000%,.03352,0.01,0.01
GET /api/items/904,3,145,155,157,157,157,123,157,0.000%,.04556,0.02,0.01
GET /api/items/838,1,139,139,139,139,139,139,139,0.000%,7.19424,3.13,1.31
PUT /api/items/265,1,139,139,139,139,139,139,139,0.000%,7.19424,3.13,2.07
PUT /api/items/708,2,139,114,164,164,164,114,164,0.000%,.03851,0.02,0.01
GET /api/items/706,3,118,117,125,125,125,113,125,0.000%,.07398,0.03,0.01
PUT /api/items/118,3,136,139,140,140,140,131,140,0.000%,.05191,0.02,0.01
GET /api/items/405,6,137,136,144,153,153,116,153,0.000%,.06718,0.03,0.01
GET /api/items/465,2,133,126,140,140,140,126,140,0.000%,.03642,0.02,0.01
GET /api/items/951,3,129,129,134,134,134,125,134,0.000%,.05551,0.02,0.01
PUT /api/items/829,2,145,139,151,151,151,139,151,0.000%,.11172,0.05,0.03
PUT /api/items/633,3,129,129,137,137,137,122,137,0.000%,.05109,0.02,0.01
PUT /api/items/530,4,127,115,143,143,143,115,143,0.000%,.05870,0.03,0.02
GET /api/items/012,3,126,122,135,135,135,121,135,0.000%,.07535,0.03,0.01
GET /api/items/208,6,135,134,141,142,142,129,142,0.000%,.08591,0.04,0.02
GET /api/items/481,1,129,129,129,129,129,129,129,0.000%,7.75194,3.38,1.42
PUT /api/items/090,4,131,129,150,150,150,110,150,0.000%,.04767,0.02,0.01
GET /api/items/164,1,112,112,112,112,112,112,112,0.000%,8.92857,3.89,1.63
PUT /api/items/866,3,126,120,146,146,146,112,146,0.000%,.08678,0.04,0.02
GET /api/items/293,5,136,132,152,158,158,119,158,0.000%,.06565,0.03,0.01
GET /api/items/246,2,135,119,151,151,151,119,151,0.000%,.02945,0.01,0.01
PUT /api/items/961,2,134,127,141,141,141,127,141,0.000%,.24594,0.11,0.07
GET /api/items/972,1,116,116,116,116,116,116,116,0.000%,8.62069,3.75,1.57
PUT /api/items/926,2,129,121,138,138,138,121,138,0.000%,.03164,0.01,0.01
GET /api/items/365,2,127,127,128,128,128,127,128,0.000%,.15089,0.07,0.03
PUT /api/items/898,2,117,113,121,121,121,113,121,0.000%,.18988,0.08,0.05
PUT /api/items/570,1,124,124,124,124,124,124,124,0.000%,8.06452,3.51,2.32
GET /api/items/092,5,127,130,135,139,139,113,139,0.000%,.08446,0.04,0.02
GET /api/items/610,4,140,133,151,151,151,130,151,0.000%,.04974,0.02,0.01
PUT /api/items/391,2,116,113,120,120,120,113,120,0.000%,.33473,0.15,0.10
PUT /api/items/001,1,118,118,118,118,118,118,118,0.000%,8.47458,3.67,2.43
PUT /api/items/899,7,135,137,142,163,163,111,163,0.000%,.07935,0.03,0.02
GET /api/items/202,2,131,128,134,134,134,128,134,0.000%,.04878,0.02,0.01
GET /api/items/522,2,137,124,151,151,151,124,151,0.000%,.12931,0.06,0.02
GET /api/items/558,2,135,116,155,155,155,116,155,0.000%,.02853,0.01,0.01
GET /api/items/069,2,125,108,142,142,142,108,142,0.000%,.04632,0.02,0.01
PUT /api/items/737,1,131,131,131,131,131,131,131,0.000%,7.63359,3.32,2.19
PUT /api/items/149,1,124,124,124,124,124,124,124,0.000%,8.06452,3.51,2.32
GET /api/items/495,1,120,120,120,120,120,120,120,0.000%,8.33333,3.63,1.52
GET /api/items/224,4,146,145,168,168,168,125,168,0.000%,.04734,0.02,0.01
GET /api/items/550,1,108,108,108,108,108,108,108,0.000%,9.25926,4.03,1.69
GET /api/items/848,1,121,121,121,121,121,121,121,0.000%,8.26446,3.60,1.51
PUT /api/items/110,2,144,134,154,154,154,134,154,0.000%,.02711,0.01,0.01
PUT /api/items/126,1,119,119,119,119,119,119,119,0.000%,8.40336,3.66,2.41
PUT /api/items/083,3,147,141,163,163,163,139,163,0.000%,.03925,0.02,0.01
GET /api/items/442,1,123,123,123,123,123,123,123,0.000%,8.13008,3.54,1.48
GET /api/items/643,1,124,124,124,124,124,124,124,0.000%,8.06452,3.51,1.47
GET /api/items/698,1,124,124,124,124,124,124,124,0.000%,8.06452,3.51,1.47
PUT /api/items/293,2,129,104,154,154,154,104,154,0.000%,.04072,0.02,0.01
GET /api/items/510,2,136,107,166,166,166,107,166,0.000%,.03958,0.02,0.01
PUT /api/items/423,1,125,125,125,125,125,125,125,0.000%,8.00000,3.48,2.30
PUT /api/items/085,2,131,116,147,147,147,116,147,0.000%,.11794,0.05,0.03
GET /api/items/456,2,134,124,144,144,144,124,144,0.000%,.02531,0.01,0.00
GET /api/items/258,2,127,112,142,142,142,112,142,0.000%,.02384,0.01,0.00
GET /api/items/668,1,123,123,123,123,123,123,123,0.000%,8.13008,3.54,1.48
PUT /api/items/026,1,126,126,126,126,126,126,126,0.000%,7.93651,3.45,2.28
GET /api/items/415,1,127,127,127,127,127,127,127,0.000%,7.87402,3.43,1.44
PUT /api/items/759,3,127,127,176,176,176,79,176,0.000%,.03251,0.01,0.01
PUT /api/items/124,1,111,111,111,111,111,111,111,0.000%,9.00901,3.92,2.59
GET /api/items/890,4,140,132,169,169,169,123,169,0.000%,.05504,0.02,0.01
GET /api/items/993,3,128,125,155,155,155,106,155,0.000%,.04566,0.02,0.01
GET /api/items/565,4,132,122,171,171,171,106,171,0.000%,.04980,0.02,0.01
GET /api/items/968,1,113,113,113,113,113,113,113,0.000%,8.84956,3.85,1.62
PUT /api/items/924,3,139,138,153,153,153,126,153,0.000%,.03862,0.02,0.01
PUT /api/items/064,1,125,125,125,125,125,125,125,0.000%,8.00000,3.48,2.30
PUT /api/items/502,3,135,133,152,152,152,122,152,0.000%,.06201,0.03,0.02
GET /api/items/134,4,121,119,133,133,133,114,133,0.000%,.04845,0.02,0.01
GET /api/items/927,5,126,125,128,138,138,119,138,0.000%,.05720,0.02,0.01
GET /api/items/368,2,125,120,131,131,131,120,131,0.000%,.16044,0.07,0.03
GET /api/items/196,5,135,141,142,143,143,121,143,0.000%,.06477,0.03,0.01
PUT /api/items/312,1,124,124,124,124,124,124,124,0.000%,8.06452,3.51,2.32
GET /api/items/016,2,130,120,140,140,140,120,140,0.000%,.02388,0.01,0.00
GET /api/items/420,2,126,125,128,128,128,125,128,0.000%,.21666,0.09,0.04
GET /api/items/509,3,152,154,178,178,178,124,178,0.000%,.04987,0.02,0.01
GET /api/items/104,5,139,131,136,181,181,124,181,0.000%,.06242,0.03,0.01
PUT /api/items/273,1,126,126,126,126,126,126,126,0.000%,7.93651,3.46,2.28
PUT /api/items/796,1,112,112,112,112,112,112,112,0.000%,8.92857,3.89,2.56
GET /api/items/337,2,143,136,151,151,151,136,151,0.000%,.02425,0.01,0.00
PUT /api/items/491,3,139,137,153,153,153,128,153,0.000%,.05090,0.02,0.01
GET /api/items/811,5,131,129,138,141,141,120,141,0.000%,.08469,0.04,0.02
PUT /api/items/905,3,115,113,126,126,126,106,126,0.000%,.25340,0.11,0.07
GET /api/items/625,2,112,107,118,118,118,107,118,0.000%,.15265,0.07,0.03
GET /api/items/988,1,113,113,113,113,113,113,113,0.000%,8.84956,3.85,1.62
PUT /api/items/745,3,131,127,149,149,149,119,149,0.000%,.03962,0.02,0.01
GET /api/items/814,2,130,113,147,147,147,113,147,0.000%,.02750,0.01,0.01
GET /api/items/914,1,121,121,121,121,121,121,121,0.000%,8.26446,3.60,1.51
PUT /api/items/091,6,138,134,156,156,156,123,156,0.000%,.07230,0.03,0.02
PUT /api/items/791,3,106,113,124,124,124,81,124,0.000%,.03216,0.01,0.01
GET /api/items/081,3,124,126,136,136,136,112,136,0.000%,.03965,0.02,0.01
GET /api/items/383,3,132,125,153,153,153,119,153,0.000%,.03818,0.02,0.01
GET /api/items/315,2,146,137,155,155,155,137,155,0.000%,.02697,0.01,0.00
PUT /api/items/960,1,116,116,116,116,116,116,116,0.000%,8.62069,3.75,2.48
GET /api/items/948,3,131,134,154,154,154,107,154,0.000%,.03723,0.02,0.01
PUT /api/items/850,3,124,124,140,140,140,108,140,0.000%,.03630,0.02,0.01
PUT /api/items/279,4,129,123,142,142,142,111,142,0.000%,.05011,0.02,0.01
GET /api/items/560,4,137,132,154,154,154,117,154,0.000%,.04696,0.02,0.01
GET /api/items/955,6,126,125,135,137,137,107,137,0.000%,.09098,0.04,0.02
GET /api/items/759,4,133,125,142,142,142,123,142,0.000%,.08180,0.04,0.01
GET /api/items/138,2,120,108,133,133,133,108,133,0.000%,.06950,0.03,0.01
PUT /api/items/137,2,137,125,149,149,149,125,149,0.000%,.02477,0.01,0.01
PUT /api/items/480,1,137,137,137,137,137,137,137,0.000%,7.29927,3.18,2.10
PUT /api/items/572,4,134,136,142,142,142,124,142,0.000%,.04641,0.02,0.01
GET /api/items/755,1,107,107,107,107,107,107,107,0.000%,9.34579,4.07,1.71
GET /api/items/970,2,127,121,134,134,134,121,134,0.000%,.11201,0.05,0.02
PUT /api/items/586,4,142,134,176,176,176,110,176,0.000%,.05698,0.02,0.02
GET /api/items/271,2,122,111,133,133,133,111,133,0.000%,.02654,0.01,0.00
GET /api/items/464,4,127,122,137,137,137,114,137,0.000%,.07536,0.03,0.01
PUT /api/items/757,4,134,138,141,141,141,118,141,0.000%,.04814,0.02,0.01
GET /api/items/882,1,129,129,129,129,129,129,129,0.000%,7.75194,3.38,1.42
GET /api/items/040,2,125,124,127,127,127,124,127,0.000%,.11341,0.05,0.02
GET /api/items/525,3,134,128,148,148,148,127,148,0.000%,.04542,0.02,0.01
PUT /api/items/549,1,117,117,117,117,117,117,117,0.000%,8.54701,3.72,2.45
PUT /api/items/291,3,136,135,156,156,156,119,156,0.000%,.05301,0.02,0.02
PUT /api/items/606,1,141,141,141,141,141,141,141,0.000%,7.09220,3.08,2.04
GET /api/items/194,1,126,126,126,126,126,126,126,0.000%,7.93651,3.46,1.45
PUT /api/items/754,3,134,120,169,169,169,114,169,0.000%,.06382,0.03,0.02
GET /api/items/689,2,129,125,133,133,133,125,133,0.000%,.08827,0.04,0.02
PUT /api/items/455,1,120,120,120,120,120,120,120,0.000%,8.33333,3.63,2.39
PUT /api/items/195,1,119,119,119,119,119,119,119,0.000%,8.40336,3.66,2.41
GET /api/items/699,2,133,116,151,151,151,116,151,0.000%,.05953,0.03,0.01
PUT /api/items/139,2,129,121,138,138,138,121,138,0.000%,.78339,0.34,0.22
GET /api/items/195,3,137,147,150,150,150,116,150,0.000%,.06997,0.03,0.01
PUT /api/items/054,1,114,114,114,114,114,114,114,0.000%,8.77193,3.81,2.52
GET /api/items/338,2,133,121,145,145,145,121,145,0.000%,.02498,0.01,0.00
GET /api/items/052,3,132,121,159,159,159,116,159,0.000%,.03840,0.02,0.01
GET /api/items/462,2,140,137,144,144,144,137,144,0.000%,.03858,0.02,0.01
GET /api/items/710,3,124,124,130,130,130,119,130,0.000%,.04748,0.02,0.01
PUT /api/items/835,3,135,143,144,144,144,119,144,0.000%,.05445,0.02,0.02
PUT /api/items/192,1,142,142,142,142,142,142,142,0.000%,7.04225,2.82,2.02
GET /api/items/929,1,116,116,116,116,116,116,116,0.000%,8.62069,3.75,1.57
GET /api/items/238,2,109,97,121,121,121,97,121,0.000%,.02239,0.01,0.00
GET /api/items/426,2,130,117,144,144,144,117,144,0.000%,.04230,0.02,0.01
PUT /api/items/568,3,132,135,140,140,140,121,140,0.000%,.13913,0.06,0.04
PUT /api/items/906,1,128,128,128,128,128,128,128,0.000%,7.81250,3.40,2.24
GET /api/items/935,1,118,118,118,118,118,118,118,0.000%,8.47458,3.69,1.55
GET /api/items/996,3,132,137,144,144,144,117,144,0.000%,.06299,0.03,0.01
PUT /api/items/844,1,140,140,140,140,140,140,140,0.000%,7.14286,3.11,2.05
GET /api/items/658,5,135,126,130,175,175,120,175,0.000%,.06528,0.03,0.01
GET /api/items/920,2,147,125,169,169,169,125,169,0.000%,.03833,0.02,0.01
PUT /api/items/848,4,144,136,175,175,175,128,175,0.000%,.05167,0.02,0.01
PUT /api/items/485,1,140,140,140,140,140,140,140,0.000%,7.14286,3.11,2.05
PUT /api/items/402,3,127,125,143,143,143,113,143,0.000%,.09750,0.04,0.03
GET /api/items/118,4,128,124,150,150,150,113,150,0.000%,.07808,0.03,0.01
GET /api/items/855,3,132,125,151,151,151,122,151,0.000%,.05888,0.03,0.01
PUT /api/items/813,1,135,135,135,135,135,135,135,0.000%,7.40741,3.22,2.13
GET /api/items/157,4,129,134,142,142,142,106,142,0.000%,.04583,0.02,0.01
PUT /api/items/917,4,134,132,142,142,142,122,142,0.000%,.07779,0.03,0.02
PUT /api/items/659,3,128,129,132,132,132,125,132,0.000%,.09093,0.04,0.03
GET /api/items/291,3,129,151,151,151,151,86,151,0.000%,.03408,0.01,0.01
GET /api/items/547,3,136,141,149,149,149,120,149,0.000%,.08104,0.04,0.01
PUT /api/items/678,3,125,121,136,136,136,118,136,0.000%,.04485,0.02,0.01
PUT /api/items/417,3,138,131,154,154,154,131,154,0.000%,.04343,0.02,0.01
GET /api/items/749,2,135,129,141,141,141,129,141,0.000%,.06210,0.03,0.01
GET /api/items/351,3,140,139,147,147,147,136,147,0.000%,.06560,0.03,0.01
PUT /api/items/748,3,133,128,152,152,152,119,152,0.000%,.04813,0.02,0.01
GET /api/items/417,2,126,121,132,132,132,121,132,0.000%,.10036,0.04,0.02
GET /api/items/043,2,128,128,128,128,128,128,128,0.000%,.03365,0.01,0.01
PUT /api/items/078,1,124,124,124,124,124,124,124,0.000%,8.06452,3.50,2.32
PUT /api/items/297,2,147,136,158,158,158,136,158,0.000%,.02716,0.01,0.01
GET /api/items/349,3,134,127,154,154,154,123,154,0.000%,.03672,0.02,0.01
GET /api/items/239,4,144,137,160,160,160,133,160,0.000%,.04950,0.02,0.01
GET /api/items/025,1,126,126,126,126,126,126,126,0.000%,7.93651,3.44,1.45
PUT /api/items/227,1,130,130,130,130,130,130,130,0.000%,7.69231,3.35,2.21
PUT /api/items/981,3,126,123,136,136,136,120,136,0.000%,.05595,0.02,0.02
GET /api/items/054,4,136,131,145,145,145,130,145,0.000%,.07322,0.03,0.01
GET /api/items/353,3,138,139,142,142,142,133,142,0.000%,.05286,0.02,0.01
PUT /api/items/871,3,125,119,143,143,143,113,143,0.000%,.05996,0.03,0.02
GET /api/items/539,3,130,135,139,139,139,116,139,0.000%,.38971,0.17,0.07
GET /api/items/182,4,133,131,163,163,163,107,163,0.000%,.05284,0.02,0.01
PUT /api/items/702,4,132,134,157,157,157,101,157,0.000%,.04592,0.02,0.01
GET /api/items/006,4,125,126,136,136,136,109,136,0.000%,.04668,0.02,0.01
PUT /api/items/615,3,132,134,144,144,144,118,144,0.000%,.03695,0.02,0.01
PUT /api/items/202,3,134,129,155,155,155,120,155,0.000%,.03992,0.02,0.01
GET /api/items/500,5,132,134,141,159,159,107,159,0.000%,.05900,0.03,0.01
GET /api/items/984,4,144,141,167,167,167,119,167,0.000%,.05920,0.03,0.01
GET /api/items/127,2,129,120,139,139,139,120,139,0.000%,.05330,0.02,0.01
PUT /api/items/246,1,113,113,113,113,113,113,113,0.000%,8.84956,3.85,2.54
PUT /api/items/113,3,136,143,149,149,149,118,149,0.000%,.03856,0.02,0.01
GET /api/items/358,1,117,117,117,117,117,117,117,0.000%,8.54701,3.72,1.56
PUT /api/items/314,2,130,128,133,133,133,128,133,0.000%,.07033,0.03,0.02
GET /api/items/898,3,133,137,148,148,148,115,148,0.000%,.04716,0.02,0.01
GET /api/items/183,2,138,137,139,139,139,137,139,0.000%,.07224,0.03,0.01
PUT /api/items/827,4,133,131,143,143,143,127,143,0.000%,.05544,0.02,0.02
GET /api/items/784,3,123,123,129,129,129,119,129,0.000%,.10881,0.05,0.02
GET /api/items/956,3,131,138,139,139,139,118,139,0.000%,.03645,0.02,0.01
GET /api/items/961,1,133,133,133,133,133,133,133,0.000%,7.51880,3.27,1.37
PUT /api/items/765,1,130,130,130,130,130,130,130,0.000%,7.69231,3.35,2.21
PUT /api/items/468,2,125,124,127,127,127,124,127,0.000%,.04778,0.02,0.01
GET /api/items/692,2,113,90,137,137,137,90,137,0.000%,.02346,0.01,0.00
GET /api/items/717,4,128,126,137,137,137,114,137,0.000%,.09630,0.04,0.02
GET /api/items/888,3,151,147,185,185,185,123,185,0.000%,.05255,0.02,0.01
PUT /api/items/522,2,118,117,120,120,120,117,120,0.000%,.02424,0.01,0.01
PUT /api/items/194,3,136,127,157,157,157,125,157,0.000%,.06512,0.03,0.02
PUT /api/items/744,3,131,131,138,138,138,125,138,0.000%,.03699,0.02,0.01
GET /api/items/676,1,132,132,132,132,132,132,132,0.000%,7.57576,3.30,1.38
GET /api/items/852,2,127,122,132,132,132,122,132,0.000%,.02451,0.01,0.00
PUT /api/items/349,3,136,135,150,150,150,125,150,0.000%,.03715,0.02,0.01
PUT /api/items/706,3,144,134,180,180,180,119,180,0.000%,.06870,0.03,0.02
PUT /api/items/557,4,133,123,147,147,147,120,147,0.000%,.10453,0.05,0.03
GET /api/items/071,4,127,118,141,141,141,117,141,0.000%,.04897,0.02,0.01
GET /api/items/820,1,142,142,142,142,142,142,142,0.000%,7.04225,3.07,1.29
GET /api/items/103,4,138,139,149,149,149,126,149,0.000%,.05031,0.02,0.01
GET /api/items/046,2,137,117,158,158,158,117,158,0.000%,.02936,0.01,0.01
PUT /api/items/693,2,144,138,150,150,150,138,150,0.000%,.04038,0.02,0.01
PUT /api/items/318,3,133,133,144,144,144,124,144,0.000%,.04853,0.02,0.01
GET /api/items/873,3,135,140,142,142,142,123,142,0.000%,.04923,0.02,0.01
PUT /api/items/379,3,135,138,144,144,144,124,144,0.000%,.05463,0.02,0.02
PUT /api/items/418,1,137,137,137,137,137,137,137,0.000%,7.29927,3.18,2.10
PUT /api/items/607,3,141,143,155,155,155,126,155,0.000%,.03809,0.02,0.01
GET /api/items/264,3,136,134,150,150,150,125,150,0.000%,.03687,0.02,0.01
PUT /api/items/817,1,128,128,128,128,128,128,128,0.000%,7.81250,3.40,2.24
GET /api/items/887,3,143,145,152,152,152,133,152,0.000%,.05029,0.02,0.01
PUT /api/items/767,1,130,130,130,130,130,130,130,0.000%,7.69231,3.35,2.21
GET /api/items/361,1,131,131,131,131,131,131,131,0.000%,7.63359,3.32,1.39
GET /api/items/477,2,150,130,170,170,170,130,170,0.000%,.02671,0.01,0.00
GET /api/items/449,2,147,144,151,151,151,144,151,0.000%,.02661,0.01,0.00
GET /api/items/822,4,119,120,121,121,121,118,121,0.000%,.15371,0.07,0.03
PUT /api/items/103,5,143,144,149,156,156,131,156,0.000%,.07150,0.03,0.02
PUT /api/items/458,1,121,121,121,121,121,121,121,0.000%,8.26446,3.60,2.37
PUT /api/items/939,2,137,121,153,153,153,121,153,0.000%,.11030,0.05,0.03
GET /api/items/944,2,133,131,136,136,136,131,136,0.000%,1.43885,0.63,0.26
GET /api/items/638,4,125,123,134,134,134,122,134,0.000%,.06355,0.03,0.01
GET /api/items/732,4,147,132,166,166,166,130,166,0.000%,.05654,0.02,0.01
PUT /api/items/660,2,137,129,146,146,146,129,146,0.000%,.03385,0.01,0.01
GET /api/items/272,5,137,138,142,154,154,126,154,0.000%,.09664,0.04,0.02
PUT /api/items/063,1,133,133,133,133,133,133,133,0.000%,7.51880,3.27,2.16
GET /api/items/013,2,123,123,123,123,123,123,123,0.000%,.19831,0.09,0.04
PUT /api/items/627,3,140,139,161,161,161,121,161,0.000%,.04674,0.02,0.01
GET /api/items/391,4,129,124,138,138,138,119,138,0.000%,.07820,0.03,0.01
PUT /api/items/386,4,130,126,141,141,141,124,141,0.000%,.06254,0.03,0.02
GET /api/items/663,3,133,128,154,154,154,118,154,0.000%,.09611,0.04,0.02
PUT /api/items/840,4,133,123,175,175,175,113,175,0.000%,.04852,0.02,0.01
PUT /api/items/445,3,127,125,134,134,134,124,134,0.000%,.04472,0.02,0.01
GET /api/items/994,4,130,119,145,145,145,116,145,0.000%,.05777,0.03,0.01
GET /api/items/348,1,125,125,125,125,125,125,125,0.000%,8.00000,3.48,1.46
GET /api/items/973,5,135,136,140,148,148,125,148,0.000%,.06334,0.03,0.01
GET /api/items/250,1,138,138,138,138,138,138,138,0.000%,7.24638,3.16,1.32
PUT /api/items/987,2,147,146,148,148,148,146,148,0.000%,.02609,0.01,0.01
GET /api/items/507,1,122,122,122,122,122,122,122,0.000%,8.19672,3.57,1.50
GET /api/items/085,3,146,146,150,150,150,144,150,0.000%,.10216,0.04,0.02
PUT /api/items/268,3,131,130,138,138,138,126,138,0.000%,.06380,0.03,0.02
GET /api/items/655,3,135,133,150,150,150,124,150,0.000%,.04184,0.02,0.01
PUT /api/items/701,2,130,130,131,131,131,130,131,0.000%,.03329,0.01,0.01
PUT /api/items/381,3,130,131,132,132,132,128,132,0.000%,.05420,0.02,0.02
GET /api/items/321,4,137,128,156,156,156,128,156,0.000%,.05093,0.02,0.01
GET /api/items/411,1,128,128,128,128,128,128,128,0.000%,7.81250,3.40,1.43
GET /api/items/966,2,139,128,151,151,151,128,151,0.000%,.10328,0.04,0.02
PUT /api/items/207,1,120,120,120,120,120,120,120,0.000%,8.33333,3.63,2.39
GET /api/items/792,3,129,128,133,133,133,126,133,0.000%,.05376,0.02,0.01
GET /api/items/288,3,148,150,169,169,169,125,169,0.000%,.04547,0.02,0.01
PUT /api/items/575,3,128,131,132,132,132,121,132,0.000%,.07713,0.03,0.02
PUT /api/items/269,3,142,146,156,156,156,126,156,0.000%,.08396,0.04,0.02
GET /api/items/317,1,113,113,113,113,113,113,113,0.000%,8.84956,3.85,1.62
GET /api/items/490,2,134,133,135,135,135,133,135,0.000%,.07491,0.03,0.01
PUT /api/items/657,4,135,125,164,164,164,120,164,0.000%,.06228,0.03,0.02
GET /api/items/047,2,126,122,131,131,131,122,131,0.000%,.04047,0.02,0.01
PUT /api/items/538,3,128,130,132,132,132,123,132,0.000%,.05067,0.02,0.01
GET /api/items/815,3,128,125,145,145,145,116,145,0.000%,.04729,0.02,0.01
GET /api/items/298,1,115,115,115,115,115,115,115,0.000%,8.69565,3.79,1.59
GET /api/items/320,1,126,126,126,126,126,126,126,0.000%,7.93651,3.46,1.45
PUT /api/items/105,2,127,115,140,140,140,115,140,0.000%,.28535,0.12,0.08
GET /api/items/488,2,130,129,131,131,131,129,131,0.000%,.05922,0.03,0.01
PUT /api/items/652,1,116,116,116,116,116,116,116,0.000%,8.62069,3.75,2.48
GET /api/items/428,2,122,115,130,130,130,115,130,0.000%,.13061,0.06,0.02
GET /api/items/363,3,148,140,172,172,172,132,172,0.000%,.04924,0.02,0.01
GET /api/items/360,6,142,137,149,164,164,131,164,0.000%,.12019,0.05,0.02
PUT /api/items/527,4,130,130,139,139,139,124,139,0.000%,.07268,0.03,0.02
PUT /api/items/224,2,122,112,133,133,133,112,133,0.000%,.02454,0.01,0.01
GET /api/items/518,3,129,127,138,138,138,122,138,0.000%,.09438,0.04,0.02
GET /api/items/667,2,131,124,139,139,139,124,139,0.000%,.02909,0.01,0.01
PUT /api/items/666,1,121,121,121,121,121,121,121,0.000%,8.26446,3.60,2.37
GET /api/items/398,2,140,139,141,141,141,139,141,0.000%,.15795,0.07,0.03
PUT /api/items/979,3,133,132,145,145,145,122,145,0.000%,.08660,0.04,0.02
GET /api/items/810,3,146,151,165,165,165,122,165,0.000%,.04821,0.02,0.01
GET /api/items/303,3,137,136,140,140,140,135,140,0.000%,.04280,0.02,0.01
GET /api/items/571,3,126,126,136,136,136,118,136,0.000%,.12633,0.06,0.02
PUT /api/items/023,1,115,115,115,115,115,115,115,0.000%,8.69565,3.78,2.50
PUT /api/items/251,1,133,133,133,133,133,133,133,0.000%,7.51880,3.27,2.16
PUT /api/items/214,2,140,129,151,151,151,129,151,0.000%,.09454,0.04,0.03
GET /api/items/548,4,139,128,160,160,160,124,160,0.000%,.06740,0.03,0.01
GET /api/items/211,3,120,121,126,126,126,115,126,0.000%,.15838,0.07,0.03
PUT /api/items/885,2,133,129,137,137,137,129,137,0.000%,.03865,0.02,0.01
PUT /api/items/373,2,146,128,164,164,164,128,164,0.000%,.03038,0.01,0.01
GET /api/items/605,2,141,137,145,145,145,137,145,0.000%,.03318,0.01,0.01
GET /api/items/750,5,133,134,139,148,148,116,148,0.000%,.06737,0.03,0.01
GET /api/items/163,3,139,131,166,166,166,121,166,0.000%,.07448,0.03,0.01
PUT /api/items/231,4,123,120,143,143,143,109,143,0.000%,.04976,0.02,0.01
PUT /api/items/095,3,127,126,131,131,131,124,131,0.000%,.03929,0.02,0.01
GET /api/items/035,4,148,145,166,166,166,130,166,0.000%,.05519,0.02,0.01
GET /api/items/455,2,135,131,139,139,139,131,139,0.000%,.03237,0.01,0.01
GET /api/items/534,3,136,135,141,141,141,134,141,0.000%,.03905,0.02,0.01
GET /api/items/241,4,133,136,143,143,143,120,143,0.000%,.07667,0.03,0.01
GET /api/items/247,3,145,144,167,167,167,126,167,0.000%,.04047,0.02,0.01
PUT /api/items/773,2,146,138,154,154,154,138,154,0.000%,.02818,0.01,0.01
GET /api/items/821,3,135,126,158,158,158,122,158,0.000%,.05436,0.02,0.01
GET /api/items/738,4,139,136,161,161,161,121,161,0.000%,.07537,0.03,0.01
GET /api/items/443,1,122,122,122,122,122,122,122,0.000%,8.19672,3.57,1.50
PUT /api/items/277,2,135,124,146,146,146,124,146,0.000%,.02987,0.01,0.01
GET /api/items/343,1,146,146,146,146,146,146,146,0.000%,6.84932,2.98,1.25
PUT /api/items/319,1,119,119,119,119,119,119,119,0.000%,8.40336,3.66,2.41
PUT /api/items/088,1,118,118,118,118,118,118,118,0.000%,8.47458,3.68,2.43
PUT /api/items/052,1,125,125,125,125,125,125,125,0.000%,8.00000,3.47,2.30
GET /api/items/826,2,138,132,145,145,145,132,145,0.000%,.06036,0.03,0.01
GET /api/items/544,1,146,146,146,146,146,146,146,0.000%,6.84932,2.98,1.25
PUT /api/items/523,2,125,124,127,127,127,124,127,0.000%,.37481,0.16,0.11
GET /api/items/872,4,126,129,136,136,136,107,136,0.000%,.04716,0.02,0.01
PUT /api/items/901,3,143,148,161,161,161,122,161,0.000%,.07776,0.03,0.02
PUT /api/items/061,3,142,137,159,159,159,131,159,0.000%,.04910,0.02,0.01
GET /api/items/975,5,144,146,149,165,165,131,165,0.000%,.07319,0.03,0.01
GET /api/items/233,2,128,121,136,136,136,121,136,0.000%,.03421,0.01,0.01
GET /api/items/775,1,135,135,135,135,135,135,135,0.000%,7.40741,3.23,1.35
PUT /api/items/169,1,123,123,123,123,123,123,123,0.000%,8.13008,3.55,2.33
GET /api/items/694,1,143,143,143,143,143,143,143,0.000%,6.99301,3.05,1.28
GET /api/items/444,5,121,126,128,143,143,90,143,0.000%,.06255,0.03,0.01
GET /api/items/813,6,139,144,147,150,150,118,150,0.000%,.08919,0.04,0.02
PUT /api/items/964,2,127,125,129,129,129,125,129,0.000%,1.75901,0.77,0.51
PUT /api/items/249,1,126,126,126,126,126,126,126,0.000%,7.93651,3.46,2.28
GET /api/items/637,2,135,135,136,136,136,135,136,0.000%,.07334,0.03,0.01
GET /api/items/371,3,143,142,152,152,152,135,152,0.000%,.04023,0.02,0.01
PUT /api/items/780,3,147,157,165,165,165,120,165,0.000%,.05409,0.02,0.02
PUT /api/items/962,5,132,133,134,141,141,127,141,0.000%,.06628,0.03,0.02
GET /api/items/312,2,121,105,138,138,138,105,138,0.000%,.02569,0.01,0.00
GET /api/items/557,1,132,132,132,132,132,132,132,0.000%,7.57576,3.30,1.38
PUT /api/items/298,5,133,141,150,164,164,80,164,0.000%,.06167,0.03,0.02
PUT /api/items/684,4,147,125,174,174,174,125,174,0.000%,.05904,0.03,0.02
GET /api/items/155,3,146,139,164,164,164,136,164,0.000%,.04932,0.02,0.01
PUT /api/items/584,2,136,123,149,149,149,123,149,0.000%,1.13058,0.49,0.32
GET /api/items/048,2,152,140,165,165,165,140,165,0.000%,.06230,0.03,0.01
PUT /api/items/635,3,146,135,184,184,184,120,184,0.000%,.04301,0.02,0.01
GET /api/items/754,2,125,117,134,134,134,117,134,0.000%,.06054,0.03,0.01
PUT /api/items/650,2,141,138,145,145,145,138,145,0.000%,.30428,0.13,0.09
GET /api/items/990,5,135,133,138,156,156,120,156,0.000%,.06895,0.03,0.01
PUT /api/items/410,4,129,138,141,141,141,98,141,0.000%,.05045,0.02,0.01
GET /api/items/892,6,137,141,150,151,151,105,151,0.000%,.07491,0.03,0.01
GET /api/items/877,2,140,128,152,152,152,128,152,0.000%,.03914,0.02,0.01
PUT /api/items/355,3,123,122,126,126,126,121,126,0.000%,.11288,0.05,0.03
PUT /api/items/520,2,120,120,120,120,120,120,120,0.000%,.02653,0.01,0.01
GET /api/items/727,2,131,127,135,135,135,127,135,0.000%,.10297,0.04,0.02
GET /api/items/261,1,124,124,124,124,124,124,124,0.000%,8.06452,3.51,1.47
PUT /api/items/084,2,142,132,152,152,152,132,152,0.000%,.03142,0.01,0.01
GET /api/items/513,1,143,143,143,143,143,143,143,0.000%,6.99301,3.05,1.28
GET /api/items/958,4,131,119,150,150,150,118,150,0.000%,.09656,0.04,0.02
GET /api/items/345,2,127,124,131,131,131,124,131,0.000%,.36765,0.16,0.07
GET /api/items/997,2,149,126,173,173,173,126,173,0.000%,.02919,0.01,0.01
PUT /api/items/823,1,145,145,145,145,145,145,145,0.000%,6.89655,3.00,1.98
PUT /api/items/783,2,139,123,155,155,155,123,155,0.000%,2.56739,1.12,0.74
GET /api/items/017,3,141,147,152,152,152,125,152,0.000%,.04519,0.02,0.01
PUT /api/items/816,1,128,128,128,128,128,128,128,0.000%,7.81250,3.40,2.24
PUT /api/items/853,3,141,143,154,154,154,127,154,0.000%,.05138,0.02,0.01
GET /api/items/212,1,142,142,142,142,142,142,142,0.000%,7.04225,3.07,1.29
PUT /api/items/599,1,153,153,153,153,153,153,153,0.000%,6.53595,2.85,1.88
PUT /api/items/171,4,130,131,140,140,140,117,140,0.000%,.07516,0.03,0.02
GET /api/items/615,3,139,137,148,148,148,133,148,0.000%,.05528,0.02,0.01
PUT /api/items/370,4,130,131,137,137,137,121,137,0.000%,.08471,0.04,0.02
GET /api/items/761,1,125,125,125,125,125,125,125,0.000%,8.00000,3.48,1.46
PUT /api/items/243,1,125,125,125,125,125,125,125,0.000%,8.00000,3.48,2.30
GET /api/items/736,3,142,124,181,181,181,121,181,0.000%,.04077,0.02,0.01
GET /api/items/382,1,134,134,134,134,134,134,134,0.000%,7.46269,3.25,1.36
GET /api/items/009,2,144,134,155,155,155,134,155,0.000%,.04261,0.02,0.01
PUT /api/items/430,2,145,139,152,152,152,139,152,0.000%,.57571,0.25,0.17
PUT /api/items/343,4,120,127,132,132,132,91,132,0.000%,.05009,0.02,0.01
GET /api/items/123,1,126,126,126,126,126,126,126,0.000%,7.93651,3.46,1.45
PUT /api/items/672,2,129,121,137,137,137,121,137,0.000%,.11889,0.05,0.03
GET /api/items/008,2,134,118,151,151,151,118,151,0.000%,.03003,0.01,0.01
PUT /api/items/233,2,135,125,146,146,146,125,146,0.000%,.03776,0.02,0.01
GET /api/items/296,3,130,127,143,143,143,121,143,0.000%,.07232,0.03,0.01
PUT /api/items/787,3,140,143,143,143,143,134,143,0.000%,.06443,0.03,0.02
GET /api/items/400,4,128,126,140,140,140,121,140,0.000%,.08058,0.04,0.01
GET /api/items/834,3,143,143,160,160,160,127,160,0.000%,.05391,0.02,0.01
GET /api/items/926,1,122,122,122,122,122,122,122,0.000%,8.19672,3.57,1.50
PUT /api/items/995,1,120,120,120,120,120,120,120,0.000%,8.33333,3.63,2.39
GET /api/items/170,3,140,134,167,167,167,121,167,0.000%,.04689,0.02,0.01
PUT /api/items/644,1,125,125,125,125,125,125,125,0.000%,8.00000,3.48,2.30
GET /api/items/766,5,131,133,134,138,138,126,138,0.000%,.10954,0.05,0.02
GET /api/items/387,2,133,127,140,140,140,127,140,0.000%,.04446,0.02,0.01
GET /api/items/827,2,129,122,137,137,137,122,137,0.000%,.05319,0.02,0.01
PUT /api/items/278,2,135,134,136,136,136,134,136,0.000%,.02775,0.01,0.01
PUT /api/items/781,1,136,136,136,136,136,136,136,0.000%,7.35294,3.20,2.11
PUT /api/items/559,2,160,134,186,186,186,134,186,0.000%,.02886,0.01,0.01
GET /api/items/073,1,122,122,122,122,122,122,122,0.000%,8.19672,3.56,1.50
GET /api/items/330,1,117,117,117,117,117,117,117,0.000%,8.54701,3.72,1.56
GET /api/items/441,5,131,129,133,141,141,127,141,0.000%,.09833,0.04,0.02
PUT /api/items/770,4,133,131,141,141,141,122,141,0.000%,.05648,0.02,0.02
PUT /api/items/699,1,120,120,120,120,120,120,120,0.000%,8.33333,3.63,2.39
GET /api/items/292,2,133,120,146,146,146,120,146,0.000%,.03439,0.01,0.01
GET /api/items/235,2,115,111,119,119,119,111,119,0.000%,.34704,0.15,0.06
GET /api/items/482,2,148,133,164,164,164,133,164,0.000%,.04512,0.02,0.01
PUT /api/items/719,5,138,133,145,158,158,125,158,0.000%,.09726,0.04,0.03
PUT /api/items/146,1,128,128,128,128,128,128,128,0.000%,7.81250,3.40,2.24
GET /api/items/011,2,126,116,137,137,137,116,137,0.000%,2.04708,0.89,0.37
GET /api/items/567,7,136,131,155,156,156,118,156,0.000%,.09453,0.04,0.02
GET /api/items/228,4,145,139,180,180,180,117,180,0.000%,.06345,0.03,0.01
PUT /api/items/472,2,142,141,143,143,143,141,143,0.000%,.13263,0.06,0.04
PUT /api/items/334,1,125,125,125,125,125,125,125,0.000%,8.00000,3.48,2.30
PUT /api/items/498,3,131,129,150,150,150,114,150,0.000%,.11866,0.05,0.03
GET /api/items/334,2,132,129,136,136,136,129,136,0.000%,.12199,0.05,0.02
GET /api/items/985,2,135,132,138,138,138,132,138,0.000%,.02834,0.01,0.01
PUT /api/items/613,4,134,124,165,165,165,119,165,0.000%,.10503,0.05,0.03
PUT /api/items/664,3,133,134,150,150,150,117,150,0.000%,.05551,0.02,0.02
PUT /api/items/569,2,137,119,156,156,156,119,156,0.000%,.04811,0.02,0.01
GET /api/items/255,2,126,120,132,132,132,120,132,0.000%,.06078,0.03,0.01
PUT /api/items/902,2,133,129,137,137,137,129,137,0.000%,.05059,0.02,0.01
GET /api/items/520,8,133,130,145,165,165,104,165,0.000%,.10454,0.05,0.02
PUT /api/items/946,2,120,116,124,124,124,116,124,0.000%,.13543,0.06,0.04
GET /api/items/648,1,136,136,136,136,136,136,136,0.000%,7.35294,3.20,1.34
PUT /api/items/451,1,124,124,124,124,124,124,124,0.000%,8.06452,3.51,2.32
GET /api/items/458,3,130,126,141,141,141,125,141,0.000%,.17127,0.07,0.03
PUT /api/items/726,2,150,124,176,176,176,124,176,0.000%,.03330,0.01,0.01
GET /api/items/392,3,132,133,137,137,137,128,137,0.000%,.06243,0.03,0.01
PUT /api/items/167,2,137,136,139,139,139,136,139,0.000%,.03519,0.02,0.01
GET /api/items/168,1,136,136,136,136,136,136,136,0.000%,7.35294,3.20,1.34
GET /api/items/598,2,144,133,156,156,156,133,156,0.000%,.03442,0.01,0.01
PUT /api/items/753,1,127,127,127,127,127,127,127,0.000%,7.87402,3.43,2.26
PUT /api/items/742,2,127,122,132,132,132,122,132,0.000%,.05253,0.02,0.02
GET /api/items/716,3,137,125,183,183,183,103,183,0.000%,.03877,0.02,0.01
PUT /api/items/032,1,156,156,156,156,156,156,156,0.000%,6.41026,2.79,1.84
GET /api/items/969,4,141,125,166,166,166,118,166,0.000%,.05346,0.02,0.01
GET /api/items/485,1,163,163,163,163,163,163,163,0.000%,6.13497,2.67,1.12
PUT /api/items/133,1,125,125,125,125,125,125,125,0.000%,8.00000,3.48,2.30
GET /api/items/503,3,130,130,131,131,131,129,131,0.000%,.19381,0.08,0.04
PUT /api/items/369,2,142,140,144,144,144,140,144,0.000%,.09971,0.04,0.03
PUT /api/items/646,2,141,120,162,162,162,120,162,0.000%,.03257,0.01,0.01
GET /api/items/893,6,124,120,139,141,141,107,141,0.000%,.08105,0.04,0.01
GET /api/items/701,4,139,136,150,150,150,122,150,0.000%,.05625,0.02,0.01
PUT /api/items/096,3,132,137,138,138,138,122,138,0.000%,.04071,0.02,0.01
GET /api/items/971,2,150,131,170,170,170,131,170,0.000%,.03307,0.01,0.01
GET /api/items/673,4,140,136,152,152,152,125,152,0.000%,.07701,0.03,0.01
GET /api/items/204,3,122,128,158,158,158,80,158,0.000%,.03915,0.02,0.01
PUT /api/items/437,2,123,123,124,124,124,123,124,0.000%,.30783,0.13,0.09
PUT /api/items/656,3,144,150,159,159,159,123,159,0.000%,.04120,0.02,0.01
GET /api/items/674,2,135,133,138,138,138,133,138,0.000%,.04176,0.02,0.01
GET /api/items/145,2,138,125,152,152,152,125,152,0.000%,.14535,0.06,0.03
GET /api/items/796,5,141,140,147,153,153,131,153,0.000%,.07107,0.03,0.01
PUT /api/items/220,1,129,129,129,129,129,129,129,0.000%,7.75194,3.38,2.23
GET /api/items/583,3,138,136,151,151,151,127,151,0.000%,.06306,0.03,0.01
GET /api/items/828,2,132,127,137,137,137,127,137,0.000%,.02743,0.01,0.01
PUT /api/items/882,5,129,124,140,142,142,119,142,0.000%,.09126,0.04,0.03
GET /api/items/829,1,128,128,128,128,128,128,128,0.000%,7.81250,3.40,1.43
GET /api/items/670,2,136,136,136,136,136,136,136,0.000%,.05810,0.03,0.01
PUT /api/items/489,1,146,146,146,146,146,146,146,0.000%,6.84932,2.98,1.97
GET /api/items/251,2,137,132,143,143,143,132,143,0.000%,.08126,0.04,0.01
PUT /api/items/747,2,139,138,140,140,140,138,140,0.000%,.45290,0.20,0.13
PUT /api/items/845,2,138,137,139,139,139,137,139,0.000%,.05122,0.02,0.01
GET /api/items/785,4,139,123,187,187,187,123,187,0.000%,.06280,0.03,0.01
GET /api/items/447,4,119,117,139,139,139,98,139,0.000%,.05121,0.02,0.01
PUT /api/items/166,3,143,140,154,154,154,137,154,0.000%,.04429,0.02,0.01
GET /api/items/033,1,127,127,127,127,127,127,127,0.000%,7.87402,3.42,1.44
PUT /api/items/361,1,141,141,141,141,141,141,141,0.000%,7.09220,3.09,2.04
GET /api/items/830,2,148,141,156,156,156,141,156,0.000%,.03900,0.02,0.01
GET /api/items/130,3,135,126,158,158,158,121,158,0.000%,.07607,0.03,0.01
PUT /api/items/625,2,134,131,138,138,138,131,138,0.000%,.08145,0.04,0.02
PUT /api/items/292,2,123,122,125,125,125,122,125,0.000%,.02798,0.01,0.01
GET /api/items/591,4,133,122,153,153,153,120,153,0.000%,.05606,0.02,0.01
PUT /api/items/385,1,142,142,142,142,142,142,142,0.000%,7.04225,3.07,2.02
GET /api/items/845,2,133,126,140,140,140,126,140,0.000%,.04947,0.02,0.01
GET /api/items/553,6,138,129,150,156,156,119,156,0.000%,.08279,0.04,0.02
PUT /api/items/092,6,131,139,143,150,150,92,150,0.000%,.07837,0.03,0.02
PUT /api/items/651,1,124,124,124,124,124,124,124,0.000%,8.06452,3.51,2.32
GET /api/items/340,2,175,149,201,201,201,149,201,0.000%,.03800,0.02,0.01
GET /api/items/939,1,131,131,131,131,131,131,131,0.000%,7.63359,3.32,1.39
PUT /api/items/552,1,147,147,147,147,147,147,147,0.000%,6.80272,2.96,1.95
PUT /api/items/941,2,137,126,148,148,148,126,148,0.000%,.03091,0.01,0.01
GET /api/items/851,2,141,135,148,148,148,135,148,0.000%,.09013,0.04,0.02
GET /api/items/686,3,130,128,135,135,135,127,135,0.000%,.06830,0.03,0.01
PUT /api/items/241,1,123,123,123,123,123,123,123,0.000%,8.13008,3.54,2.33
PUT /api/items/094,1,119,119,119,119,119,119,119,0.000%,8.40336,3.65,2.41
GET /api/items/742,3,133,138,141,141,141,122,141,0.000%,.04246,0.02,0.01
GET /api/items/273,2,131,124,139,139,139,124,139,0.000%,.04331,0.02,0.01
PUT /api/items/029,5,135,137,140,147,147,118,147,0.000%,.07213,0.03,0.02
GET /api/items/375,1,146,146,146,146,146,146,146,0.000%,6.84932,2.98,1.25
GET /api/items/678,1,137,137,137,137,137,137,137,0.000%,7.29927,3.18,1.33
PUT /api/items/892,5,141,143,145,162,162,119,162,0.000%,.08866,0.04,0.03
GET /api/items/114,2,152,140,164,164,164,140,164,0.000%,.06018,0.03,0.01
GET /api/items/062,3,138,133,151,151,151,130,151,0.000%,.55504,0.24,0.10
PUT /api/items/673,3,139,132,158,158,158,127,158,0.000%,.05157,0.02,0.01
GET /api/items/501,3,133,129,155,155,155,117,155,0.000%,.05939,0.03,0.01
PUT /api/items/240,2,155,141,169,169,169,141,169,0.000%,.11198,0.05,0.03
GET /api/items/316,1,130,130,130,130,130,130,130,0.000%,7.69231,3.35,1.40
GET /api/items/619,1,139,139,139,139,139,139,139,0.000%,7.19424,3.13,1.31
PUT /api/items/663,1,146,146,146,146,146,146,146,0.000%,6.84932,2.98,1.97
GET /api/items/613,3,139,144,151,151,151,123,151,0.000%,.07620,0.03,0.01
PUT /api/items/003,1,124,124,124,124,124,124,124,0.000%,8.06452,3.50,2.32
GET /api/items/636,3,145,141,163,163,163,131,163,0.000%,.07184,0.03,0.01
GET /api/items/554,3,134,127,151,151,151,125,151,0.000%,.07709,0.03,0.01
GET /api/items/094,4,125,124,135,135,135,118,135,0.000%,.12580,0.05,0.02
PUT /api/items/804,2,151,141,162,162,162,141,162,0.000%,.03530,0.02,0.01
PUT /api/items/228,3,126,121,138,138,138,120,138,0.000%,.07581,0.03,0.02
GET /api/items/982,1,131,131,131,131,131,131,131,0.000%,7.63359,3.32,1.39
GET /api/items/278,2,132,130,135,135,135,130,135,0.000%,.04307,0.02,0.01
PUT /api/items/436,2,131,124,139,139,139,124,139,0.000%,.05966,0.03,0.02
GET /api/items/274,2,110,81,139,139,139,81,139,0.000%,.02692,0.01,0.00
GET /api/items/662,7,142,140,150,179,179,123,179,0.000%,.12070,0.05,0.02
PUT /api/items/351,1,122,122,122,122,122,122,122,0.000%,8.19672,3.56,2.35
GET /api/items/102,2,135,119,151,151,151,119,151,0.000%,.15488,0.07,0.03
PUT /api/items/595,1,145,145,145,145,145,145,145,0.000%,6.89655,3.00,1.98
GET /api/items/311,2,129,119,140,140,140,119,140,0.000%,.03118,0.01,0.01
PUT /api/items/407,1,118,118,118,118,118,118,118,0.000%,8.47458,3.69,2.43
PUT /api/items/956,3,139,145,158,158,158,116,158,0.000%,.05303,0.02,0.02
GET /api/items/800,5,125,121,133,146,146,108,146,0.000%,.06998,0.03,0.01
GET /api/items/720,2,130,123,137,137,137,123,137,0.000%,.04823,0.02,0.01
PUT /api/items/055,2,146,142,150,150,150,142,150,0.000%,.13457,0.06,0.04
PUT /api/items/711,2,138,112,164,164,164,112,164,0.000%,.03243,0.01,0.01
PUT /api/items/896,3,130,127,150,150,150,115,150,0.000%,.06010,0.03,0.02
GET /api/items/725,3,132,126,156,156,156,115,156,0.000%,.07231,0.03,0.01
GET /api/items/091,2,133,129,137,137,137,129,137,0.000%,.04434,0.02,0.01
GET /api/items/433,3,113,122,136,136,136,83,136,0.000%,.04053,0.02,0.01
GET /api/items/581,1,118,118,118,118,118,118,118,0.000%,8.47458,3.69,1.55
PUT /api/items/335,1,139,139,139,139,139,139,139,0.000%,7.19424,3.13,2.07
GET /api/items/098,2,134,132,136,136,136,132,136,0.000%,.05449,0.02,0.01
PUT /api/items/910,2,133,128,138,138,138,128,138,0.000%,.05265,0.02,0.02
GET /api/items/772,3,131,135,139,139,139,119,139,0.000%,.05209,0.02,0.01
GET /api/items/582,3,127,122,140,140,140,121,140,0.000%,.04453,0.02,0.01
GET /api/items/597,2,126,119,133,133,133,119,133,0.000%,.02991,0.01,0.01
PUT /api/items/894,1,118,118,118,118,118,118,118,0.000%,8.47458,3.69,2.43
PUT /api/items/447,3,148,130,189,189,189,125,189,0.000%,.05658,0.02,0.02
PUT /api/items/031,2,139,124,155,155,155,124,155,0.000%,.06320,0.03,0.02
GET /api/items/607,7,138,133,164,168,168,100,168,0.000%,.09975,0.04,0.02
GET /api/items/691,3,133,138,143,143,143,120,143,0.000%,.05079,0.02,0.01
GET /api/items/923,2,132,123,142,142,142,123,142,0.000%,.04549,0.02,0.01
PUT /api/items/477,4,147,141,165,165,165,134,165,0.000%,.07602,0.03,0.02
PUT /api/items/588,1,123,123,123,123,123,123,123,0.000%,8.13008,3.54,2.33
GET /api/items/093,1,125,125,125,125,125,125,125,0.000%,8.00000,3.46,1.46
PUT /api/items/010,2,124,122,127,127,127,122,127,0.000%,.03053,0.01,0.01
GET /api/items/714,2,134,121,147,147,147,121,147,0.000%,.04256,0.02,0.01
PUT /api/items/117,1,118,118,118,118,118,118,118,0.000%,8.47458,3.69,2.43
PUT /api/items/592,1,142,142,142,142,142,142,142,0.000%,7.04225,3.07,2.02
GET /api/items/932,1,122,122,122,122,122,122,122,0.000%,8.19672,3.57,1.50
GET /api/items/587,4,133,116,188,188,188,103,188,0.000%,.05679,0.02,0.01
GET /api/items/484,1,115,115,115,115,115,115,115,0.000%,8.69565,3.79,1.59
PUT /api/items/966,3,129,127,135,135,135,127,135,0.000%,.14783,0.06,0.04
GET /api/items/406,2,137,122,152,152,152,122,152,0.000%,.03130,0.01,0.01
GET /api/items/862,1,118,118,118,118,118,118,118,0.000%,8.47458,3.69,1.55
PUT /api/items/688,3,151,150,174,174,174,130,174,0.000%,.04757,0.02,0.01
GET /api/items/080,2,141,126,157,157,157,126,157,0.000%,.04960,0.02,0.01
PUT /api/items/463,3,138,134,151,151,151,129,151,0.000%,.09435,0.04,0.03
PUT /api/items/100,1,156,156,156,156,156,156,156,0.000%,6.41026,2.79,1.84
GET /api/items/404,2,135,123,148,148,148,123,148,0.000%,.11159,0.05,0.02
GET /api/items/837,3,152,165,170,170,170,122,170,0.000%,.05064,0.02,0.01
PUT /api/items/073,1,123,123,123,123,123,123,123,0.000%,8.13008,3.53,2.33
GET /api/items/728,2,124,121,127,127,127,121,127,0.000%,.03068,0.01,0.01
PUT /api/items/388,5,129,129,130,143,143,123,143,0.000%,.07883,0.03,0.02
GET /api/items/555,1,123,123,123,123,123,123,123,0.000%,8.13008,3.54,1.48
GET /api/items/708,1,130,130,130,130,130,130,130,0.000%,7.69231,3.35,1.40
PUT /api/items/275,1,132,132,132,132,132,132,132,0.000%,7.57576,3.30,2.18
GET /api/items/950,5,150,140,160,193,193,124,193,0.000%,.08251,0.04,0.02
GET /api/items/519,4,143,133,178,178,178,119,178,0.000%,.06531,0.03,0.01
GET /api/items/339,1,128,128,128,128,128,128,128,0.000%,7.81250,3.40,1.43
PUT /api/items/452,5,135,135,146,148,148,121,148,0.000%,.07591,0.03,0.02
PUT /api/items/101,2,133,133,133,133,133,133,133,0.000%,.42123,0.18,0.12
PUT /api/items/248,1,114,114,114,114,114,114,114,0.000%,8.77193,3.82,2.52
GET /api/items/590,1,118,118,118,118,118,118,118,0.000%,8.47458,3.69,1.55
GET /api/items/649,2,133,128,139,139,139,128,139,0.000%,.04994,0.02,0.01
PUT /api/items/851,5,138,139,140,164,164,121,164,0.000%,.09116,0.04,0.03
GET /api/items/108,3,128,127,137,137,137,121,137,0.000%,.20658,0.09,0.04
GET /api/items/836,4,141,133,167,167,167,131,167,0.000%,.12134,0.05,0.02
PUT /api/items/955,2,141,122,160,160,160,122,160,0.000%,.48733,0.21,0.14
PUT /api/items/617,2,141,140,142,142,142,140,142,0.000%,.04061,0.02,0.01
GET /api/items/665,3,126,132,138,138,138,110,138,0.000%,.25654,0.11,0.05
PUT /api/items/111,2,138,132,144,144,144,132,144,0.000%,.04478,0.02,0.01
GET /api/items/688,2,136,126,147,147,147,126,147,0.000%,.14888,0.06,0.03
GET /api/items/931,2,106,89,123,123,123,89,123,0.000%,.02835,0.01,0.01
GET /api/items/940,4,136,127,162,162,162,121,162,0.000%,.06389,0.03,0.01
PUT /api/items/443,3,145,144,155,155,155,138,155,0.000%,.05310,0.02,0.02
PUT /api/items/869,1,120,120,120,120,120,120,120,0.000%,8.33333,3.63,2.39
PUT /api/items/809,3,142,141,146,146,146,139,146,0.000%,.05745,0.03,0.02
PUT /api/items/576,1,140,140,140,140,140,140,140,0.000%,7.14286,3.11,2.05
GET /api/items/044,4,141,132,154,154,154,130,154,0.000%,.06054,0.03,0.01
PUT /api/items/332,1,139,139,139,139,139,139,139,0.000%,7.19424,3.13,2.07
GET /api/items/718,1,122,122,122,122,122,122,122,0.000%,8.19672,3.57,1.50
PUT /api/items/814,3,128,136,138,138,138,110,138,0.000%,.04373,0.02,0.01
GET /api/items/704,3,136,142,143,143,143,123,143,0.000%,.05864,0.03,0.01
GET /api/items/700,2,129,126,133,133,133,126,133,0.000%,.07778,0.03,0.01
PUT /api/items/977,3,154,155,174,174,174,134,174,0.000%,.05106,0.02,0.01
GET /api/items/401,1,141,141,141,141,141,141,141,0.000%,7.09220,3.09,1.30
GET /api/items/601,4,137,139,166,166,166,104,166,0.000%,.12189,0.05,0.02
GET /api/items/909,2,139,132,147,147,147,132,147,0.000%,.63131,0.27,0.12
GET /api/items/959,2,148,132,165,165,165,132,165,0.000%,.03448,0.02,0.01
PUT /api/items/630,2,140,126,154,154,154,126,154,0.000%,.03355,0.01,0.01
PUT /api/items/504,2,116,82,151,151,151,82,151,0.000%,.02896,0.01,0.01
GET /api/items/434,3,137,132,152,152,152,127,152,0.000%,.06064,0.03,0.01
PUT /api/items/985,2,127,125,130,130,130,125,130,0.000%,.11765,0.05,0.03
GET /api/items/113,1,129,129,129,129,129,129,129,0.000%,7.75194,3.38,1.42
GET /api/items/313,4,145,140,156,156,156,139,156,0.000%,.06665,0.03,0.01
GET /api/items/664,3,128,130,135,135,135,121,135,0.000%,.07947,0.03,0.01
PUT /api/items/517,2,121,101,141,141,141,101,141,0.000%,.03003,0.01,0.01
GET /api/items/310,2,134,120,148,148,148,120,148,0.000%,.03710,0.02,0.01
PUT /api/items/862,3,137,139,150,150,150,124,150,0.000%,.08359,0.04,0.02
PUT /api/items/602,1,121,121,121,121,121,121,121,0.000%,8.26446,3.60,2.37
GET /api/items/414,2,136,133,139,139,139,133,139,0.000%,.53305,0.23,0.10
PUT /api/items/752,1,123,123,123,123,123,123,123,0.000%,8.13008,3.54,2.33
GET /api/items/107,3,139,138,146,146,146,134,146,0.000%,.08197,0.04,0.01
GET /api/items/634,1,122,122,122,122,122,122,122,0.000%,8.19672,3.57,1.50
GET /api/items/804,2,136,133,140,140,140,133,140,0.000%,.71378,0.31,0.13
GET /api/items/396,2,128,124,133,133,133,124,133,0.000%,.10652,0.05,0.02
PUT /api/items/308,1,134,134,134,134,134,134,134,0.000%,7.46269,3.25,2.14
PUT /api/items/982,2,139,126,152,152,152,126,152,0.000%,.04331,0.02,0.01
GET /api/items/213,4,146,142,163,163,163,135,163,0.000%,.06601,0.03,0.01
GET /api/items/623,2,145,145,146,146,146,145,146,0.000%,.03684,0.02,0.01
PUT /api/items/937,1,168,168,168,168,168,168,168,0.000%,5.95238,2.59,1.71
PUT /api/items/093,1,127,127,127,127,127,127,127,0.000%,7.87402,3.41,2.26
GET /api/items/729,5,130,127,136,144,144,118,144,0.000%,.07858,0.03,0.01
PUT /api/items/519,3,132,132,142,142,142,122,142,0.000%,.04632,0.02,0.01
GET /api/items/110,2,140,132,148,148,148,132,148,0.000%,.03222,0.01,0.01
GET /api/items/027,1,131,131,131,131,131,131,131,0.000%,7.63359,3.30,1.39
PUT /api/items/916,1,129,129,129,129,129,129,129,0.000%,7.75194,3.38,2.23
PUT /api/items/422,1,144,144,144,144,144,144,144,0.000%,6.94444,3.02,1.99
GET /api/items/377,1,153,153,153,153,153,153,153,0.000%,6.53595,2.85,1.19
GET /api/items/466,2,134,129,140,140,140,129,140,0.000%,11.62791,5.06,2.12
PUT /api/items/891,2,132,128,137,137,137,128,137,0.000%,.04587,0.02,0.01
PUT /api/items/511,1,154,154,154,154,154,154,154,0.000%,6.49351,2.83,1.86
PUT /api/items/396,1,123,123,123,123,123,123,123,0.000%,8.13008,3.54,2.33
PUT /api/items/363,2,123,123,124,124,124,123,124,0.000%,.03084,0.01,0.01
GET /api/items/132,2,128,128,128,128,128,128,128,0.000%,.05545,0.02,0.01
PUT /api/items/585,4,136,138,140,140,140,129,140,0.000%,.07445,0.03,0.02
GET /api/items/005,5,135,137,139,150,150,116,150,0.000%,.08621,0.04,0.02
PUT /api/items/544,2,140,140,140,140,140,140,140,0.000%,.04819,0.02,0.01
GET /api/items/709,2,144,137,151,151,151,137,151,0.000%,.04599,0.02,0.01
GET /api/items/812,3,133,133,138,138,138,130,138,0.000%,.05578,0.02,0.01
GET /api/items/135,1,135,135,135,135,135,135,135,0.000%,7.40741,3.23,1.35
GET /api/items/129,4,139,135,151,151,151,133,151,0.000%,.10427,0.05,0.02
GET /api/items/912,2,151,150,152,152,152,150,152,0.000%,.07437,0.03,0.01
PUT /api/items/045,5,141,137,138,166,166,132,166,0.000%,.11120,0.05,0.03
PUT /api/items/820,1,146,146,146,146,146,146,146,0.000%,6.84932,2.74,1.97
PUT /api/items/526,2,148,141,156,156,156,141,156,0.000%,.03800,0.02,0.01
GET /api/items/336,2,135,134,136,136,136,134,136,0.000%,.24716,0.11,0.05
GET /api/items/067,3,150,136,183,183,183,133,183,0.000%,.14103,0.06,0.03
PUT /api/items/734,1,134,134,134,134,134,134,134,0.000%,7.46269,3.25,2.14
GET /api/items/774,2,157,149,165,165,165,149,165,0.000%,.03967,0.02,0.01
PUT /api/items/704,2,145,137,153,153,153,137,153,0.000%,.06566,0.03,0.02
GET /api/items/869,2,132,128,136,136,136,128,136,0.000%,.32841,0.14,0.06
PUT /api/items/316,2,149,143,156,156,156,143,156,0.000%,.43754,0.19,0.13
PUT /api/items/089,1,135,135,135,135,135,135,135,0.000%,7.40741,3.22,2.13
GET /api/items/549,1,134,134,134,134,134,134,134,0.000%,7.46269,3.25,1.36
GET /api/items/740,2,141,131,151,151,151,131,151,0.000%,.15080,0.07,0.03
GET /api/items/007,3,140,142,150,150,150,129,150,0.000%,.13770,0.06,0.03
PUT /api/items/382,3,141,141,146,146,146,138,146,0.000%,.06057,0.03,0.02
GET /api/items/533,5,139,144,146,159,159,121,159,0.000%,.13379,0.06,0.02
GET /api/items/231,3,134,128,155,155,155,120,155,0.000%,.10100,0.04,0.02
PUT /api/items/440,1,151,151,151,151,151,151,151,0.000%,6.62252,2.88,1.90
GET /api/items/218,2,153,135,171,171,171,135,171,0.000%,.08561,0.04,0.02
GET /api/items/197,3,130,127,139,139,139,126,139,0.000%,.08032,0.03,0.01
PUT /api/items/483,1,131,131,131,131,131,131,131,0.000%,7.63359,3.32,2.19
GET /api/items/034,2,127,127,128,128,128,127,128,0.000%,.03890,0.02,0.01
GET /api/items/416,2,129,121,137,137,137,121,137,0.000%,.13804,0.06,0.03
GET /api/items/641,1,126,126,126,126,126,126,126,0.000%,7.93651,3.46,1.45
GET /api/items/998,1,122,122,122,122,122,122,122,0.000%,8.19672,3.57,1.50
PUT /api/items/097,2,162,155,170,170,170,155,170,0.000%,.03736,0.02,0.01
GET /api/items/329,5,123,126,129,157,157,89,157,0.000%,.07566,0.03,0.01
PUT /api/items/405,4,123,122,128,128,128,116,128,0.000%,.06394,0.03,0.02
GET /api/items/342,1,130,130,130,130,130,130,130,0.000%,7.69231,3.35,1.40
PUT /api/items/868,2,124,124,124,124,124,124,124,0.000%,.03167,0.01,0.01
PUT /api/items/487,2,132,121,143,143,143,121,143,0.000%,.26195,0.11,0.08
GET /api/items/756,4,143,139,162,162,162,122,162,0.000%,.07704,0.03,0.01
GET /api/items/331,1,124,124,124,124,124,124,124,0.000%,8.06452,3.51,1.47
GET /api/items/911,2,138,122,155,155,155,122,155,0.000%,.03578,0.02,0.01
PUT /api/items/177,1,130,130,130,130,130,130,130,0.000%,7.69231,3.35,2.21
GET /api/items/019,2,156,150,162,162,162,150,162,0.000%,.08734,0.04,0.02
PUT /api/items/819,3,146,143,156,156,156,139,156,0.000%,.05721,0.02,0.02
GET /api/items/039,1,168,168,168,168,168,168,168,0.000%,5.95238,2.59,1.09
PUT /api/items/467,2,164,140,189,189,189,140,189,0.000%,.06366,0.03,0.02
PUT /api/items/112,3,145,142,164,164,164,129,164,0.000%,.05033,0.02,0.01
PUT /api/items/027,2,108,85,131,131,131,85,131,0.000%,.02977,0.01,0.01
GET /api/items/279,3,146,150,158,158,158,130,158,0.000%,.05428,0.02,0.01
GET /api/items/252,2,143,139,148,148,148,139,148,0.000%,.09966,0.04,0.02
GET /api/items/622,3,148,145,177,177,177,124,177,0.000%,.06677,0.03,0.01
PUT /api/items/299,4,140,137,148,148,148,130,148,0.000%,.16017,0.07,0.05
GET /api/items/332,4,137,127,156,156,156,125,156,0.000%,.08929,0.04,0.02
PUT /api/items/496,3,141,140,152,152,152,132,152,0.000%,.05092,0.02,0.01
PUT /api/items/774,2,132,129,136,136,136,129,136,0.000%,.05406,0.02,0.02
GET /api/items/867,1,123,123,123,123,123,123,123,0.000%,8.13008,3.54,1.48
GET /api/items/327,1,122,122,122,122,122,122,122,0.000%,8.19672,3.57,1.50
GET /api/items/779,3,132,127,178,178,178,92,178,0.000%,.04617,0.02,0.01
GET /api/items/341,3,126,129,140,140,140,111,140,0.000%,.04731,0.02,0.01
PUT /api/items/178,3,129,128,135,135,135,124,135,0.000%,.10526,0.05,0.03
GET /api/items/378,4,149,146,163,163,163,136,163,0.000%,.08235,0.04,0.02
GET /api/items/144,2,151,128,175,175,175,128,175,0.000%,.03696,0.02,0.01
PUT /api/items/730,2,128,128,129,129,129,128,129,0.000%,.04838,0.02,0.01
PUT /api/items/328,4,155,129,196,196,196,128,196,0.000%,.08195,0.04,0.02
GET /api/items/318,2,135,122,149,149,149,122,149,0.000%,.04798,0.02,0.01
GET /api/items/964,1,126,126,126,126,126,126,126,0.000%,7.93651,3.46,1.45
PUT /api/items/239,1,127,127,127,127,127,127,127,0.000%,7.87402,3.43,2.26
GET /api/items/075,3,151,142,179,179,179,133,179,0.000%,.06719,0.03,0.01
GET /api/items/669,2,165,152,178,178,178,152,178,0.000%,.04480,0.02,0.01
GET /api/items/281,2,154,129,179,179,179,129,179,0.000%,.03869,0.02,0.01
PUT /api/items/482,1,157,157,157,157,157,157,157,0.000%,6.36943,2.77,1.83
PUT /api/items/465,1,126,126,126,126,126,126,126,0.000%,7.93651,3.46,2.28
GET /api/items/364,4,137,137,141,141,141,133,141,0.000%,.10163,0.04,0.02
PUT /api/items/018,4,147,144,165,165,165,134,165,0.000%,.07488,0.03,0.02
GET /api/items/563,1,126,126,126,126,126,126,126,0.000%,7.93651,3.46,1.45
GET /api/items/393,3,132,128,152,152,152,118,152,0.000%,.05062,0.02,0.01
PUT /api/items/274,1,138,138,138,138,138,138,138,0.000%,7.24638,3.16,2.08
GET /api/items/941,4,136,128,162,162,162,126,162,0.000%,.07454,0.03,0.01
PUT /api/items/514,1,147,147,147,147,147,147,147,0.000%,6.80272,2.96,1.95
PUT /api/items/531,2,129,119,140,140,140,119,140,0.000%,.40323,0.18,0.12
GET /api/items/773,2,114,101,128,128,128,101,128,0.000%,.03107,0.01,0.01
GET /api/items/604,2,129,124,134,134,134,124,134,0.000%,.03440,0.01,0.01
GET /api/items/088,1,123,123,123,123,123,123,123,0.000%,8.13008,3.53,1.48
GET /api/items/517,3,142,144,149,149,149,133,149,0.000%,.10453,0.05,0.02
PUT /api/items/909,3,131,136,143,143,143,115,143,0.000%,.05231,0.02,0.02
GET /api/items/240,1,128,128,128,128,128,128,128,0.000%,7.81250,3.40,1.43
PUT /api/items/543,1,134,134,134,134,134,134,134,0.000%,7.46269,3.25,2.14
GET /api/items/896,3,135,133,140,140,140,132,140,0.000%,.08329,0.04,0.02
GET /api/items/097,1,147,147,147,147,147,147,147,0.000%,6.80272,2.96,1.24
GET /api/items/076,4,133,130,140,140,140,130,140,0.000%,.13307,0.06,0.02
GET /api/items/602,2,141,140,143,143,143,140,143,0.000%,.08210,0.04,0.01
GET /api/items/881,3,161,151,197,197,197,136,197,0.000%,.06360,0.03,0.01
PUT /api/items/245,2,123,123,123,123,123,123,123,0.000%,.13791,0.06,0.04
GET /api/items/556,2,134,132,136,136,136,132,136,0.000%,.04155,0.02,0.01
GET /api/items/487,4,146,145,157,157,157,135,157,0.000%,.12104,0.05,0.02
PUT /api/items/336,2,138,137,140,140,140,137,140,0.000%,.03695,0.02,0.01
GET /api/items/347,4,144,141,160,160,160,128,160,0.000%,.08786,0.04,0.02
GET /api/items/302,2,125,122,129,129,129,122,129,0.000%,.53305,0.23,0.10
PUT /api/items/622,1,133,133,133,133,133,133,133,0.000%,7.51880,3.27,2.16
PUT /api/items/629,1,133,133,133,133,133,133,133,0.000%,7.51880,3.27,2.16
GET /api/items/026,1,132,132,132,132,132,132,132,0.000%,7.57576,3.29,1.38
PUT /api/items/919,4,137,133,143,143,143,132,143,0.000%,.32982,0.14,0.09
GET /api/items/024,2,131,126,136,136,136,126,136,0.000%,.05814,0.03,0.01
GET /api/items/630,4,133,126,151,151,151,115,151,0.000%,.06888,0.03,0.01
GET /api/items/632,1,137,137,137,137,137,137,137,0.000%,7.29927,3.18,1.33
GET /api/items/150,2,135,134,137,137,137,134,137,0.000%,.38117,0.17,0.07
PUT /api/items/907,2,148,140,156,156,156,140,156,0.000%,.03836,0.02,0.01
PUT /api/items/639,1,135,135,135,135,135,135,135,0.000%,7.40741,3.23,2.13
PUT /api/items/874,3,145,149,158,158,158,130,158,0.000%,.06734,0.03,0.02
PUT /api/items/186,2,133,126,141,141,141,126,141,0.000%,.62913,0.27,0.18
GET /api/items/764,1,130,130,130,130,130,130,130,0.000%,7.69231,3.35,1.40
PUT /api/items/130,2,142,131,154,154,154,131,154,0.000%,.05969,0.03,0.02
PUT /api/items/198,2,133,132,134,134,134,132,134,0.000%,.06654,0.03,0.02
GET /api/items/870,3,135,132,148,148,148,125,148,0.000%,.07787,0.03,0.01
GET /api/items/056,4,132,123,142,142,142,122,142,0.000%,.15312,0.07,0.03
PUT /api/items/641,2,136,127,145,145,145,127,145,0.000%,1.22474,0.53,0.35
GET /api/items/083,1,119,119,119,119,119,119,119,0.000%,8.40336,3.65,1.53
PUT /api/items/375,2,132,130,135,135,135,130,135,0.000%,.03840,0.02,0.01
PUT /api/items/044,2,154,133,176,176,176,133,176,0.000%,.08601,0.04,0.02
GET /api/items/325,3,148,157,159,159,159,130,159,0.000%,.08158,0.04,0.01
PUT /api/items/591,2,151,150,152,152,152,150,152,0.000%,.06941,0.03,0.02
GET /api/items/306,1,125,125,125,125,125,125,125,0.000%,8.00000,3.49,1.46
PUT /api/items/364,2,121,116,127,127,127,116,127,0.000%,.03511,0.02,0.01
GET /api/items/314,3,132,136,141,141,141,121,141,0.000%,.09410,0.04,0.02
GET /api/items/541,3,130,131,138,138,138,123,138,0.000%,.23618,0.10,0.04
PUT /api/items/947,2,120,118,123,123,123,118,123,0.000%,.21236,0.09,0.06
PUT /api/items/715,1,135,135,135,135,135,135,135,0.000%,7.40741,3.23,2.13
PUT /api/items/060,2,138,120,157,157,157,120,157,0.000%,.11866,0.05,0.03
GET /api/items/875,2,130,121,139,139,139,121,139,0.000%,.07571,0.03,0.01
PUT /api/items/354,2,140,139,141,141,141,139,141,0.000%,.06621,0.03,0.02
PUT /api/items/020,1,145,145,145,145,145,145,145,0.000%,6.89655,3.00,1.98
GET /api/items/403,1,115,115,115,115,115,115,115,0.000%,8.69565,3.79,1.59
PUT /api/items/427,1,129,129,129,129,129,129,129,0.000%,7.75194,3.38,2.23
GET /api/items/915,1,134,134,134,134,134,134,134,0.000%,7.46269,3.25,1.36
PUT /api/items/457,3,122,131,131,131,131,104,131,0.000%,.05108,0.02,0.01
GET /api/items/089,2,136,120,153,153,153,120,153,0.000%,.08507,0.04,0.02
GET /api/items/538,1,124,124,124,124,124,124,124,0.000%,8.06452,3.51,1.47
PUT /api/items/703,1,145,145,145,145,145,145,145,0.000%,6.89655,3.00,1.98
GET /api/items/614,3,135,142,144,144,144,120,144,0.000%,.09098,0.04,0.02
GET /api/items/020,3,130,125,145,145,145,120,145,0.000%,.09063,0.04,0.02
PUT /api/items/889,2,131,127,135,135,135,127,135,0.000%,.80613,0.35,0.23
PUT /api/items/957,2,122,119,125,125,125,119,125,0.000%,.17532,0.08,0.05
GET /api/items/645,2,151,138,165,165,165,138,165,0.000%,.04306,0.02,0.01
GET /api/items/594,2,137,117,158,158,158,117,158,0.000%,.13701,0.06,0.03
PUT /api/items/510,2,136,135,138,138,138,135,138,0.000%,.05888,0.03,0.02
PUT /api/items/938,1,140,140,140,140,140,140,140,0.000%,7.14286,3.11,2.05
GET /api/items/819,1,112,112,112,112,112,112,112,0.000%,8.92857,3.89,1.63
GET /api/items/922,1,128,128,128,128,128,128,128,0.000%,7.81250,3.40,1.43
PUT /api/items/870,2,124,118,131,131,131,118,131,0.000%,.24462,0.11,0.07
PUT /api/items/604,1,121,121,121,121,121,121,121,0.000%,8.26446,3.60,2.37
GET /api/items/580,2,148,123,173,173,173,123,173,0.000%,.04673,0.02,0.01
GET /api/items/352,1,120,120,120,120,120,120,120,0.000%,8.33333,3.63,1.52
GET /api/items/198,2,128,123,133,133,133,123,133,0.000%,.47916,0.21,0.09
PUT /api/items/082,1,121,121,121,121,121,121,121,0.000%,8.26446,3.59,2.37
GET /api/items/489,1,120,120,120,120,120,120,120,0.000%,8.33333,3.63,1.52
PUT /api/items/978,3,149,160,167,167,167,122,167,0.000%,.06129,0.03,0.02
GET /api/items/203,1,143,143,143,143,143,143,143,0.000%,6.99301,3.05,1.28
GET /api/items/147,2,142,118,166,166,166,118,166,0.000%,.08687,0.04,0.02
GET /api/items/654,2,125,120,131,131,131,120,131,0.000%,2.71739,1.18,0.50
GET /api/items/937,4,140,133,154,154,154,129,154,0.000%,.08968,0.04,0.02
PUT /api/items/890,2,144,139,149,149,149,139,149,0.000%,.09263,0.04,0.03
GET /api/items/609,6,137,131,148,153,153,128,153,0.000%,.14786,0.06,0.03
GET /api/items/946,1,144,144,144,144,144,144,144,0.000%,6.94444,3.02,1.27
GET /api/items/942,5,140,141,146,153,153,122,153,0.000%,.18013,0.08,0.03
PUT /api/items/878,1,141,141,141,141,141,141,141,0.000%,7.09220,3.09,2.04
GET /api/items/644,3,143,134,176,176,176,120,176,0.000%,.06425,0.03,0.01
GET /api/items/084,1,124,124,124,124,124,124,124,0.000%,8.06452,3.50,1.47
PUT /api/items/132,1,132,132,132,132,132,132,132,0.000%,7.57576,3.30,2.18
PUT /api/items/685,1,139,139,139,139,139,139,139,0.000%,7.19424,3.13,2.07
GET /api/items/526,1,131,131,131,131,131,131,131,0.000%,7.63359,3.32,1.39
GET /api/items/936,2,130,129,132,132,132,129,132,0.000%,.40950,0.18,0.07
PUT /api/items/810,1,145,145,145,145,145,145,145,0.000%,6.89655,3.00,1.98
PUT /api/items/679,1,141,141,141,141,141,141,141,0.000%,7.09220,3.09,2.04
GET /api/items/730,2,140,139,141,141,141,139,141,0.000%,.19203,0.08,0.04
GET /api/items/309,2,149,143,155,155,155,143,155,0.000%,.18016,0.08,0.03
GET /api/items/853,2,125,122,128,128,128,122,128,0.000%,.22242,0.10,0.04
PUT /api/items/409,2,133,121,146,146,146,121,146,0.000%,.20169,0.09,0.06
GET /api/items/823,1,125,125,125,125,125,125,125,0.000%,8.00000,3.48,1.46
PUT /api/items/197,1,141,141,141,141,141,141,141,0.000%,7.09220,3.09,2.04
PUT /api/items/788,2,151,145,158,158,158,145,158,0.000%,.17172,0.07,0.05
GET /api/items/374,2,125,116,135,135,135,116,135,0.000%,.48054,0.21,0.09
PUT /api/items/944,1,122,122,122,122,122,122,122,0.000%,8.19672,3.28,2.35
GET /api/items/646,2,136,132,140,140,140,132,140,0.000%,.11674,0.05,0.02
PUT /api/items/681,3,141,136,159,159,159,130,159,0.000%,.12007,0.05,0.03
GET /api/items/448,2,143,134,153,153,153,134,153,0.000%,.06084,0.03,0.01
PUT /api/items/859,3,138,134,154,154,154,126,154,0.000%,.13099,0.06,0.04
PUT /api/items/344,2,132,127,138,138,138,127,138,0.000%,.05928,0.03,0.02
GET /api/items/290,2,146,133,159,159,159,133,159,0.000%,.28285,0.12,0.05
GET /api/items/446,3,135,140,140,140,140,127,140,0.000%,.06093,0.03,0.01
PUT /api/items/948,2,156,142,171,171,171,142,171,0.000%,.06970,0.03,0.02
PUT /api/items/302,2,154,141,167,167,167,141,167,0.000%,.05247,0.02,0.02
PUT /api/items/397,2,152,137,167,167,167,137,167,0.000%,.05313,0.02,0.02
PUT /api/items/208,2,133,132,135,135,135,132,135,0.000%,.13055,0.06,0.04
GET /api/items/680,1,132,132,132,132,132,132,132,0.000%,7.57576,3.30,1.38
PUT /api/items/366,2,141,127,155,155,155,127,155,0.000%,.05468,0.02,0.02
GET /api/items/859,3,139,142,149,149,149,126,149,0.000%,.10556,0.05,0.02
PUT /api/items/376,2,135,126,145,145,145,126,145,0.000%,.27933,0.12,0.08
GET /api/items/741,2,142,123,161,161,161,123,161,0.000%,.05296,0.02,0.01
PUT /api/items/235,1,130,130,130,130,130,130,130,0.000%,7.69231,3.35,2.21
GET /api/items/702,1,142,142,142,142,142,142,142,0.000%,7.04225,3.07,1.29
GET /api/items/452,3,132,129,141,141,141,126,141,0.000%,.12220,0.05,0.02
PUT /api/items/516,2,134,130,139,139,139,130,139,0.000%,.07329,0.03,0.02
PUT /api/items/631,3,127,130,142,142,142,110,142,0.000%,.05752,0.03,0.02
GET /api/items/397,2,123,118,129,129,129,118,129,0.000%,3.03030,1.32,0.55
PUT /api/items/161,2,120,111,130,130,130,111,130,0.000%,.09847,0.04,0.03
PUT /api/items/600,1,135,135,135,135,135,135,135,0.000%,7.40741,3.23,2.13
PUT /api/items/303,1,152,152,152,152,152,152,152,0.000%,6.57895,2.87,1.89
GET /api/items/189,1,139,139,139,139,139,139,139,0.000%,7.19424,3.13,1.31
PUT /api/items/108,2,108,94,123,123,123,94,123,0.000%,.03532,0.02,0.01
PUT /api/items/682,2,132,127,137,137,137,127,137,0.000%,.12824,0.06,0.04
PUT /api/items/566,3,131,129,142,142,142,122,142,0.000%,.19306,0.08,0.06
GET /api/items/816,1,149,149,149,149,149,149,149,0.000%,6.71141,2.92,1.23
GET /api/items/015,2,125,115,136,136,136,115,136,0.000%,1.01163,0.44,0.18
PUT /api/items/337,2,142,122,162,162,162,122,162,0.000%,.11381,0.05,0.03
GET /api/items/356,2,140,125,156,156,156,125,156,0.000%,.17802,0.08,0.03
GET /api/items/883,1,126,126,126,126,126,126,126,0.000%,7.93651,3.46,1.45
PUT /api/items/976,1,139,139,139,139,139,139,139,0.000%,7.19424,3.13,2.07
GET /api/items/116,2,140,134,147,147,147,134,147,0.000%,.11761,0.05,0.02
GET /api/items/201,1,138,138,138,138,138,138,138,0.000%,7.24638,3.16,1.32
PUT /api/items/342,2,131,125,137,137,137,125,137,0.000%,.07171,0.03,0.02
PUT /api/items/313,1,138,138,138,138,138,138,138,0.000%,7.24638,3.16,2.08
PUT /api/items/176,1,138,138,138,138,138,138,138,0.000%,7.24638,3.16,2.08
GET /api/items/412,3,135,136,143,143,143,127,143,0.000%,.06732,0.03,0.01
PUT /api/items/934,3,123,126,140,140,140,103,140,0.000%,.05727,0.02,0.02
GET /api/items/722,2,144,141,148,148,148,141,148,0.000%,.08416,0.04,0.02
PUT /api/items/311,2,152,136,169,169,169,136,169,0.000%,.19084,0.08,0.05
GET /api/items/028,1,119,119,119,119,119,119,119,0.000%,8.40336,3.65,1.53
GET /api/items/703,5,143,146,163,163,163,120,163,0.000%,.31582,0.14,0.06
GET /api/items/776,1,122,122,122,122,122,122,122,0.000%,8.19672,3.57,1.50
PUT /api/items/834,3,122,124,130,130,130,114,130,0.000%,.06042,0.03,0.02
PUT /api/items/632,1,124,124,124,124,124,124,124,0.000%,8.06452,3.51,2.32
GET /api/items/979,1,118,118,118,118,118,118,118,0.000%,8.47458,3.69,1.55
PUT /api/items/918,1,142,142,142,142,142,142,142,0.000%,7.04225,3.07,2.02
GET /api/items/156,1,131,131,131,131,131,131,131,0.000%,7.63359,3.32,1.39
PUT /api/items/674,1,125,125,125,125,125,125,125,0.000%,8.00000,3.48,2.30
GET /api/items/413,3,113,107,133,133,133,100,133,0.000%,.05627,0.02,0.01
GET /api/items/223,1,126,126,126,126,126,126,126,0.000%,7.93651,3.46,1.45
PUT /api/items/408,3,146,129,182,182,182,127,182,0.000%,.09998,0.04,0.03
GET /api/items/355,2,141,130,152,152,152,130,152,0.000%,.08014,0.03,0.01
PUT /api/items/211,1,141,141,141,141,141,141,141,0.000%,7.09220,3.09,2.04
PUT /api/items/542,3,152,152,156,156,156,148,156,0.000%,.14641,0.06,0.04
PUT /api/items/473,1,155,155,155,155,155,155,155,0.000%,6.45161,2.81,1.85
GET /api/items/705,6,144,141,160,168,168,123,168,0.000%,.12808,0.06,0.02
PUT /api/items/800,2,142,128,157,157,157,128,157,0.000%,.07156,0.03,0.02
PUT /api/items/945,2,132,128,137,137,137,128,137,0.000%,.04406,0.02,0.01
GET /api/items/639,3,127,132,149,149,149,101,149,0.000%,.06042,0.03,0.01
PUT /api/items/028,2,130,126,134,134,134,126,134,0.000%,1.17716,0.51,0.34
GET /api/items/831,1,120,120,120,120,120,120,120,0.000%,8.33333,3.63,1.52
PUT /api/items/107,1,121,121,121,121,121,121,121,0.000%,8.26446,3.60,2.37
GET /api/items/236,2,132,128,137,137,137,128,137,0.000%,.04136,0.02,0.01
GET /api/items/621,2,135,135,136,136,136,135,136,0.000%,.07982,0.03,0.01
PUT /api/items/593,2,155,151,159,159,159,151,159,0.000%,.04928,0.02,0.01
GET /api/items/880,1,124,124,124,124,124,124,124,0.000%,8.06452,3.51,1.47
GET /api/items/319,2,130,128,132,132,132,128,132,0.000%,.08391,0.04,0.02
GET /api/items/158,2,142,135,150,150,150,135,150,0.000%,.16167,0.07,0.03
PUT /api/items/232,1,136,136,136,136,136,136,136,0.000%,7.35294,3.20,2.11
GET /api/items/350,1,144,144,144,144,144,144,144,0.000%,6.94444,3.02,1.27
PUT /api/items/184,1,126,126,126,126,126,126,126,0.000%,7.93651,3.46,2.28
PUT /api/items/435,1,136,136,136,136,136,136,136,0.000%,7.35294,3.20,2.11
GET /api/items/018,2,128,124,133,133,133,124,133,0.000%,.10499,0.05,0.02
GET /api/items/844,3,142,137,159,159,159,132,159,0.000%,.08564,0.04,0.02
PUT /api/items/072,2,155,154,157,157,157,154,157,0.000%,.18848,0.08,0.05
GET /api/items/207,2,148,118,178,178,178,118,178,0.000%,.06750,0.03,0.01
GET /api/items/305,1,135,135,135,135,135,135,135,0.000%,7.40741,3.23,1.35
PUT /api/items/758,1,130,130,130,130,130,130,130,0.000%,7.69231,3.35,2.21
GET /api/items/032,2,135,121,150,150,150,121,150,0.000%,.55112,0.24,0.10
PUT /api/items/254,2,138,128,148,148,148,128,148,0.000%,.05133,0.02,0.01
GET /api/items/566,1,127,127,127,127,127,127,127,0.000%,7.87402,3.43,1.44
PUT /api/items/560,1,128,128,128,128,128,128,128,0.000%,7.81250,3.40,2.24
GET /api/items/049,3,141,137,156,156,156,131,156,0.000%,.07226,0.03,0.01
GET /api/items/111,2,155,153,157,157,157,153,157,0.000%,.05138,0.02,0.01
GET /api/items/527,2,126,126,126,126,126,126,126,0.000%,.04425,0.02,0.01
GET /api/items/642,1,150,150,150,150,150,150,150,0.000%,6.66667,2.90,1.22
GET /api/items/115,4,144,139,161,161,161,136,161,0.000%,.10076,0.04,0.02
PUT /api/items/109,1,132,132,132,132,132,132,132,0.000%,7.57576,3.30,2.18
GET /api/items/661,2,143,133,153,153,153,133,153,0.000%,.05876,0.03,0.01
GET /api/items/379,1,145,145,145,145,145,145,145,0.000%,6.89655,3.00,1.26
PUT /api/items/025,1,122,122,122,122,122,122,122,0.000%,8.19672,3.56,2.35
PUT /api/items/583,3,137,135,145,145,145,131,145,0.000%,.19295,0.08,0.06
PUT /api/items/456,1,150,150,150,150,150,150,150,0.000%,6.66667,2.90,1.91
PUT /api/items/013,2,138,122,155,155,155,122,155,0.000%,.04281,0.02,0.01
GET /api/items/735,2,148,145,151,151,151,145,151,0.000%,.23140,0.10,0.04
PUT /api/items/046,2,152,148,156,156,156,148,156,0.000%,.09987,0.04,0.03
GET /api/items/268,3,130,140,168,168,168,83,168,0.000%,.05969,0.03,0.01
PUT /api/items/795,3,138,141,143,143,143,131,143,0.000%,.15676,0.07,0.05
PUT /api/items/441,3,145,141,158,158,158,138,158,0.000%,.08101,0.04,0.02
PUT /api/items/461,1,158,158,158,158,158,158,158,0.000%,6.32911,2.76,1.82
GET /api/items/952,1,138,138,138,138,138,138,138,0.000%,7.24638,3.16,1.32
PUT /api/items/541,1,154,154,154,154,154,154,154,0.000%,6.49351,2.83,1.86
GET /api/items/225,1,132,132,132,132,132,132,132,0.000%,7.57576,3.30,1.38
GET /api/items/572,1,150,150,150,150,150,150,150,0.000%,6.66667,2.90,1.22
PUT /api/items/805,2,129,125,134,134,134,125,134,0.000%,.05002,0.02,0.01
GET /api/items/038,2,154,126,182,182,182,126,182,0.000%,.06869,0.03,0.01
GET /api/items/600,1,133,133,133,133,133,133,133,0.000%,7.51880,3.27,1.37
PUT /api/items/004,2,132,130,135,135,135,130,135,0.000%,.04690,0.02,0.01
GET /api/items/835,2,155,154,156,156,156,154,156,0.000%,.05150,0.02,0.01
GET /api/items/917,2,132,131,133,133,133,131,133,0.000%,.13919,0.06,0.03
PUT /api/items/350,2,141,140,143,143,143,140,143,0.000%,.13666,0.06,0.04
PUT /api/items/847,1,135,135,135,135,135,135,135,0.000%,7.40741,3.23,2.13
GET /api/items/925,2,136,136,137,137,137,136,137,0.000%,.22973,0.10,0.04
PUT /api/items/159,4,139,135,150,150,150,134,150,0.000%,.10364,0.05,0.03
GET /api/items/142,1,128,128,128,128,128,128,128,0.000%,7.81250,3.40,1.43
PUT /api/items/675,3,155,156,181,181,181,130,181,0.000%,.08141,0.04,0.02
GET /api/items/308,1,120,120,120,120,120,120,120,0.000%,8.33333,3.63,1.52
GET /api/items/685,3,144,146,151,151,151,136,151,0.000%,.07989,0.03,0.01
PUT /api/items/008,4,136,127,154,154,154,126,154,0.000%,.17228,0.07,0.05
PUT /api/items/589,2,145,144,146,146,146,144,146,0.000%,.10764,0.05,0.03
GET /api/items/498,4,140,136,148,148,148,135,148,0.000%,.09429,0.04,0.02
PUT /api/items/717,2,127,120,134,134,134,120,134,0.000%,.04936,0.02,0.01
GET /api/items/798,2,131,128,134,134,134,128,134,0.000%,.04727,0.02,0.01
PUT /api/items/830,3,137,141,146,146,146,126,146,0.000%,.09148,0.04,0.03
GET /api/items/209,2,142,131,153,153,153,131,153,0.000%,.93110,0.41,0.17
GET /api/items/431,1,129,129,129,129,129,129,129,0.000%,7.75194,3.38,1.42
PUT /api/items/553,1,139,139,139,139,139,139,139,0.000%,7.19424,3.13,2.07
PUT /api/items/872,1,124,124,124,124,124,124,124,0.000%,8.06452,3.51,2.32
GET /api/items/125,2,138,132,145,145,145,132,145,0.000%,.05105,0.02,0.01
PUT /api/items/603,2,136,132,141,141,141,132,141,0.000%,.08512,0.04,0.02
PUT /api/items/922,2,137,130,144,144,144,130,144,0.000%,.09163,0.04,0.03
GET /api/items/262,2,132,124,140,140,140,124,140,0.000%,.08931,0.04,0.02
PUT /api/items/986,2,135,131,140,140,140,131,140,0.000%,.22507,0.10,0.06
GET /api/items/795,5,143,140,142,164,164,131,164,0.000%,.12802,0.06,0.02
PUT /api/items/320,1,127,127,127,127,127,127,127,0.000%,7.87402,3.43,2.26
PUT /api/items/412,1,125,125,125,125,125,125,125,0.000%,8.00000,3.48,2.30
GET /api/items/960,2,133,132,134,134,134,132,134,0.000%,.05053,0.02,0.01
PUT /api/items/970,3,150,142,172,172,172,137,172,0.000%,.08769,0.04,0.03
GET /api/items/874,1,134,134,134,134,134,134,134,0.000%,7.46269,3.25,1.36
PUT /api/items/743,1,141,141,141,141,141,141,141,0.000%,7.09220,3.09,2.04
GET /api/items/884,1,148,148,148,148,148,148,148,0.000%,6.75676,2.94,1.23
PUT /api/items/856,2,127,121,133,133,133,121,133,0.000%,.04851,0.02,0.01
GET /api/items/445,4,149,138,175,175,175,133,175,0.000%,.14628,0.06,0.03
PUT /api/items/035,2,146,134,159,159,159,134,159,0.000%,.31621,0.14,0.09
PUT /api/items/280,1,130,130,130,130,130,130,130,0.000%,7.69231,3.35,2.21
GET /api/items/162,1,131,131,131,131,131,131,131,0.000%,7.63359,3.32,1.39
PUT /api/items/761,1,157,157,157,157,157,157,157,0.000%,6.36943,2.77,1.83
GET /api/items/523,2,140,124,157,157,157,124,157,0.000%,.10436,0.05,0.02
PUT /api/items/716,1,144,144,144,144,144,144,144,0.000%,6.94444,3.02,1.99
PUT /api/items/392,1,144,144,144,144,144,144,144,0.000%,6.94444,3.02,1.99
PUT /api/items/642,1,134,134,134,134,134,134,134,0.000%,7.46269,3.25,2.14
PUT /api/items/860,2,138,137,140,140,140,137,140,0.000%,.13098,0.06,0.04
PUT /api/items/321,2,143,138,149,149,149,138,149,0.000%,.05037,0.02,0.01
GET /api/items/524,1,138,138,138,138,138,138,138,0.000%,7.24638,3.16,1.32
GET /api/items/840,2,159,140,179,179,179,140,179,0.000%,.05888,0.03,0.01
PUT /api/items/793,2,153,151,155,155,155,151,155,0.000%,.44914,0.20,0.13
PUT /api/items/554,2,134,134,135,135,135,134,135,0.000%,8.47458,3.69,2.43
GET /api/items/357,1,163,163,163,163,163,163,163,0.000%,6.13497,2.67,1.12
PUT /api/items/115,3,133,134,140,140,140,127,140,0.000%,.07379,0.03,0.02
GET /api/items/121,2,127,97,158,158,158,97,158,0.000%,.04493,0.02,0.01
PUT /api/items/378,1,145,145,145,145,145,145,145,0.000%,6.89655,3.00,1.98
PUT /api/items/459,1,159,159,159,159,159,159,159,0.000%,6.28931,2.74,1.81
GET /api/items/287,1,76,76,76,76,76,76,76,0.000%,13.15789,5.73,2.40
PUT /api/items/839,2,146,143,149,149,149,143,149,0.000%,.08095,0.04,0.02
PUT /api/items/825,1,158,158,158,158,158,158,158,0.000%,6.32911,2.76,1.82
PUT /api/items/306,2,157,148,167,167,167,148,167,0.000%,.16672,0.07,0.05
GET /api/items/259,2,149,137,162,162,162,137,162,0.000%,.10289,0.04,0.02
PUT /api/items/965,2,153,125,181,181,181,125,181,0.000%,.05381,0.02,0.02
PUT /api/items/393,1,183,183,183,183,183,183,183,0.000%,5.46448,2.37,1.57
PUT /api/items/771,1,193,193,193,193,193,193,193,0.000%,5.18135,2.26,1.49
GET /api/items/633,1,162,162,162,162,162,162,162,0.000%,6.17284,2.69,1.13
GET /api/items/215,3,145,170,186,186,186,81,186,0.000%,.06713,0.03,0.01
PUT /api/items/564,2,156,131,181,181,181,131,181,0.000%,.92251,0.40,0.26
PUT /api/items/497,2,154,151,157,157,157,151,157,0.000%,.23952,0.10,0.07
PUT /api/items/135,1,154,154,154,154,154,154,154,0.000%,6.49351,2.83,1.86
PUT /api/items/281,4,140,139,147,147,147,131,147,0.000%,.10590,0.05,0.03
PUT /api/items/237,2,147,137,158,158,158,137,158,0.000%,.07607,0.03,0.02
GET /api/items/188,2,155,143,168,168,168,143,168,0.000%,.07889,0.03,0.01
PUT /api/items/594,1,137,137,137,137,137,137,137,0.000%,7.29927,3.18,2.10
PUT /api/items/573,2,146,136,156,156,156,136,156,0.000%,.83998,0.37,0.24
PUT /api/items/238,1,141,141,141,141,141,141,141,0.000%,7.09220,3.09,2.04
PUT /api/items/215,2,137,134,140,140,140,134,140,0.000%,.30562,0.13,0.09
PUT /api/items/203,1,153,153,153,153,153,153,153,0.000%,6.53595,2.85,1.88
PUT /api/items/433,2,135,131,139,139,139,131,139,0.000%,.13547,0.06,0.04
PUT /api/items/691,3,144,140,162,162,162,132,162,0.000%,.11083,0.05,0.03
GET /api/items/895,1,138,138,138,138,138,138,138,0.000%,7.24638,3.16,1.32
GET /api/items/753,2,139,133,146,146,146,133,146,0.000%,.15857,0.07,0.03
PUT /api/items/323,1,169,169,169,169,169,169,169,0.000%,5.91716,2.58,1.70
PUT /api/items/196,1,155,155,155,155,155,155,155,0.000%,6.45161,2.81,1.85
PUT /api/items/329,1,157,157,157,157,157,157,157,0.000%,6.36943,2.77,1.83
PUT /api/items/147,1,153,153,153,153,153,153,153,0.000%,6.53595,2.85,1.88
GET /api/items/149,1,141,141,141,141,141,141,141,0.000%,7.09220,3.09,1.30
PUT /api/items/307,1,140,140,140,140,140,140,140,0.000%,7.14286,3.11,2.05
GET /api/items/128,2,152,145,160,160,160,145,160,0.000%,.40816,0.18,0.07
PUT /api/items/942,1,148,148,148,148,148,148,148,0.000%,6.75676,2.94,1.94
GET /api/items/765,2,133,120,147,147,147,120,147,0.000%,.05378,0.02,0.01
PUT /api/items/191,1,137,137,137,137,137,137,137,0.000%,7.29927,3.18,2.10
PUT /api/items/998,1,148,148,148,148,148,148,148,0.000%,6.75676,2.94,1.94
GET /api/items/460,1,138,138,138,138,138,138,138,0.000%,7.24638,3.16,1.32
GET /api/items/918,1,142,142,142,142,142,142,142,0.000%,7.04225,3.07,1.29
GET /api/items/105,1,142,142,142,142,142,142,142,0.000%,7.04225,3.07,1.29
GET /api/items/737,1,152,152,152,152,152,152,152,0.000%,6.57895,2.87,1.20
PUT /api/items/428,1,150,150,150,150,150,150,150,0.000%,6.66667,2.90,1.91
PUT /api/items/270,1,141,141,141,141,141,141,141,0.000%,7.09220,3.09,2.04
GET /api/items/938,1,166,166,166,166,166,166,166,0.000%,6.02410,2.62,1.10
PUT /api/items/317,2,144,140,148,148,148,140,148,0.000%,.10827,0.05,0.03
GET /api/items/418,2,149,137,161,161,161,137,161,0.000%,.37495,0.16,0.07
GET /api/items/030,2,138,135,141,141,141,135,141,0.000%,.14662,0.06,0.03
PUT /api/items/903,2,134,133,136,136,136,133,136,0.000%,.12440,0.05,0.04
PUT /api/items/106,2,113,94,132,132,132,94,132,0.000%,.04978,0.02,0.01
GET /api/items/999,4,131,128,169,169,169,88,169,0.000%,.10335,0.05,0.02
GET /api/items/295,1,164,164,164,164,164,164,164,0.000%,6.09756,2.66,1.11
GET /api/items/051,1,130,130,130,130,130,130,130,0.000%,7.69231,3.34,1.40
PUT /api/items/772,1,127,127,127,127,127,127,127,0.000%,7.87402,3.43,2.26
PUT /api/items/792,1,135,135,135,135,135,135,135,0.000%,7.40741,3.23,2.13
GET /api/items/843,2,165,151,179,179,179,151,179,0.000%,.07340,0.03,0.01
PUT /api/items/074,2,130,129,131,131,131,129,131,0.000%,.06205,0.03,0.02
GET /api/items/903,3,126,124,133,133,133,121,133,0.000%,.08473,0.04,0.02
PUT /api/items/857,1,131,131,131,131,131,131,131,0.000%,7.63359,3.32,2.19
PUT /api/items/180,1,132,132,132,132,132,132,132,0.000%,7.57576,3.30,2.18
PUT /api/items/359,1,130,130,130,130,130,130,130,0.000%,7.69231,3.35,2.21
GET /api/items/408,2,144,138,151,151,151,138,151,0.000%,.14525,0.06,0.03
GET /api/items/282,1,129,129,129,129,129,129,129,0.000%,7.75194,3.38,1.42
PUT /api/items/123,1,137,137,137,137,137,137,137,0.000%,7.29927,3.18,2.10
GET /api/items/070,2,134,132,137,137,137,132,137,0.000%,.08132,0.04,0.01
PUT /api/items/304,2,142,125,159,159,159,125,159,0.000%,.07121,0.03,0.02
GET /api/items/690,2,135,129,142,142,142,129,142,0.000%,.07817,0.03,0.01
PUT /api/items/141,1,124,124,124,124,124,124,124,0.000%,8.06452,3.51,2.32
GET /api/items/286,1,129,129,129,129,129,129,129,0.000%,7.75194,3.38,1.42
GET /api/items/595,1,142,142,142,142,142,142,142,0.000%,7.04225,3.07,1.29
GET /api/items/794,2,141,125,157,157,157,125,157,0.000%,.05619,0.02,0.01
GET /api/items/850,1,134,134,134,134,134,134,134,0.000%,7.46269,3.25,1.36
GET /api/items/809,2,147,135,159,159,159,135,159,0.000%,.07763,0.03,0.01
PUT /api/items/997,2,156,142,171,171,171,142,171,0.000%,.09484,0.04,0.03
GET /api/items/323,1,139,139,139,139,139,139,139,0.000%,7.19424,3.13,1.31
PUT /api/items/263,1,154,154,154,154,154,154,154,0.000%,6.49351,2.83,1.86
GET /api/items/660,1,146,146,146,146,146,146,146,0.000%,6.84932,2.98,1.25
GET /api/items/187,1,155,155,155,155,155,155,155,0.000%,6.45161,2.82,1.18
PUT /api/items/247,1,171,171,171,171,171,171,171,0.000%,5.84795,2.55,1.68
PUT /api/items/256,1,161,161,161,161,161,161,161,0.000%,6.21118,2.71,1.78
GET /api/items/516,1,156,156,156,156,156,156,156,0.000%,6.41026,2.79,1.17
GET /api/items/511,1,154,154,154,154,154,154,154,0.000%,6.49351,2.82,1.19
GET /api/items/659,1,143,143,143,143,143,143,143,0.000%,6.99301,3.05,1.28
GET /api/items/863,1,147,147,147,147,147,147,147,0.000%,6.80272,2.96,1.24
PUT /api/items/610,1,145,145,145,145,145,145,145,0.000%,6.89655,3.00,1.98
PUT /api/items/608,3,150,149,158,158,158,145,158,0.000%,.12516,0.05,0.04
PUT /api/items/494,1,142,142,142,142,142,142,142,0.000%,7.04225,3.07,2.02
PUT /api/items/287,2,137,135,140,140,140,135,140,0.000%,.06660,0.03,0.02
GET /api/items/497,2,158,153,164,164,164,153,164,0.000%,.10534,0.05,0.02
PUT /api/items/561,1,146,146,146,146,146,146,146,0.000%,6.84932,2.98,1.97
GET /api/items/603,1,164,164,164,164,164,164,164,0.000%,6.09756,2.66,1.11
PUT /api/items/802,1,143,143,143,143,143,143,143,0.000%,6.99301,3.05,2.01
GET /api/items/148,3,144,144,148,148,148,142,148,0.000%,.55928,0.24,0.10
GET /api/items/244,2,136,128,145,145,145,128,145,0.000%,.28074,0.12,0.05
PUT /api/items/305,2,145,136,155,155,155,136,155,0.000%,.15579,0.07,0.04
PUT /api/items/668,2,157,149,165,165,165,149,165,0.000%,.24540,0.11,0.07
PUT /api/items/394,1,136,136,136,136,136,136,136,0.000%,7.35294,3.20,2.11
GET /api/items/559,2,125,107,144,144,144,107,144,0.000%,.05683,0.02,0.01
GET /api/items/432,1,158,158,158,158,158,158,158,0.000%,6.32911,2.76,1.16
PUT /api/items/264,1,138,138,138,138,138,138,138,0.000%,7.24638,3.15,2.08
PUT /api/items/746,1,136,136,136,136,136,136,136,0.000%,7.35294,3.20,2.11
GET /api/items/505,1,148,148,148,148,148,148,148,0.000%,6.75676,2.94,1.23
PUT /api/items/852,2,146,132,160,160,160,132,160,0.000%,.08083,0.04,0.02
GET /api/items/790,1,129,129,129,129,129,129,129,0.000%,7.75194,3.38,1.42
PUT /api/items/908,1,133,133,133,133,133,133,133,0.000%,7.51880,3.27,2.16
GET /api/items/275,2,143,127,159,159,159,127,159,0.000%,.06244,0.03,0.01
PUT /api/items/102,2,148,128,168,168,168,128,168,0.000%,.10824,0.05,0.03
PUT /api/items/950,1,145,145,145,145,145,145,145,0.000%,6.89655,3.00,1.98
GET /api/items/227,2,137,124,150,150,150,124,150,0.000%,.24603,0.11,0.04
PUT /api/items/289,1,143,143,143,143,143,143,143,0.000%,6.99301,3.05,2.01
PUT /api/items/432,1,156,156,156,156,156,156,156,0.000%,6.41026,2.79,1.84
PUT /api/items/735,1,145,145,145,145,145,145,145,0.000%,6.89655,3.00,1.98
PUT /api/items/413,2,137,134,140,140,140,134,140,0.000%,.16620,0.07,0.05
PUT /api/items/838,1,133,133,133,133,133,133,133,0.000%,7.51880,3.27,2.16
GET /api/items/438,1,134,134,134,134,134,134,134,0.000%,7.46269,3.25,1.36
GET /api/items/989,2,137,137,137,137,137,137,137,0.000%,.15886,0.07,0.03
PUT /api/items/368,3,139,138,146,146,146,135,146,0.000%,.12645,0.06,0.04
GET /api/items/219,1,133,133,133,133,133,133,133,0.000%,7.51880,3.27,1.37
GET /api/items/370,1,146,146,146,146,146,146,146,0.000%,6.84932,2.98,1.25
GET /api/items/184,1,142,142,142,142,142,142,142,0.000%,7.04225,3.07,1.29
PUT /api/items/969,2,153,153,154,154,154,153,154,0.000%,.08992,0.04,0.03
PUT /api/items/438,1,126,126,126,126,126,126,126,0.000%,7.93651,3.46,2.28
PUT /api/items/419,1,121,121,121,121,121,121,121,0.000%,8.26446,3.60,2.37
GET /api/items/423,2,143,127,160,160,160,127,160,0.000%,.08866,0.04,0.02
GET /api/items/101,3,131,131,136,136,136,127,136,0.000%,.11137,0.05,0.02
PUT /api/items/454,1,133,133,133,133,133,133,133,0.000%,7.51880,3.27,2.16
PUT /api/items/728,3,136,129,151,151,151,129,151,0.000%,.14021,0.06,0.04
PUT /api/items/371,1,129,129,129,129,129,129,129,0.000%,7.75194,3.38,2.23
GET /api/items/385,1,132,132,132,132,132,132,132,0.000%,7.57576,3.30,1.38
PUT /api/items/356,1,136,136,136,136,136,136,136,0.000%,7.35294,3.20,2.11
GET /api/items/771,1,139,139,139,139,139,139,139,0.000%,7.19424,3.13,1.31
PUT /api/items/690,1,129,129,129,129,129,129,129,0.000%,7.75194,3.38,2.23
GET /api/items/612,1,138,138,138,138,138,138,138,0.000%,7.24638,3.16,1.32
GET /api/items/974,1,141,141,141,141,141,141,141,0.000%,7.09220,3.09,1.30
GET /api/items/141,2,142,136,148,148,148,136,148,0.000%,.10568,0.05,0.02
GET /api/items/205,2,134,130,138,138,138,130,138,0.000%,.07780,0.03,0.01
PUT /api/items/694,1,156,156,156,156,156,156,156,0.000%,6.41026,2.79,1.84
PUT /api/items/372,2,142,141,144,144,144,141,144,0.000%,.31913,0.14,0.09
PUT /api/items/720,1,141,141,141,141,141,141,141,0.000%,7.09220,3.09,2.04
GET /api/items/696,1,139,139,139,139,139,139,139,0.000%,7.19424,3.13,1.31
PUT /api/items/151,1,147,147,147,147,147,147,147,0.000%,6.80272,2.96,1.95
GET /api/items/573,2,135,135,136,136,136,135,136,0.000%,.56370,0.25,0.10
PUT /api/items/865,2,119,104,135,135,135,104,135,0.000%,.06806,0.03,0.02
PUT /api/items/506,1,135,135,135,135,135,135,135,0.000%,7.40741,3.23,2.13
PUT /api/items/160,1,161,161,161,161,161,161,161,0.000%,6.21118,2.71,1.78
GET /api/items/721,2,175,144,207,207,207,144,207,0.000%,.21213,0.09,0.04
GET /api/items/232,1,131,131,131,131,131,131,131,0.000%,7.63359,3.32,1.39
GET /api/items/611,3,127,138,149,149,149,95,149,0.000%,.08682,0.04,0.02
PUT /api/items/763,1,138,138,138,138,138,138,138,0.000%,7.24638,3.16,2.08
PUT /api/items/648,3,149,139,181,181,181,127,181,0.000%,.21173,0.09,0.06
GET /api/items/023,1,124,124,124,124,124,124,124,0.000%,8.06452,3.50,1.47
PUT /api/items/131,2,128,128,129,129,129,128,129,0.000%,.92937,0.40,0.27
GET /api/items/576,1,134,134,134,134,134,134,134,0.000%,7.46269,3.25,1.36
GET /api/items/072,1,143,143,143,143,143,143,143,0.000%,6.99301,3.04,1.28
PUT /api/items/007,1,127,127,127,127,127,127,127,0.000%,7.87402,3.41,2.26
PUT /api/items/179,1,133,133,133,133,133,133,133,0.000%,7.51880,3.27,2.16
PUT /api/items/811,1,145,145,145,145,145,145,145,0.000%,6.89655,3.00,1.98
GET /api/items/486,1,126,126,126,126,126,126,126,0.000%,7.93651,3.46,1.45
PUT /api/items/474,1,124,124,124,124,124,124,124,0.000%,8.06452,3.51,2.32
PUT /api/items/173,1,132,132,132,132,132,132,132,0.000%,7.57576,3.30,2.18
GET /api/items/154,1,129,129,129,129,129,129,129,0.000%,7.75194,3.38,1.42
PUT /api/items/789,1,136,136,136,136,136,136,136,0.000%,7.35294,3.20,2.11
GET /api/items/459,1,161,161,161,161,161,161,161,0.000%,6.21118,2.71,1.13
PUT /api/items/558,1,140,140,140,140,140,140,140,0.000%,7.14286,3.11,2.05
PUT /api/items/338,1,145,145,145,145,145,145,145,0.000%,6.89655,3.00,1.98
PUT /api/items/187,2,145,133,157,157,157,133,157,0.000%,.85324,0.37,0.24
GET /api/items/249,2,138,138,138,138,138,138,138,0.000%,.66401,0.29,0.12
PUT /api/items/661,1,134,134,134,134,134,134,134,0.000%,7.46269,3.25,2.14
PUT /api/items/782,1,130,130,130,130,130,130,130,0.000%,7.69231,3.35,2.21
PUT /api/items/806,2,138,138,139,139,139,138,139,0.000%,.09614,0.04,0.03
GET /api/items/504,1,134,134,134,134,134,134,134,0.000%,7.46269,3.25,1.36
PUT /api/items/927,1,151,151,151,151,151,151,151,0.000%,6.62252,2.88,1.90
PUT /api/items/732,2,145,139,152,152,152,139,152,0.000%,.25419,0.11,0.07
PUT /api/items/387,1,135,135,135,135,135,135,135,0.000%,7.40741,3.23,2.13
PUT /api/items/794,2,147,128,166,166,166,128,166,0.000%,.10942,0.05,0.03
PUT /api/items/911,2,136,132,141,141,141,132,141,0.000%,.09614,0.04,0.03
PUT /api/items/152,1,125,125,125,125,125,125,125,0.000%,8.00000,3.48,2.30
GET /api/items/865,2,132,128,137,137,137,128,137,0.000%,1.53022,0.67,0.28
PUT /api/items/216,1,143,143,143,143,143,143,143,0.000%,6.99301,3.05,2.01
GET /api/items/752,1,144,144,144,144,144,144,144,0.000%,6.94444,3.02,1.27
GET /api/items/119,1,144,144,144,144,144,144,144,0.000%,6.94444,3.02,1.27
PUT /api/items/565,2,131,127,136,136,136,127,136,0.000%,.23655,0.10,0.07
PUT /api/items/075,2,144,140,148,148,148,140,148,0.000%,.17953,0.08,0.05
GET /api/items/491,1,136,136,136,136,136,136,136,0.000%,7.35294,3.20,1.34
GET /api/items/372,4,168,157,198,198,198,135,198,0.000%,.23901,0.10,0.04
GET /api/items/586,2,134,134,135,135,135,134,135,0.000%,.16896,0.07,0.03
PUT /api/items/347,1,134,134,134,134,134,134,134,0.000%,7.46269,3.25,2.14
GET /api/items/326,1,135,135,135,135,135,135,135,0.000%,7.40741,3.23,1.35
PUT /api/items/448,2,158,139,177,177,177,139,177,0.000%,.12471,0.05,0.04
PUT /api/items/877,1,141,141,141,141,141,141,141,0.000%,7.09220,3.09,2.04
GET /api/items/421,1,138,138,138,138,138,138,138,0.000%,7.24638,3.16,1.32
GET /api/items/671,1,143,143,143,143,143,143,143,0.000%,6.99301,3.05,1.28
GET /api/items/506,1,152,152,152,152,152,152,152,0.000%,6.57895,2.87,1.20
GET /api/items/430,1,141,141,141,141,141,141,141,0.000%,7.09220,3.09,1.30
PUT /api/items/206,1,130,130,130,130,130,130,130,0.000%,7.69231,3.35,2.21
GET /api/items/099,1,141,141,141,141,141,141,141,0.000%,7.09220,3.07,1.30
PUT /api/items/623,1,144,144,144,144,144,144,144,0.000%,6.94444,3.02,1.99
GET /api/items/861,1,150,150,150,150,150,150,150,0.000%,6.66667,2.90,1.22
PUT /api/items/695,1,132,132,132,132,132,132,132,0.000%,7.57576,3.29,2.18
GET /api/items/120,1,131,131,131,131,131,131,131,0.000%,7.63359,3.32,1.39
PUT /api/items/696,1,138,138,138,138,138,138,138,0.000%,7.24638,3.16,2.08
GET /api/items/193,2,142,141,143,143,143,141,143,0.000%,8.33333,3.63,1.52
PUT /api/items/460,1,136,136,136,136,136,136,136,0.000%,7.35294,3.20,2.11
GET /api/items/060,3,150,142,167,167,167,141,167,0.000%,.19227,0.08,0.04
PUT /api/items/217,3,148,147,152,152,152,147,152,0.000%,.45413,0.20,0.13
PUT /api/items/295,1,131,131,131,131,131,131,131,0.000%,7.63359,3.32,2.19
GET /api/items/579,1,144,144,144,144,144,144,144,0.000%,6.94444,3.02,1.27
PUT /api/items/121,1,136,136,136,136,136,136,136,0.000%,7.35294,3.20,2.11
GET /api/items/747,2,146,141,151,151,151,141,151,0.000%,.12115,0.05,0.02
GET /api/items/151,1,133,133,133,133,133,133,133,0.000%,7.51880,3.28,1.37
PUT /api/items/888,1,138,138,138,138,138,138,138,0.000%,7.24638,3.16,2.08
GET /api/items/745,1,140,140,140,140,140,140,140,0.000%,7.14286,3.11,1.30
PUT /api/items/266,1,133,133,133,133,133,133,133,0.000%,7.51880,3.27,2.16
GET /api/items/857,1,156,156,156,156,156,156,156,0.000%,6.41026,2.79,1.17
GET /api/items/386,1,138,138,138,138,138,138,138,0.000%,7.24638,3.16,1.32
PUT /api/items/400,2,159,142,176,176,176,142,176,0.000%,.26738,0.12,0.08
PUT /api/items/983,1,144,144,144,144,144,144,144,0.000%,6.94444,3.02,1.99
PUT /api/items/294,1,139,139,139,139,139,139,139,0.000%,7.19424,3.13,2.07
PUT /api/items/205,1,158,158,158,158,158,158,158,0.000%,6.32911,2.76,1.82
PUT /api/items/863,2,108,78,139,139,139,78,139,0.000%,.08067,0.04,0.02
PUT /api/items/597,1,140,140,140,140,140,140,140,0.000%,7.14286,3.11,2.05
PUT /api/items/750,2,143,140,147,147,147,140,147,0.000%,1.09349,0.48,0.31
GET /api/items/419,2,147,138,156,156,156,138,156,0.000%,1.08401,0.47,0.20
GET /api/items/210,1,165,165,165,165,165,165,165,0.000%,6.06061,2.64,1.11
PUT /api/items/609,1,154,154,154,154,154,154,154,0.000%,6.49351,2.83,1.86
PUT /api/items/887,2,134,80,189,189,189,80,189,0.000%,.08052,0.04,0.02
PUT /api/items/481,2,135,118,153,153,153,118,153,0.000%,.09681,0.04,0.03
GET /api/items/074,1,168,168,168,168,168,168,168,0.000%,5.95238,2.59,1.09
PUT /api/items/495,1,153,153,153,153,153,153,153,0.000%,6.53595,2.85,1.88
GET /api/items/136,1,141,141,141,141,141,141,141,0.000%,7.09220,3.09,1.30
PUT /api/items/087,1,166,166,166,166,166,166,166,0.000%,6.02410,2.61,1.73
GET /api/items/126,1,141,141,141,141,141,141,141,0.000%,7.09220,3.10,1.30
GET /api/items/551,1,159,159,159,159,159,159,159,0.000%,6.28931,2.74,1.15
PUT /api/items/390,1,160,160,160,160,160,160,160,0.000%,6.25000,2.72,1.79
GET /api/items/029,1,134,134,134,134,134,134,134,0.000%,7.46269,3.24,1.36
GET /api/items/1000,1,141,141,141,141,141,141,141,0.000%,7.09220,3.11,1.30
GET /api/items/021,3,137,139,148,148,148,126,148,0.000%,.16199,0.07,0.03
GET /api/items/474,1,149,149,149,149,149,149,149,0.000%,6.71141,2.92,1.23
GET /api/items/479,1,132,132,132,132,132,132,132,0.000%,7.57576,3.30,1.38
PUT /api/items/621,1,158,158,158,158,158,158,158,0.000%,6.32911,2.76,1.82
GET /api/items/472,1,131,131,131,131,131,131,131,0.000%,7.63359,3.32,1.39
PUT /api/items/518,2,119,83,156,156,156,83,156,0.000%,.08561,0.04,0.02
PUT /api/items/951,1,148,148,148,148,148,148,148,0.000%,6.75676,2.94,1.94
PUT /api/items/992,2,139,127,152,152,152,127,152,0.000%,.33518,0.15,0.10
GET /api/items/787,1,149,149,149,149,149,149,149,0.000%,6.71141,2.92,1.23
PUT /api/items/571,1,154,154,154,154,154,154,154,0.000%,6.49351,2.83,1.86
GET /api/items/169,1,195,195,195,195,195,195,195,0.000%,5.12821,2.23,0.94
PUT /api/items/778,2,156,112,201,201,201,112,201,0.000%,.10645,0.05,0.03
PUT /api/items/503,1,161,161,161,161,161,161,161,0.000%,6.21118,2.71,1.78
GET /api/items/004,2,163,160,166,166,166,160,166,0.000%,.18508,0.08,0.03
PUT /api/items/683,1,185,185,185,185,185,185,185,0.000%,5.40541,2.35,1.55
GET /api/items/980,2,161,146,177,177,177,146,177,0.000%,.16243,0.07,0.03
GET /api/items/002,1,166,166,166,166,166,166,166,0.000%,6.02410,2.61,1.10
GET /api/items/425,2,131,119,143,143,143,119,143,0.000%,.11169,0.05,0.02
PUT /api/items/170,1,186,186,186,186,186,186,186,0.000%,5.37634,2.34,1.54
GET /api/items/499,1,181,181,181,181,181,181,181,0.000%,5.52486,2.41,1.01
GET /api/items/133,1,176,176,176,176,176,176,176,0.000%,5.68182,2.47,1.04
PUT /api/items/733,1,175,175,175,175,175,175,175,0.000%,5.71429,2.49,1.64
PUT /api/items/286,2,150,138,162,162,162,138,162,0.000%,.58514,0.25,0.17
PUT /api/items/155,1,155,155,155,155,155,155,155,0.000%,6.45161,2.81,1.85
PUT /api/items/462,1,177,177,177,177,177,177,177,0.000%,5.64972,2.46,1.62
PUT /api/items/739,2,146,137,156,156,156,137,156,0.000%,.16728,0.07,0.05
GET /api/items/248,1,142,142,142,142,142,142,142,0.000%,7.04225,3.07,1.29
GET /api/items/575,2,138,110,167,167,167,110,167,0.000%,.12044,0.05,0.02
GET /api/items/864,1,153,153,153,153,153,153,153,0.000%,6.53595,2.85,1.19
GET /api/items/921,1,163,163,163,163,163,163,163,0.000%,6.13497,2.67,1.12
GET /api/items/976,4,141,141,146,146,146,134,146,0.000%,1.00578,0.44,0.18
GET /api/items/064,2,152,143,162,162,162,143,162,0.000%,.19294,0.08,0.04
PUT /api/items/671,3,147,140,186,186,186,116,186,0.000%,.20191,0.09,0.06
PUT /api/items/831,1,138,138,138,138,138,138,138,0.000%,7.24638,3.16,2.08
PUT /api/items/258,1,133,133,133,133,133,133,133,0.000%,7.51880,3.27,2.16
GET /api/items/543,1,150,150,150,150,150,150,150,0.000%,6.66667,2.90,1.22
GET /api/items/266,1,153,153,153,153,153,153,153,0.000%,6.53595,2.85,1.19
PUT /api/items/009,1,169,169,169,169,169,169,169,0.000%,5.91716,2.56,1.70
PUT /api/items/886,1,150,150,150,150,150,150,150,0.000%,6.66667,2.90,1.91
GET /api/items/949,1,162,162,162,162,162,162,162,0.000%,6.17284,2.69,1.13
GET /api/items/192,1,165,165,165,165,165,165,165,0.000%,6.06061,2.64,1.11
GET /api/items/561,1,153,153,153,153,153,153,153,0.000%,6.53595,2.85,1.19
PUT /api/items/471,1,149,149,149,149,149,149,149,0.000%,6.71141,2.92,1.93
GET /api/items/304,1,149,149,149,149,149,149,149,0.000%,6.71141,2.92,1.23
PUT /api/items/333,1,134,134,134,134,134,134,134,0.000%,7.46269,3.24,2.14
GET /api/items/389,1,161,161,161,161,161,161,161,0.000%,6.21118,2.71,1.13
PUT /api/items/288,1,173,173,173,173,173,173,173,0.000%,5.78035,2.52,1.66
PUT /api/items/145,1,167,167,167,167,167,167,167,0.000%,5.98802,2.61,1.72
GET /api/items/733,1,174,174,174,174,174,174,174,0.000%,5.74713,2.50,1.05
PUT /api/items/605,1,183,183,183,183,183,183,183,0.000%,5.46448,2.38,1.57
GET /api/items/153,1,185,185,185,185,185,185,185,0.000%,5.40541,2.35,0.99
PUT /api/items/729,1,154,154,154,154,154,154,154,0.000%,6.49351,2.83,1.86
PUT /api/items/731,1,168,168,168,168,168,168,168,0.000%,5.95238,2.59,1.71
PUT /api/items/071,1,146,146,146,146,146,146,146,0.000%,6.84932,2.98,1.97
GET /api/items/167,2,146,146,147,147,147,146,147,0.000%,.22399,0.10,0.04
PUT /api/items/697,1,147,147,147,147,147,147,147,0.000%,6.80272,2.96,1.95
GET /api/items/384,2,148,140,157,157,157,140,157,0.000%,1.20265,0.52,0.22
PUT /api/items/395,1,156,156,156,156,156,156,156,0.000%,6.41026,2.79,1.84
PUT /api/items/193,1,129,129,129,129,129,129,129,0.000%,7.75194,3.38,2.23
PUT /api/items/022,2,140,132,148,148,148,132,148,0.000%,.30340,0.13,0.09
PUT /api/items/051,1,147,147,147,147,147,147,147,0.000%,6.80272,2.95,1.95
PUT /api/items/271,4,132,124,156,156,156,97,156,0.000%,.28365,0.12,0.08
PUT /api/items/127,1,162,162,162,162,162,162,162,0.000%,6.17284,2.69,1.77
PUT /api/items/984,1,160,160,160,160,160,160,160,0.000%,6.25000,2.72,1.79
PUT /api/items/479,2,120,83,158,158,158,83,158,0.000%,.15765,0.07,0.05
PUT /api/items/539,1,158,158,158,158,158,158,158,0.000%,6.32911,2.76,1.82
GET /api/items/734,1,157,157,157,157,157,157,157,0.000%,6.36943,2.77,1.16
PUT /api/items/637,1,137,137,137,137,137,137,137,0.000%,7.29927,3.18,2.10
GET /api/items/860,1,146,146,146,146,146,146,146,0.000%,6.84932,2.98,1.25
PUT /api/items/975,1,147,147,147,147,147,147,147,0.000%,6.80272,2.96,1.95
GET /api/items/269,1,151,151,151,151,151,151,151,0.000%,6.62252,2.88,1.21
GET /api/items/454,1,162,162,162,162,162,162,162,0.000%,6.17284,2.69,1.13
GET /api/items/879,1,150,150,150,150,150,150,150,0.000%,6.66667,2.91,1.22
PUT /api/items/801,2,146,138,155,155,155,138,155,0.000%,.35727,0.16,0.10
PUT /api/items/365,1,162,162,162,162,162,162,162,0.000%,6.17284,2.69,1.77
GET /api/items/096,2,132,106,158,158,158,106,158,0.000%,.19270,0.08,0.04
PUT /api/items/301,3,142,140,148,148,148,139,148,0.000%,.41141,0.18,0.12
PUT /api/items/807,1,150,150,150,150,150,150,150,0.000%,6.66667,2.90,1.91
GET /api/items/078,1,167,167,167,167,167,167,167,0.000%,5.98802,2.60,1.09
PUT /api/items/546,1,144,144,144,144,144,144,144,0.000%,6.94444,3.02,1.99
PUT /api/items/883,1,170,170,170,170,170,170,170,0.000%,5.88235,2.56,1.69
GET /api/items/512,1,159,159,159,159,159,159,159,0.000%,6.28931,2.74,1.15
GET /api/items/808,1,180,180,180,180,180,180,180,0.000%,5.55556,2.42,1.01
PUT /api/items/777,1,171,171,171,171,171,171,171,0.000%,5.84795,2.55,1.68
PUT /api/items/284,1,176,176,176,176,176,176,176,0.000%,5.68182,2.47,1.63
GET /api/items/300,1,146,146,146,146,146,146,146,0.000%,6.84932,2.98,1.25
PUT /api/items/921,1,155,155,155,155,155,155,155,0.000%,6.45161,2.81,1.85
GET /api/items/656,1,152,152,152,152,152,152,152,0.000%,6.57895,2.87,1.20
PUT /api/items/262,1,157,157,157,157,157,157,157,0.000%,6.36943,2.77,1.83
PUT /api/items/535,1,154,154,154,154,154,154,154,0.000%,6.49351,2.83,1.86
GET /api/items/657,1,151,151,151,151,151,151,151,0.000%,6.62252,2.88,1.21
PUT /api/items/424,1,153,153,153,153,153,153,153,0.000%,6.53595,2.85,1.88
PUT /api/items/766,1,160,160,160,160,160,160,160,0.000%,6.25000,2.72,1.79
GET /api/items/910,1,161,161,161,161,161,161,161,0.000%,6.21118,2.71,1.13
PUT /api/items/324,2,146,125,167,167,167,125,167,0.000%,.50697,0.22,0.15
GET /api/items/901,3,129,125,160,160,160,103,160,0.000%,.24155,0.11,0.04
PUT /api/items/721,1,196,196,196,196,196,196,196,0.000%,5.10204,2.22,1.46
PUT /api/items/315,1,165,165,165,165,165,165,165,0.000%,6.06061,2.64,1.74
GET /api/items/894,1,156,156,156,156,156,156,156,0.000%,6.41026,2.79,1.17
PUT /api/items/776,1,166,166,166,166,166,166,166,0.000%,6.02410,2.62,1.73
PUT /api/items/070,1,167,167,167,167,167,167,167,0.000%,5.98802,2.60,1.72
PUT /api/items/158,1,141,141,141,141,141,141,141,0.000%,7.09220,3.09,2.04
PUT /api/items/310,1,145,145,145,145,145,145,145,0.000%,6.89655,3.00,1.98
GET /api/items/606,2,126,111,142,142,142,111,142,0.000%,.32072,0.14,0.06
PUT /api/items/722,1,149,149,149,149,149,149,149,0.000%,6.71141,2.92,1.93
PUT /api/items/536,1,149,149,149,149,149,149,149,0.000%,6.71141,2.92,1.93
GET /api/items/277,1,144,144,144,144,144,144,144,0.000%,6.94444,3.02,1.27
PUT /api/items/528,1,151,151,151,151,151,151,151,0.000%,6.62252,2.88,1.90
PUT /api/items/808,1,143,143,143,143,143,143,143,0.000%,6.99301,3.05,2.01
GET /api/items/640,1,135,135,135,135,135,135,135,0.000%,7.40741,3.23,1.35
PUT /api/items/431,1,141,141,141,141,141,141,141,0.000%,7.09220,3.09,2.04
GET /api/items/216,1,136,136,136,136,136,136,136,0.000%,7.35294,3.20,1.34
PUT /api/items/255,1,142,142,142,142,142,142,142,0.000%,7.04225,3.07,2.02
GET /api/items/846,1,141,141,141,141,141,141,141,0.000%,7.09220,3.08,1.30
PUT /api/items/367,1,135,135,135,135,135,135,135,0.000%,7.40741,3.23,2.13
GET /api/items/395,1,139,139,139,139,139,139,139,0.000%,7.19424,3.13,1.31
PUT /api/items/339,1,154,154,154,154,154,154,154,0.000%,6.49351,2.83,1.86
PUT /api/items/383,1,134,134,134,134,134,134,134,0.000%,7.46269,3.25,2.14
PUT /api/items/252,1,129,129,129,129,129,129,129,0.000%,7.75194,3.38,2.23
GET /api/items/934,1,128,128,128,128,128,128,128,0.000%,7.81250,3.40,1.43
PUT /api/items/645,1,127,127,127,127,127,127,127,0.000%,7.87402,3.43,2.26
PUT /api/items/042,1,135,135,135,135,135,135,135,0.000%,7.40741,3.22,2.13
GET /api/items/036,2,120,111,130,130,130,111,130,0.000%,.82508,0.36,0.15
GET /api/items/675,1,134,134,134,134,134,134,134,0.000%,7.46269,3.25,1.36
PUT /api/items/760,1,119,119,119,119,119,119,119,0.000%,8.40336,3.65,2.41
PUT /api/items/548,2,102,85,119,119,119,85,119,0.000%,.33676,0.15,0.10
PUT /api/items/341,1,112,112,112,112,112,112,112,0.000%,8.92857,3.88,2.56
GET /api/items/650,1,125,125,125,125,125,125,125,0.000%,8.00000,3.48,1.46
PUT /api/items/822,1,118,118,118,118,118,118,118,0.000%,8.47458,3.69,2.43
PUT /api/items/550,2,124,108,141,141,141,108,141,0.000%,.52854,0.23,0.15
PUT /api/items/331,1,145,145,145,145,145,145,145,0.000%,6.89655,3.00,1.98
PUT /api/items/534,1,123,123,123,123,123,123,123,0.000%,8.13008,3.54,2.33
GET /api/items/260,1,132,132,132,132,132,132,132,0.000%,7.57576,3.29,1.38
PUT /api/items/226,1,123,123,123,123,123,123,123,0.000%,8.13008,3.54,2.33
GET /api/items/672,1,135,135,135,135,135,135,135,0.000%,7.40741,3.23,1.35
GET /api/items/769,1,109,109,109,109,109,109,109,0.000%,9.17431,4.00,1.68
PUT /api/items/209,1,111,111,111,111,111,111,111,0.000%,9.00901,3.92,2.59
GET /api/items/245,1,108,108,108,108,108,108,108,0.000%,9.25926,4.03,1.69
GET /api/items/719,1,95,95,95,95,95,95,95,0.000%,10.52632,4.58,1.92
PUT /api/items/261,1,109,109,109,109,109,109,109,0.000%,9.17431,4.00,2.63
GET /api/items/618,1,102,102,102,102,102,102,102,0.000%,9.80392,4.26,1.79
PUT /api/items/669,1,100,100,100,100,100,100,100,0.000%,10.00000,4.37,2.87
PUT /api/items/680,1,105,105,105,105,105,105,105,0.000%,9.52381,4.15,2.73
GET /api/items/592,1,123,123,123,123,123,123,123,0.000%,8.13008,3.54,1.48
PUT /api/items/923,1,110,110,110,110,110,110,110,0.000%,9.09091,3.96,2.61
PUT /api/items/786,1,88,88,88,88,88,88,88,0.000%,11.36364,4.95,3.26
GET /api/items/422,1,104,104,104,104,104,104,104,0.000%,9.61538,4.19,1.76
GET /api/items/010,1,81,81,81,81,81,81,81,0.000%,12.34568,5.37,2.25
GET /api/items/825,1,93,93,93,93,93,93,93,0.000%,10.75269,4.68,1.96
PUT /api/items/655,1,82,82,82,82,82,82,82,0.000%,12.19512,5.30,3.50
GET /api/items/328,1,78,78,78,78,78,78,78,0.000%,12.82051,5.57,2.34
GET /api/items/849,1,104,104,104,104,104,104,104,0.000%,9.61538,4.18,1.76
PUT /api/items/399,1,92,92,92,92,92,92,92,0.000%,10.86957,4.73,3.12
TOTAL,10000,138,137,161,169,187,74,1097,0.000%,90.48300,10615.71,19.25
