Label,# Samples,Average,Median,90% Line,95% Line,99% Line,Min,Max,Error %,Throughput,Received KB/sec,Sent KB/sec
GET /api/items,5000,1519,1630,2398,2607,2970,181,3885,0.000%,22.26289,6116.14,4.09
GET /api/items/968,1,159,159,159,159,159,159,159,0.000%,6.28931,2.92,1.18
POST /api/items,1500,859,841,1447,1623,1946,139,2885,0.000%,6.72157,3.38,2.00
PUT /api/items/016,1,142,142,142,142,142,142,142,0.000%,7.04225,3.26,2.06
GET /api/items/725,2,584,162,1007,1007,1007,162,1007,0.000%,.03544,0.02,0.01
PUT /api/items/775,2,366,158,575,575,575,158,575,0.000%,.07536,0.03,0.02
GET /api/items/670,7,782,926,1104,1133,1133,139,1133,0.000%,.03862,0.02,0.01
PUT /api/items/732,1,144,144,144,144,144,144,144,0.000%,6.94444,3.22,2.03
GET /api/items/681,6,845,978,1170,1245,1245,132,1245,0.000%,.04163,0.02,0.01
GET /api/items/910,4,954,709,1829,1829,1829,151,1829,0.000%,.02502,0.01,0.00
GET /api/items/210,4,692,333,1412,1412,1412,142,1412,0.000%,.02423,0.01,0.00
PUT /api/items/550,3,178,180,208,208,208,146,208,0.000%,.01377,0.01,0.00
GET /api/items/913,3,714,940,1067,1067,1067,135,1067,0.000%,.02935,0.01,0.01
PUT /api/items/233,1,148,148,148,148,148,148,148,0.000%,6.75676,3.13,1.97
PUT /api/items/547,2,802,167,1438,1438,1438,167,1438,0.000%,.01929,0.01,0.01
GET /api/items/177,2,329,161,498,498,498,161,498,0.000%,.04342,0.02,0.01
GET /api/items/141,4,612,548,1102,1102,1102,152,1102,0.000%,.02683,0.01,0.01
GET /api/items/721,5,589,752,874,895,895,153,895,0.000%,.02810,0.01,0.01
PUT /api/items/845,3,560,699,819,819,819,164,819,0.000%,.02369,0.01,0.01
PUT /api/items/362,4,467,164,870,870,870,156,870,0.000%,.08538,0.04,0.02
GET /api/items/032,3,435,514,652,652,652,140,652,0.000%,.01633,0.01,0.00
PUT /api/items/469,4,597,319,1420,1420,1420,179,1420,0.000%,.01941,0.01,0.01
GET /api/items/345,5,788,623,629,2290,2290,141,2290,0.000%,.03368,0.02,0.01
GET /api/items/992,3,415,464,641,641,641,142,641,0.000%,.01561,0.01,0.00
GET /api/items/372,4,851,563,1623,1623,1623,154,1623,0.000%,.02792,0.01,0.01
PUT /api/items/607,2,580,148,1013,1013,1013,148,1013,0.000%,.03210,0.01,0.01
GET /api/items/774,1,155,155,155,155,155,155,155,0.000%,6.45161,2.99,1.21
PUT /api/items/869,3,905,1223,1345,1345,1345,149,1345,0.000%,.01936,0.01,0.01
PUT /api/items/157,1,152,152,152,152,152,152,152,0.000%,6.57895,3.05,1.92
GET /api/items/578,3,871,704,1736,1736,1736,173,1736,0.000%,.02582,0.01,0.00
GET /api/items/339,5,465,220,504,1304,1304,147,1304,0.000%,.04854,0.02,0.01
GET /api/items/298,3,664,325,1505,1505,1505,162,1505,0.000%,.01475,0.01,0.00
GET /api/items/740,3,558,583,945,945,945,146,945,0.000%,.03886,0.02,0.01
PUT /api/items/354,3,752,1008,1079,1079,1079,169,1079,0.000%,.01926,0.01,0.01
GET /api/items/396,4,560,198,964,964,964,163,964,0.000%,.02249,0.01,0.00
PUT /api/items/918,2,242,162,322,322,322,162,322,0.000%,.00950,0.00,0.00
GET /api/items/495,4,384,243,882,882,882,167,882,0.000%,.04095,0.02,0.01
GET /api/items/385,2,544,147,941,941,941,147,941,0.000%,.01123,0.01,0.00
GET /api/items/899,3,658,851,971,971,971,152,971,0.000%,.01717,0.01,0.00
PUT /api/items/743,2,459,157,762,762,762,157,762,0.000%,.01934,0.01,0.01
GET /api/items/743,4,866,662,1753,1753,1753,158,1753,0.000%,.02714,0.01,0.01
PUT /api/items/329,4,667,216,1701,1701,1701,162,1701,0.000%,.02596,0.01,0.01
GET /api/items/878,2,579,156,1002,1002,1002,156,1002,0.000%,.01154,0.01,0.00
GET /api/items/503,3,961,1087,1645,1645,1645,153,1645,0.000%,.02730,0.01,0.01
GET /api/items/003,3,477,546,717,717,717,170,717,0.000%,.02107,0.01,0.00
PUT /api/items/300,4,299,180,595,595,595,163,595,0.000%,.01860,0.01,0.01
PUT /api/items/723,2,584,176,993,993,993,176,993,0.000%,.02124,0.01,0.01
PUT /api/items/612,3,931,1232,1380,1380,1380,181,1380,0.000%,.02198,0.01,0.01
GET /api/items/989,3,450,477,716,716,716,159,716,0.000%,.04094,0.02,0.01
GET /api/items/700,5,760,686,1092,1194,1194,178,1194,0.000%,.02878,0.01,0.01
PUT /api/items/670,2,174,163,185,185,185,163,185,0.000%,.00929,0.00,0.00
GET /api/items/079,1,159,159,159,159,159,159,159,0.000%,6.28931,2.91,1.18
PUT /api/items/086,3,437,470,668,668,668,174,668,0.000%,.01532,0.01,0.00
GET /api/items/443,4,750,619,1179,1179,1179,170,1179,0.000%,.02053,0.01,0.00
PUT /api/items/855,4,868,578,1572,1572,1572,176,1572,0.000%,.02409,0.01,0.01
GET /api/items/602,3,550,475,1003,1003,1003,173,1003,0.000%,.01559,0.01,0.00
GET /api/items/466,2,340,181,500,500,500,181,500,0.000%,.01005,0.00,0.00
GET /api/items/107,2,684,172,1197,1197,1197,172,1197,0.000%,.02829,0.01,0.01
PUT /api/items/767,5,490,528,731,756,756,180,756,0.000%,.05780,0.03,0.02
PUT /api/items/507,1,167,167,167,167,167,167,167,0.000%,5.98802,2.78,1.75
GET /api/items/259,4,220,180,328,328,328,160,328,0.000%,.02065,0.01,0.00
PUT /api/items/737,3,536,500,929,929,929,179,929,0.000%,.01529,0.01,0.00
GET /api/items/902,5,619,832,846,931,931,165,931,0.000%,.02486,0.01,0.00
GET /api/items/922,6,430,258,634,897,897,167,897,0.000%,.02868,0.01,0.01
PUT /api/items/164,1,176,176,176,176,176,176,176,0.000%,5.68182,2.64,1.66
PUT /api/items/282,5,901,1037,1164,1171,1171,175,1171,0.000%,.02831,0.01,0.01
GET /api/items/064,3,689,760,1140,1140,1140,169,1140,0.000%,.02113,0.01,0.00
PUT /api/items/240,4,544,240,1163,1163,1163,174,1163,0.000%,.01982,0.01,0.01
GET /api/items/734,2,309,166,452,452,452,166,452,0.000%,.03893,0.02,0.01
GET /api/items/592,1,165,165,165,165,165,165,165,0.000%,6.06061,2.81,1.14
GET /api/items/812,3,324,287,509,509,509,176,509,0.000%,.01512,0.01,0.00
PUT /api/items/627,4,674,677,955,955,955,189,955,0.000%,.02484,0.01,0.01
PUT /api/items/530,2,729,172,1286,1286,1286,172,1286,0.000%,.02243,0.01,0.01
GET /api/items/668,2,663,165,1161,1161,1161,165,1161,0.000%,.01971,0.01,0.00
PUT /api/items/638,6,538,234,869,1116,1116,193,1116,0.000%,.04465,0.02,0.01
GET /api/items/956,3,851,1144,1226,1226,1226,183,1226,0.000%,.02297,0.01,0.00
GET /api/items/997,3,663,587,1219,1219,1219,183,1219,0.000%,.01600,0.01,0.00
GET /api/items/362,3,698,731,1176,1176,1176,187,1176,0.000%,.01817,0.01,0.00
PUT /api/items/491,1,191,191,191,191,191,191,191,0.000%,5.23560,2.43,1.53
GET /api/items/859,3,694,832,1077,1077,1077,174,1077,0.000%,.01689,0.01,0.00
PUT /api/items/769,2,434,179,689,689,689,179,689,0.000%,.01164,0.01,0.00
PUT /api/items/335,6,675,534,1015,1198,1198,185,1198,0.000%,.03220,0.01,0.01
GET /api/items/344,3,829,1009,1306,1306,1306,172,1306,0.000%,.05083,0.02,0.01
GET /api/items/244,2,682,193,1172,1172,1172,193,1172,0.000%,.01823,0.01,0.00
GET /api/items/848,4,877,396,1700,1700,1700,171,1700,0.000%,.02851,0.01,0.01
PUT /api/items/268,1,193,193,193,193,193,193,193,0.000%,5.18135,2.40,1.51
GET /api/items/329,2,528,190,866,866,866,190,866,0.000%,.01328,0.01,0.00
PUT /api/items/011,1,193,193,193,193,193,193,193,0.000%,5.18135,2.40,1.51
PUT /api/items/088,2,277,193,362,362,362,193,362,0.000%,.05361,0.02,0.02
GET /api/items/766,1,173,173,173,173,173,173,173,0.000%,5.78035,2.68,1.08
GET /api/items/002,3,949,764,1903,1903,1903,181,1903,0.000%,.01753,0.01,0.00
GET /api/items/829,4,651,344,1460,1460,1460,193,1460,0.000%,.02940,0.01,0.01
PUT /api/items/198,2,549,188,911,911,911,188,911,0.000%,.01210,0.01,0.00
GET /api/items/338,2,276,175,378,378,378,175,378,0.000%,.01097,0.01,0.00
PUT /api/items/834,4,431,206,752,752,752,187,752,0.000%,.01990,0.01,0.01
PUT /api/items/409,1,190,190,190,190,190,190,190,0.000%,5.26316,2.44,1.54
GET /api/items/215,3,469,530,696,696,696,182,696,0.000%,.03971,0.02,0.01
GET /api/items/028,4,735,524,1343,1343,1343,199,1343,0.000%,.03099,0.01,0.01
PUT /api/items/655,2,576,208,944,944,944,208,944,0.000%,.01792,0.01,0.01
GET /api/items/050,4,480,210,1115,1115,1115,190,1115,0.000%,.01906,0.01,0.00
PUT /api/items/468,1,192,192,192,192,192,192,192,0.000%,5.20833,2.42,1.52
GET /api/items/980,5,988,1323,1443,1598,1598,200,1598,0.000%,.02672,0.01,0.01
PUT /api/items/728,1,188,188,188,188,188,188,188,0.000%,5.31915,2.47,1.55
GET /api/items/883,7,780,844,1461,1511,1511,192,1511,0.000%,.03723,0.02,0.01
GET /api/items/595,3,737,929,1088,1088,1088,196,1088,0.000%,.02119,0.01,0.00
PUT /api/items/596,1,189,189,189,189,189,189,189,0.000%,5.29101,2.45,1.54
GET /api/items/336,4,1051,1121,1726,1726,1726,186,1726,0.000%,.02307,0.01,0.00
PUT /api/items/111,3,786,880,1285,1285,1285,194,1285,0.000%,.03473,0.02,0.01
PUT /api/items/386,5,416,352,491,772,772,195,772,0.000%,.02556,0.01,0.01
GET /api/items/200,2,455,188,723,723,723,188,723,0.000%,.01099,0.01,0.00
PUT /api/items/753,2,993,197,1790,1790,1790,197,1790,0.000%,.02105,0.01,0.01
GET /api/items/135,4,606,570,897,897,897,186,897,0.000%,.02240,0.01,0.00
GET /api/items/844,1,215,215,215,215,215,215,215,0.000%,4.65116,2.16,0.87
PUT /api/items/572,3,675,696,1139,1139,1139,191,1139,0.000%,.02527,0.01,0.01
PUT /api/items/132,3,798,1050,1140,1140,1140,206,1140,0.000%,.02963,0.01,0.01
GET /api/items/615,2,428,184,672,672,672,184,672,0.000%,.02823,0.01,0.01
GET /api/items/078,4,382,250,797,797,797,184,797,0.000%,.04704,0.02,0.01
GET /api/items/824,1,184,184,184,184,184,184,184,0.000%,5.43478,2.52,1.02
PUT /api/items/604,1,194,194,194,194,194,194,194,0.000%,5.15464,2.39,1.51
GET /api/items/797,5,525,346,495,1321,1321,184,1321,0.000%,.02663,0.01,0.00
PUT /api/items/253,2,553,206,901,901,901,206,901,0.000%,.02979,0.01,0.01
GET /api/items/241,4,525,494,734,734,734,192,734,0.000%,.02148,0.01,0.00
GET /api/items/327,3,740,669,1357,1357,1357,195,1357,0.000%,.03339,0.02,0.01
PUT /api/items/764,2,211,200,223,223,223,200,223,0.000%,.56513,0.26,0.17
GET /api/items/320,2,996,188,1804,1804,1804,188,1804,0.000%,.02577,0.01,0.00
GET /api/items/999,3,484,506,760,760,760,188,760,0.000%,.01734,0.01,0.00
PUT /api/items/194,4,805,218,1557,1557,1557,209,1557,0.000%,.01939,0.01,0.01
PUT /api/items/575,2,469,209,730,730,730,209,730,0.000%,.04384,0.02,0.01
GET /api/items/289,4,660,314,1226,1226,1226,198,1226,0.000%,.03100,0.01,0.01
GET /api/items/853,2,587,206,968,968,968,206,968,0.000%,.01614,0.01,0.00
GET /api/items/040,1,200,200,200,200,200,200,200,0.000%,5.00000,2.31,0.94
PUT /api/items/449,2,635,215,1055,1055,1055,215,1055,0.000%,.01657,0.01,0.00
GET /api/items/905,4,549,237,1226,1226,1226,207,1226,0.000%,.04033,0.02,0.01
PUT /api/items/891,4,370,228,799,799,799,207,799,0.000%,.01941,0.01,0.01
PUT /api/items/133,3,880,911,1521,1521,1521,209,1521,0.000%,.01981,0.01,0.01
GET /api/items/474,1,196,196,196,196,196,196,196,0.000%,5.10204,2.37,0.96
GET /api/items/720,1,197,197,197,197,197,197,197,0.000%,5.07614,2.35,0.95
GET /api/items/356,1,201,201,201,201,201,201,201,0.000%,4.97512,2.31,0.93
PUT /api/items/195,2,827,206,1448,1448,1448,206,1448,0.000%,.01707,0.01,0.00
PUT /api/items/746,2,794,209,1380,1380,1380,209,1380,0.000%,.01708,0.01,0.00
GET /api/items/772,1,198,198,198,198,198,198,198,0.000%,5.05051,2.34,0.95
GET /api/items/531,3,868,674,1734,1734,1734,196,1734,0.000%,.01787,0.01,0.00
GET /api/items/214,3,337,320,494,494,494,199,494,0.000%,.01485,0.01,0.00
PUT /api/items/381,3,620,672,982,982,982,207,982,0.000%,.01620,0.01,0.00
GET /api/items/024,5,672,253,1207,1468,1468,198,1468,0.000%,.03395,0.02,0.01
PUT /api/items/353,2,490,213,768,768,768,213,768,0.000%,.01167,0.01,0.00
PUT /api/items/793,1,210,210,210,210,210,210,210,0.000%,4.76190,2.21,1.39
GET /api/items/475,3,468,312,875,875,875,217,875,0.000%,.02561,0.01,0.00
GET /api/items/004,2,491,201,782,782,782,201,782,0.000%,.01195,0.01,0.00
GET /api/items/561,7,494,288,912,1076,1076,196,1076,0.000%,.03823,0.02,0.01
PUT /api/items/419,2,690,204,1176,1176,1176,204,1176,0.000%,.03939,0.02,0.01
GET /api/items/744,2,502,217,788,788,788,217,788,0.000%,.01227,0.01,0.00
PUT /api/items/721,4,623,273,1719,1719,1719,209,1719,0.000%,.04874,0.02,0.01
GET /api/items/217,5,654,844,855,885,885,201,885,0.000%,.02886,0.01,0.01
GET /api/items/265,3,409,255,757,757,757,216,757,0.000%,.04384,0.02,0.01
PUT /api/items/966,1,215,215,215,215,215,215,215,0.000%,4.65116,2.16,1.36
GET /api/items/498,3,676,226,1584,1584,1584,218,1584,0.000%,.01488,0.01,0.00
GET /api/items/051,2,633,198,1069,1069,1069,198,1069,0.000%,.04931,0.02,0.01
PUT /api/items/236,4,905,237,2005,2005,2005,227,2005,0.000%,.03544,0.02,0.01
PUT /api/items/192,2,621,210,1033,1033,1033,210,1033,0.000%,.01088,0.01,0.00
GET /api/items/753,3,653,242,1515,1515,1515,202,1515,0.000%,.01914,0.01,0.00
GET /api/items/355,2,791,325,1258,1258,1258,325,1258,0.000%,.02221,0.01,0.00
GET /api/items/835,2,481,219,744,744,744,219,744,0.000%,.01414,0.01,0.00
PUT /api/items/706,1,216,216,216,216,216,216,216,0.000%,4.62963,2.15,1.35
GET /api/items/284,1,228,228,228,228,228,228,228,0.000%,4.38596,2.03,0.82
PUT /api/items/106,4,835,267,1572,1572,1572,214,1572,0.000%,.02004,0.01,0.01
GET /api/items/533,1,209,209,209,209,209,209,209,0.000%,4.78469,2.22,0.90
GET /api/items/386,5,649,371,1187,1201,1201,207,1201,0.000%,.02534,0.01,0.00
PUT /api/items/305,1,210,210,210,210,210,210,210,0.000%,4.76190,2.21,1.39
GET /api/items/509,2,254,228,280,280,280,228,280,0.000%,.11123,0.05,0.02
GET /api/items/560,3,462,408,752,752,752,226,752,0.000%,.04053,0.02,0.01
PUT /api/items/532,4,411,236,733,733,733,217,733,0.000%,.07431,0.03,0.02
GET /api/items/961,3,667,650,1140,1140,1140,213,1140,0.000%,.02622,0.01,0.00
GET /api/items/888,3,326,212,565,565,565,202,565,0.000%,.02466,0.01,0.00
PUT /api/items/739,5,822,879,1110,1227,1227,236,1227,0.000%,.02806,0.01,0.01
GET /api/items/897,3,576,625,888,888,888,217,888,0.000%,.03010,0.01,0.01
GET /api/items/499,2,511,220,803,803,803,220,803,0.000%,.01476,0.01,0.00
PUT /api/items/473,1,267,267,267,267,267,267,267,0.000%,3.74532,1.74,1.09
PUT /api/items/621,2,626,225,1027,1027,1027,225,1027,0.000%,.02324,0.01,0.01
GET /api/items/150,5,669,613,851,1220,1220,223,1220,0.000%,.02538,0.01,0.00
GET /api/items/600,2,436,238,634,634,634,238,634,0.000%,.03692,0.02,0.01
GET /api/items/525,3,821,1109,1131,1131,1131,224,1131,0.000%,.06764,0.03,0.01
GET /api/items/480,5,438,271,604,823,823,245,823,0.000%,.04418,0.02,0.01
GET /api/items/828,4,954,1120,1314,1314,1314,212,1314,0.000%,.03311,0.02,0.01
GET /api/items/353,4,658,301,1220,1220,1220,222,1220,0.000%,.02861,0.01,0.01
PUT /api/items/654,3,541,636,750,750,750,237,750,0.000%,.03713,0.02,0.01
PUT /api/items/443,2,763,236,1290,1290,1290,236,1290,0.000%,.01419,0.01,0.00
GET /api/items/071,2,631,230,1033,1033,1033,230,1033,0.000%,.01673,0.01,0.00
GET /api/items/738,4,934,660,1625,1625,1625,212,1625,0.000%,.02493,0.01,0.00
PUT /api/items/216,1,237,237,237,237,237,237,237,0.000%,4.21941,1.96,1.23
GET /api/items/325,4,559,361,1042,1042,1042,224,1042,0.000%,.02667,0.01,0.01
GET /api/items/179,5,730,939,1029,1140,1140,244,1140,0.000%,.05453,0.03,0.01
PUT /api/items/909,2,472,311,634,634,634,311,634,0.000%,.05242,0.02,0.02
GET /api/items/255,3,661,552,1177,1177,1177,254,1177,0.000%,.01611,0.01,0.00
PUT /api/items/222,2,274,237,312,312,312,237,312,0.000%,.59755,0.28,0.17
PUT /api/items/923,2,390,284,496,496,496,284,496,0.000%,.12848,0.06,0.04
GET /api/items/949,1,256,256,256,256,256,256,256,0.000%,3.90625,1.81,0.73
GET /api/items/930,2,339,221,457,457,457,221,457,0.000%,.06774,0.03,0.01
PUT /api/items/391,2,378,253,504,504,504,253,504,0.000%,.05332,0.02,0.02
GET /api/items/935,7,820,724,1131,1399,1399,266,1399,0.000%,.03762,0.02,0.01
GET /api/items/516,5,438,411,532,663,663,229,663,0.000%,.02688,0.01,0.01
PUT /api/items/965,5,652,513,987,1269,1269,244,1269,0.000%,.02569,0.01,0.01
PUT /api/items/936,3,464,395,776,776,776,223,776,0.000%,.01574,0.01,0.00
GET /api/items/291,1,219,219,219,219,219,219,219,0.000%,4.56621,2.12,0.86
GET /api/items/371,4,793,470,1360,1360,1360,240,1360,0.000%,.02253,0.01,0.00
PUT /api/items/626,3,871,1054,1279,1279,1279,281,1279,0.000%,.03442,0.02,0.01
GET /api/items/359,2,375,235,515,515,515,235,515,0.000%,.05039,0.02,0.01
PUT /api/items/209,1,244,244,244,244,244,244,244,0.000%,4.09836,1.90,1.20
GET /api/items/149,5,516,578,689,878,878,149,878,0.000%,.02425,0.01,0.00
PUT /api/items/320,2,634,302,967,967,967,302,967,0.000%,.03091,0.01,0.01
PUT /api/items/197,2,441,221,662,662,662,221,662,0.000%,.01174,0.01,0.00
GET /api/items/825,2,289,230,348,348,348,230,348,0.000%,.07793,0.04,0.01
PUT /api/items/574,1,293,293,293,293,293,293,293,0.000%,3.41297,1.58,1.00
GET /api/items/205,1,261,261,261,261,261,261,261,0.000%,3.83142,1.78,0.72
GET /api/items/644,5,569,416,513,1448,1448,231,1448,0.000%,.02529,0.01,0.00
PUT /api/items/174,3,646,276,1397,1397,1397,266,1397,0.000%,.01508,0.01,0.00
GET /api/items/337,3,1184,1017,2311,2311,2311,226,2311,0.000%,.03186,0.01,0.01
PUT /api/items/404,4,306,258,421,421,421,244,421,0.000%,.10621,0.05,0.03
GET /api/items/955,4,483,211,879,879,879,142,879,0.000%,.01966,0.01,0.00
PUT /api/items/620,2,581,277,886,886,886,277,886,0.000%,.01643,0.01,0.00
GET /api/items/582,3,711,607,1296,1296,1296,232,1296,0.000%,.06730,0.03,0.01
GET /api/items/722,3,495,262,991,991,991,234,991,0.000%,.03339,0.02,0.01
PUT /api/items/707,1,292,292,292,292,292,292,292,0.000%,3.42466,1.59,1.00
PUT /api/items/633,4,924,578,1840,1840,1840,247,1840,0.000%,.02563,0.01,0.01
GET /api/items/425,5,616,547,858,1150,1150,243,1150,0.000%,.02564,0.01,0.00
PUT /api/items/725,4,577,404,1079,1079,1079,260,1079,0.000%,.05538,0.03,0.02
GET /api/items/007,3,1007,955,1820,1820,1820,246,1820,0.000%,.02411,0.01,0.00
GET /api/items/795,1,274,274,274,274,274,274,274,0.000%,3.64964,1.69,0.68
PUT /api/items/940,2,598,243,953,953,953,243,953,0.000%,.01975,0.01,0.01
GET /api/items/777,3,1049,1296,1597,1597,1597,254,1597,0.000%,.02960,0.01,0.01
PUT /api/items/049,2,700,344,1056,1056,1056,344,1056,0.000%,.01694,0.01,0.00
PUT /api/items/720,4,612,462,930,930,930,235,930,0.000%,.05027,0.02,0.01
GET /api/items/055,3,691,898,922,922,922,254,922,0.000%,.02000,0.01,0.00
PUT /api/items/402,1,325,325,325,325,325,325,325,0.000%,3.07692,1.43,0.90
GET /api/items/562,3,651,358,1342,1342,1342,255,1342,0.000%,.02858,0.01,0.01
GET /api/items/437,5,740,606,768,1709,1709,304,1709,0.000%,.02684,0.01,0.01
PUT /api/items/087,1,263,263,263,263,263,263,263,0.000%,3.80228,1.76,1.11
PUT /api/items/511,2,594,285,904,904,904,285,904,0.000%,.02182,0.01,0.01
GET /api/items/439,2,391,331,452,452,452,331,452,0.000%,.01061,0.00,0.00
GET /api/items/704,2,329,310,348,348,348,310,348,0.000%,.10673,0.05,0.02
PUT /api/items/679,2,650,326,974,974,974,326,974,0.000%,.01241,0.01,0.00
GET /api/items/709,3,695,697,1060,1060,1060,329,1060,0.000%,.08159,0.04,0.02
PUT /api/items/196,5,603,599,834,913,913,318,913,0.000%,.03203,0.01,0.01
GET /api/items/689,2,738,334,1143,1143,1143,334,1143,0.000%,.01177,0.01,0.00
GET /api/items/392,4,750,733,1237,1237,1237,241,1237,0.000%,.02162,0.01,0.00
GET /api/items/054,3,820,402,1808,1808,1808,251,1808,0.000%,.02206,0.01,0.00
PUT /api/items/505,3,672,627,1107,1107,1107,282,1107,0.000%,.01715,0.01,0.01
PUT /api/items/712,1,237,237,237,237,237,237,237,0.000%,4.21941,1.96,1.23
GET /api/items/227,3,377,324,528,528,528,279,528,0.000%,.01620,0.01,0.00
GET /api/items/544,4,569,249,1331,1331,1331,233,1331,0.000%,.03353,0.02,0.01
GET /api/items/588,1,273,273,273,273,273,273,273,0.000%,3.66300,1.70,0.69
PUT /api/items/096,2,766,242,1290,1290,1290,242,1290,0.000%,.01390,0.01,0.00
GET /api/items/387,3,668,726,994,994,994,286,994,0.000%,.02568,0.01,0.00
GET /api/items/330,3,693,447,1383,1383,1383,250,1383,0.000%,.03136,0.01,0.01
PUT /api/items/392,2,402,238,566,566,566,238,566,0.000%,.03793,0.02,0.01
GET /api/items/254,3,613,751,780,780,780,309,780,0.000%,.06775,0.03,0.01
PUT /api/items/959,4,411,293,625,625,625,265,625,0.000%,.02566,0.01,0.01
PUT /api/items/435,1,346,346,346,346,346,346,346,0.000%,2.89017,1.34,0.84
PUT /api/items/172,1,313,313,313,313,313,313,313,0.000%,3.19489,1.48,0.93
GET /api/items/262,5,685,584,998,1181,1181,215,1181,0.000%,.05207,0.02,0.01
GET /api/items/212,2,751,354,1149,1149,1149,354,1149,0.000%,.01252,0.01,0.00
PUT /api/items/115,5,710,773,922,1040,1040,228,1040,0.000%,.05493,0.03,0.02
PUT /api/items/666,5,760,725,953,1109,1109,315,1109,0.000%,.02851,0.01,0.01
GET /api/items/175,2,501,226,777,777,777,226,777,0.000%,.02260,0.01,0.00
GET /api/items/037,2,551,359,744,744,744,359,744,0.000%,.01089,0.01,0.00
GET /api/items/354,1,293,293,293,293,293,293,293,0.000%,3.41297,1.58,0.64
GET /api/items/444,2,526,248,804,804,804,248,804,0.000%,.14671,0.07,0.03
GET /api/items/836,4,763,236,1659,1659,1659,236,1659,0.000%,.02046,0.01,0.00
GET /api/items/459,1,231,231,231,231,231,231,231,0.000%,4.32900,2.01,0.81
PUT /api/items/250,2,835,381,1289,1289,1289,381,1289,0.000%,.01666,0.01,0.00
PUT /api/items/029,2,699,285,1114,1114,1114,285,1114,0.000%,.02933,0.01,0.01
PUT /api/items/218,4,556,444,726,726,726,363,726,0.000%,.05639,0.03,0.02
GET /api/items/781,4,871,788,1396,1396,1396,323,1396,0.000%,.02535,0.01,0.00
PUT /api/items/557,3,781,1029,1093,1093,1093,221,1093,0.000%,.04136,0.02,0.01
GET /api/items/654,2,616,216,1017,1017,1017,216,1017,0.000%,.03582,0.02,0.01
PUT /api/items/254,1,365,365,365,365,365,365,365,0.000%,2.73973,1.27,0.80
GET /api/items/407,2,763,237,1289,1289,1289,237,1289,0.000%,.01789,0.01,0.00
GET /api/items/239,2,433,382,485,485,485,382,485,0.000%,.09759,0.05,0.02
GET /api/items/328,3,830,592,1465,1465,1465,435,1465,0.000%,.03250,0.02,0.01
GET /api/items/538,1,252,252,252,252,252,252,252,0.000%,3.96825,1.84,0.74
GET /api/items/731,2,599,249,950,950,950,249,950,0.000%,.03234,0.02,0.01
GET /api/items/737,4,700,514,1034,1034,1034,360,1034,0.000%,.02536,0.01,0.00
PUT /api/items/420,3,676,692,912,912,912,424,912,0.000%,.03425,0.02,0.01
PUT /api/items/835,2,431,234,628,628,628,234,628,0.000%,.01128,0.01,0.00
PUT /api/items/537,5,736,710,862,977,977,506,977,0.000%,.02784,0.01,0.01
PUT /api/items/522,2,560,288,832,832,832,288,832,0.000%,.01120,0.01,0.00
GET /api/items/881,3,699,668,1176,1176,1176,253,1176,0.000%,.02510,0.01,0.00
PUT /api/items/552,2,294,288,301,301,301,288,301,0.000%,.01053,0.00,0.00
GET /api/items/182,3,1105,1255,1439,1439,1439,622,1439,0.000%,.04027,0.02,0.01
PUT /api/items/034,3,733,892,1043,1043,1043,264,1043,0.000%,.01944,0.01,0.01
GET /api/items/620,5,933,903,1048,1856,1856,310,1856,0.000%,.04862,0.02,0.01
GET /api/items/911,3,938,1144,1298,1298,1298,373,1298,0.000%,.03605,0.02,0.01
GET /api/items/901,2,812,488,1136,1136,1136,488,1136,0.000%,.01239,0.01,0.00
GET /api/items/639,3,938,843,1552,1552,1552,420,1552,0.000%,.02416,0.01,0.00
PUT /api/items/974,2,823,225,1421,1421,1421,225,1421,0.000%,.01407,0.01,0.00
PUT /api/items/585,2,635,386,885,885,885,386,885,0.000%,.01377,0.01,0.00
GET /api/items/667,1,376,376,376,376,376,376,376,0.000%,2.65957,1.23,0.50
PUT /api/items/247,3,741,378,1618,1618,1618,229,1618,0.000%,.01574,0.01,0.00
PUT /api/items/460,2,320,263,378,378,378,263,378,0.000%,.03681,0.02,0.01
GET /api/items/800,2,676,297,1056,1056,1056,297,1056,0.000%,.05255,0.02,0.01
GET /api/items/1000,3,344,277,512,512,512,243,512,0.000%,.01542,0.01,0.00
PUT /api/items/778,2,579,514,645,645,645,514,645,0.000%,.03105,0.01,0.01
GET /api/items/996,2,260,241,280,280,280,241,280,0.000%,2.91545,1.35,0.55
PUT /api/items/193,2,723,234,1213,1213,1213,234,1213,0.000%,.02950,0.01,0.01
GET /api/items/944,3,607,394,1113,1113,1113,314,1113,0.000%,.02531,0.01,0.00
GET /api/items/932,4,595,461,899,899,899,353,899,0.000%,.02226,0.01,0.00
GET /api/items/476,6,779,621,1301,1561,1561,226,1561,0.000%,.03370,0.02,0.01
PUT /api/items/015,4,942,1019,1313,1313,1313,237,1313,0.000%,.02441,0.01,0.01
GET /api/items/322,3,617,449,1062,1062,1062,342,1062,0.000%,.03296,0.02,0.01
GET /api/items/428,5,590,406,918,1002,1002,274,1002,0.000%,.02807,0.01,0.01
PUT /api/items/361,3,630,629,905,905,905,358,905,0.000%,.02071,0.01,0.01
GET /api/items/360,1,215,215,215,215,215,215,215,0.000%,4.65116,2.16,0.87
PUT /api/items/584,1,309,309,309,309,309,309,309,0.000%,3.23625,1.50,0.94
PUT /api/items/319,1,372,372,372,372,372,372,372,0.000%,2.68817,1.25,0.78
PUT /api/items/525,1,231,231,231,231,231,231,231,0.000%,4.32900,2.01,1.26
GET /api/items/802,3,758,881,1085,1085,1085,308,1085,0.000%,.02533,0.01,0.00
GET /api/items/798,2,336,312,361,361,361,312,361,0.000%,.01067,0.00,0.00
PUT /api/items/010,1,236,236,236,236,236,236,236,0.000%,4.23729,1.96,1.24
PUT /api/items/987,2,1324,426,2222,2222,2222,426,2222,0.000%,.01682,0.01,0.00
GET /api/items/128,1,244,244,244,244,244,244,244,0.000%,4.09836,1.91,0.77
PUT /api/items/220,7,592,289,1173,1241,1241,239,1241,0.000%,.03966,0.02,0.01
GET /api/items/416,3,940,943,1357,1357,1357,521,1357,0.000%,.03521,0.02,0.01
GET /api/items/760,3,707,428,1355,1355,1355,338,1355,0.000%,.01963,0.01,0.00
GET /api/items/323,5,839,961,1120,1270,1270,337,1270,0.000%,.03336,0.02,0.01
GET /api/items/520,1,271,271,271,271,271,271,271,0.000%,3.69004,1.71,0.69
GET /api/items/347,1,250,250,250,250,250,250,250,0.000%,4.00000,1.86,0.75
GET /api/items/180,1,239,239,239,239,239,239,239,0.000%,4.18410,1.94,0.78
PUT /api/items/516,2,845,463,1228,1228,1228,463,1228,0.000%,.04482,0.02,0.01
PUT /api/items/213,2,799,257,1341,1341,1341,257,1341,0.000%,.01389,0.01,0.00
GET /api/items/532,4,799,792,1201,1201,1201,252,1201,0.000%,.03230,0.01,0.01
GET /api/items/017,2,466,374,558,558,558,374,558,0.000%,.06261,0.03,0.01
PUT /api/items/646,2,812,352,1272,1272,1272,352,1272,0.000%,.01569,0.01,0.00
PUT /api/items/925,2,609,470,749,749,749,470,749,0.000%,.16787,0.08,0.05
PUT /api/items/211,2,691,437,945,945,945,437,945,0.000%,.01746,0.01,0.01
PUT /api/items/283,2,368,254,482,482,482,254,482,0.000%,.13206,0.06,0.04
PUT /api/items/296,2,904,250,1558,1558,1558,250,1558,0.000%,.02625,0.01,0.01
GET /api/items/123,3,745,914,967,967,967,356,967,0.000%,.02130,0.01,0.00
GET /api/items/020,2,750,328,1173,1173,1173,328,1173,0.000%,.01719,0.01,0.00
PUT /api/items/972,1,256,256,256,256,256,256,256,0.000%,3.90625,1.81,1.14
GET /api/items/821,3,836,673,1602,1602,1602,235,1602,0.000%,.05948,0.03,0.01
GET /api/items/438,2,362,264,460,460,460,264,460,0.000%,.11654,0.05,0.02
PUT /api/items/709,2,400,265,535,535,535,265,535,0.000%,.11055,0.05,0.03
GET /api/items/057,3,639,615,1075,1075,1075,228,1075,0.000%,.02406,0.01,0.00
PUT /api/items/851,2,298,231,365,365,365,231,365,0.000%,.01047,0.00,0.00
GET /api/items/613,4,581,549,811,811,811,235,811,0.000%,.02382,0.01,0.00
GET /api/items/427,5,963,1123,1454,1577,1577,210,1577,0.000%,.04219,0.02,0.01
GET /api/items/690,2,721,527,916,916,916,527,916,0.000%,.02092,0.01,0.00
PUT /api/items/483,4,753,776,1170,1170,1170,260,1170,0.000%,.02269,0.01,0.01
GET /api/items/896,2,386,269,503,503,503,269,503,0.000%,.01609,0.01,0.00
PUT /api/items/121,1,326,326,326,326,326,326,326,0.000%,3.06748,1.42,0.90
GET /api/items/964,3,641,344,1339,1339,1339,242,1339,0.000%,.03160,0.01,0.01
PUT /api/items/090,1,388,388,388,388,388,388,388,0.000%,2.57732,1.19,0.75
PUT /api/items/672,2,276,273,279,279,279,273,279,0.000%,.01053,0.00,0.00
PUT /api/items/488,4,928,664,1292,1292,1292,545,1292,0.000%,.03132,0.01,0.01
PUT /api/items/127,2,718,281,1156,1156,1156,281,1156,0.000%,.02442,0.01,0.01
GET /api/items/402,1,781,781,781,781,781,781,781,0.000%,1.28041,0.59,0.24
PUT /api/items/703,2,574,494,655,655,655,494,655,0.000%,.01155,0.01,0.00
GET /api/items/699,4,682,278,1283,1283,1283,184,1283,0.000%,.02059,0.01,0.00
PUT /api/items/717,3,703,819,1022,1022,1022,268,1022,0.000%,.03896,0.02,0.01
GET /api/items/477,4,962,853,1358,1358,1358,354,1358,0.000%,.02304,0.01,0.00
GET /api/items/988,1,396,396,396,396,396,396,396,0.000%,2.52525,1.17,0.47
PUT /api/items/671,1,241,241,241,241,241,241,241,0.000%,4.14938,1.92,1.21
GET /api/items/779,1,279,279,279,279,279,279,279,0.000%,3.58423,1.66,0.67
GET /api/items/574,3,675,873,880,880,880,272,880,0.000%,.01917,0.01,0.00
GET /api/items/469,1,249,249,249,249,249,249,249,0.000%,4.01606,1.86,0.75
PUT /api/items/314,2,196,162,230,230,230,162,230,0.000%,.01021,0.00,0.00
GET /api/items/248,1,417,417,417,417,417,417,417,0.000%,2.39808,1.11,0.45
GET /api/items/873,3,868,964,1086,1086,1086,556,1086,0.000%,.03832,0.02,0.01
GET /api/items/251,2,580,285,875,875,875,285,875,0.000%,.02596,0.01,0.00
PUT /api/items/317,2,830,278,1382,1382,1382,278,1382,0.000%,.02149,0.01,0.01
GET /api/items/005,3,828,975,1212,1212,1212,298,1212,0.000%,.02881,0.01,0.01
PUT /api/items/350,4,759,734,978,978,978,377,978,0.000%,.02692,0.01,0.01
PUT /api/items/904,1,223,223,223,223,223,223,223,0.000%,4.48430,2.08,1.31
GET /api/items/381,3,465,369,750,750,750,278,750,0.000%,.06396,0.03,0.01
GET /api/items/633,5,665,556,989,1008,1008,323,1008,0.000%,.03628,0.02,0.01
GET /api/items/260,3,1167,914,2154,2154,2154,434,2154,0.000%,.02168,0.01,0.00
GET /api/items/056,3,1183,1353,1991,1991,1991,207,1991,0.000%,.02696,0.01,0.01
GET /api/items/161,3,789,1015,1086,1086,1086,267,1086,0.000%,.02121,0.01,0.00
PUT /api/items/616,5,788,793,1014,1301,1301,281,1301,0.000%,.03510,0.02,0.01
GET /api/items/695,4,704,532,1173,1173,1173,414,1173,0.000%,.02600,0.01,0.00
GET /api/items/286,3,476,233,969,969,969,227,969,0.000%,.02058,0.01,0.00
GET /api/items/110,3,592,495,868,868,868,413,868,0.000%,.10582,0.05,0.02
PUT /api/items/611,3,547,376,1030,1030,1030,237,1030,0.000%,.01651,0.01,0.00
GET /api/items/060,5,749,761,1022,1284,1284,272,1284,0.000%,.02680,0.01,0.01
PUT /api/items/262,1,718,718,718,718,718,718,718,0.000%,1.39276,0.65,0.41
GET /api/items/193,2,950,287,1613,1613,1613,287,1613,0.000%,.01288,0.01,0.00
PUT /api/items/514,3,528,668,696,696,696,221,696,0.000%,.01591,0.01,0.00
PUT /api/items/348,2,895,795,996,996,996,795,996,0.000%,.02342,0.01,0.01
GET /api/items/373,3,853,524,1734,1734,1734,303,1734,0.000%,.01781,0.01,0.00
GET /api/items/630,2,703,589,817,817,817,589,817,0.000%,.01349,0.01,0.00
PUT /api/items/214,2,837,247,1427,1427,1427,247,1427,0.000%,.04737,0.02,0.01
GET /api/items/871,1,211,211,211,211,211,211,211,0.000%,4.73934,2.20,0.89
GET /api/items/142,3,956,1047,1318,1318,1318,505,1318,0.000%,.01845,0.01,0.00
PUT /api/items/028,3,636,697,848,848,848,365,848,0.000%,.12280,0.06,0.04
GET /api/items/106,4,1037,985,1510,1510,1510,415,1510,0.000%,.05616,0.03,0.01
GET /api/items/770,3,568,667,698,698,698,339,698,0.000%,.01859,0.01,0.00
PUT /api/items/343,1,304,304,304,304,304,304,304,0.000%,3.28947,1.53,0.96
PUT /api/items/023,2,900,646,1154,1154,1154,646,1154,0.000%,.02142,0.01,0.01
PUT /api/items/357,2,271,226,316,316,316,226,316,0.000%,.01059,0.00,0.00
GET /api/items/580,3,1010,1172,1562,1562,1562,296,1562,0.000%,.02451,0.01,0.00
GET /api/items/843,3,892,637,1713,1713,1713,328,1713,0.000%,.01967,0.01,0.00
PUT /api/items/035,2,907,682,1132,1132,1132,682,1132,0.000%,.02051,0.01,0.01
PUT /api/items/536,2,555,352,759,759,759,352,759,0.000%,.03824,0.02,0.01
GET /api/items/382,2,887,455,1319,1319,1319,455,1319,0.000%,.04087,0.02,0.01
GET /api/items/953,3,794,1047,1064,1064,1064,272,1064,0.000%,.02582,0.01,0.00
PUT /api/items/126,2,684,441,927,927,927,441,927,0.000%,.01680,0.01,0.00
PUT /api/items/502,1,493,493,493,493,493,493,493,0.000%,2.02840,0.94,0.59
GET /api/items/137,2,375,359,391,391,391,359,391,0.000%,.08537,0.04,0.02
PUT /api/items/917,1,621,621,621,621,621,621,621,0.000%,1.61031,0.75,0.47
PUT /api/items/978,2,417,326,508,508,508,326,508,0.000%,.06356,0.03,0.02
PUT /api/items/162,2,767,272,1262,1262,1262,272,1262,0.000%,.01279,0.01,0.00
GET /api/items/119,1,321,321,321,321,321,321,321,0.000%,3.11526,1.45,0.58
PUT /api/items/503,3,642,538,1016,1016,1016,374,1016,0.000%,.02216,0.01,0.01
GET /api/items/624,3,481,392,767,767,767,285,767,0.000%,.01758,0.01,0.00
GET /api/items/925,2,701,609,793,793,793,609,793,0.000%,.28835,0.13,0.05
GET /api/items/043,2,795,414,1177,1177,1177,414,1177,0.000%,.05783,0.03,0.01
PUT /api/items/054,1,244,244,244,244,244,244,244,0.000%,4.09836,1.90,1.20
GET /api/items/148,4,1144,828,1654,1654,1654,735,1654,0.000%,.02997,0.01,0.01
GET /api/items/374,3,514,346,911,911,911,286,911,0.000%,.02659,0.01,0.00
GET /api/items/031,2,630,392,868,868,868,392,868,0.000%,.03428,0.02,0.01
PUT /api/items/782,1,237,237,237,237,237,237,237,0.000%,4.21941,1.96,1.23
PUT /api/items/540,2,328,234,423,423,423,234,423,0.000%,.21119,0.10,0.06
PUT /api/items/264,3,701,509,1320,1320,1320,274,1320,0.000%,.03983,0.02,0.01
GET /api/items/074,2,642,260,1024,1024,1024,260,1024,0.000%,.03345,0.02,0.01
GET /api/items/650,3,421,378,533,533,533,354,533,0.000%,.09247,0.04,0.02
PUT /api/items/839,1,773,773,773,773,773,773,773,0.000%,1.29366,0.60,0.38
GET /api/items/711,2,593,358,829,829,829,358,829,0.000%,.17018,0.08,0.03
PUT /api/items/783,4,727,722,1026,1026,1026,309,1026,0.000%,.04033,0.02,0.01
GET /api/items/790,4,757,294,1299,1299,1299,265,1299,0.000%,.03441,0.02,0.01
GET /api/items/791,2,573,570,577,577,577,570,577,0.000%,.01782,0.01,0.00
GET /api/items/293,3,1219,893,2086,2086,2086,680,2086,0.000%,.02408,0.01,0.00
GET /api/items/398,3,747,677,1146,1146,1146,419,1146,0.000%,.03273,0.02,0.01
PUT /api/items/664,4,725,605,912,912,912,534,912,0.000%,.03835,0.02,0.01
GET /api/items/691,1,295,295,295,295,295,295,295,0.000%,3.38983,1.57,0.64
GET /api/items/929,5,637,479,612,1522,1522,232,1522,0.000%,.02796,0.01,0.01
GET /api/items/677,2,816,304,1329,1329,1329,304,1329,0.000%,.05857,0.03,0.01
GET /api/items/948,3,1102,1217,1362,1362,1362,728,1362,0.000%,.02269,0.01,0.00
PUT /api/items/297,2,629,392,866,866,866,392,866,0.000%,.03845,0.02,0.01
GET /api/items/096,2,847,775,919,919,919,775,919,0.000%,.01243,0.01,0.00
GET /api/items/201,3,603,612,829,829,829,370,829,0.000%,.02345,0.01,0.00
PUT /api/items/597,3,754,529,1357,1357,1357,378,1357,0.000%,.15009,0.07,0.04
GET /api/items/917,3,650,294,1374,1374,1374,282,1374,0.000%,.01687,0.01,0.00
PUT /api/items/025,3,602,625,734,734,734,447,734,0.000%,.05267,0.02,0.02
PUT /api/items/804,1,252,252,252,252,252,252,252,0.000%,3.96825,1.84,1.16
GET /api/items/623,2,735,362,1109,1109,1109,362,1109,0.000%,.04017,0.02,0.01
PUT /api/items/524,3,846,793,1217,1217,1217,530,1217,0.000%,.03287,0.02,0.01
PUT /api/items/875,2,872,275,1469,1469,1469,275,1469,0.000%,.04265,0.02,0.01
GET /api/items/379,2,558,405,712,712,712,405,712,0.000%,.02124,0.01,0.00
GET /api/items/874,4,630,591,830,830,830,342,830,0.000%,.02233,0.01,0.00
GET /api/items/199,1,275,275,275,275,275,275,275,0.000%,3.63636,1.69,0.68
PUT /api/items/271,2,745,309,1181,1181,1181,309,1181,0.000%,.03091,0.01,0.01
PUT /api/items/140,1,608,608,608,608,608,608,608,0.000%,1.64474,0.76,0.48
GET /api/items/750,3,802,927,1126,1126,1126,353,1126,0.000%,.05561,0.03,0.01
GET /api/items/976,3,996,1126,1220,1220,1220,642,1220,0.000%,.02436,0.01,0.00
PUT /api/items/776,4,823,813,1300,1300,1300,231,1300,0.000%,.03328,0.02,0.01
PUT /api/items/984,2,511,331,691,691,691,331,691,0.000%,.01612,0.01,0.00
GET /api/items/708,4,666,336,1416,1416,1416,239,1416,0.000%,.02236,0.01,0.00
PUT /api/items/912,1,232,232,232,232,232,232,232,0.000%,4.31034,2.00,1.26
GET /api/items/723,2,488,422,554,554,554,422,554,0.000%,.01179,0.01,0.00
GET /api/items/092,1,232,232,232,232,232,232,232,0.000%,4.31034,2.00,0.81
GET /api/items/661,5,579,403,496,1257,1257,369,1257,0.000%,.02794,0.01,0.01
GET /api/items/954,3,587,744,762,762,762,255,762,0.000%,.04778,0.02,0.01
GET /api/items/138,1,803,803,803,803,803,803,803,0.000%,1.24533,0.58,0.23
GET /api/items/048,3,668,881,928,928,928,195,928,0.000%,.01613,0.01,0.00
GET /api/items/767,2,437,304,571,571,571,304,571,0.000%,.01354,0.01,0.00
GET /api/items/579,2,406,352,461,461,461,352,461,0.000%,.01147,0.01,0.00
PUT /api/items/840,1,624,624,624,624,624,624,624,0.000%,1.60256,0.74,0.47
PUT /api/items/410,2,962,766,1159,1159,1159,766,1159,0.000%,.02442,0.01,0.01
GET /api/items/915,3,792,589,1402,1402,1402,386,1402,0.000%,.10728,0.05,0.02
GET /api/items/429,3,663,708,1060,1060,1060,223,1060,0.000%,.01904,0.01,0.00
PUT /api/items/888,2,688,674,703,703,703,674,703,0.000%,.01134,0.01,0.00
GET /api/items/111,5,1098,1268,1469,1593,1593,236,1593,0.000%,.03802,0.02,0.01
PUT /api/items/330,6,886,869,1096,1221,1221,254,1221,0.000%,.05223,0.02,0.02
PUT /api/items/033,3,786,496,1460,1460,1460,404,1460,0.000%,.02158,0.01,0.01
PUT /api/items/013,1,442,442,442,442,442,442,442,0.000%,2.26244,1.05,0.66
PUT /api/items/999,5,836,956,985,1047,1047,518,1047,0.000%,.03401,0.02,0.01
PUT /api/items/017,2,995,986,1005,1005,1005,986,1005,0.000%,.01860,0.01,0.01
PUT /api/items/160,1,437,437,437,437,437,437,437,0.000%,2.28833,1.06,0.67
PUT /api/items/003,1,536,536,536,536,536,536,536,0.000%,1.86567,0.86,0.54
GET /api/items/116,2,984,520,1449,1449,1449,520,1449,0.000%,.04855,0.02,0.01
GET /api/items/176,4,920,773,1354,1354,1354,499,1354,0.000%,.03162,0.01,0.01
PUT /api/items/826,1,767,767,767,767,767,767,767,0.000%,1.30378,0.60,0.38
GET /api/items/934,3,676,827,891,891,891,312,891,0.000%,.01883,0.01,0.00
GET /api/items/190,2,438,273,604,604,604,273,604,0.000%,.01261,0.01,0.00
PUT /api/items/645,1,1274,1274,1274,1274,1274,1274,1274,0.000%,.78493,0.36,0.23
PUT /api/items/056,3,695,756,960,960,960,369,960,0.000%,.03224,0.01,0.01
GET /api/items/868,2,1058,368,1749,1749,1749,368,1749,0.000%,.02011,0.01,0.00
GET /api/items/290,4,825,682,1045,1045,1045,675,1045,0.000%,.02445,0.01,0.00
GET /api/items/181,2,1048,414,1682,1682,1682,414,1682,0.000%,.05291,0.02,0.01
PUT /api/items/058,2,728,387,1069,1069,1069,387,1069,0.000%,.08259,0.04,0.02
PUT /api/items/036,3,778,882,962,962,962,491,962,0.000%,.02265,0.01,0.01
GET /api/items/958,4,979,828,1409,1409,1409,288,1409,0.000%,.05272,0.02,0.01
PUT /api/items/911,4,947,1008,1408,1408,1408,267,1408,0.000%,.04849,0.02,0.01
PUT /api/items/021,5,508,444,630,725,725,327,725,0.000%,.02924,0.01,0.01
GET /api/items/191,1,395,395,395,395,395,395,395,0.000%,2.53165,1.17,0.47
PUT /api/items/434,2,868,743,993,993,993,743,993,0.000%,.01457,0.01,0.00
GET /api/items/164,2,615,375,855,855,855,375,855,0.000%,2.07039,0.96,0.39
PUT /api/items/073,3,616,513,873,873,873,462,873,0.000%,.02398,0.01,0.01
PUT /api/items/867,1,291,291,291,291,291,291,291,0.000%,3.43643,1.59,1.00
PUT /api/items/290,1,358,358,358,358,358,358,358,0.000%,2.79330,1.30,0.82
PUT /api/items/886,2,718,676,761,761,761,676,761,0.000%,.04201,0.02,0.01
PUT /api/items/944,2,616,503,730,730,730,503,730,0.000%,.01352,0.01,0.00
GET /api/items/672,3,769,837,934,934,934,537,934,0.000%,.02132,0.01,0.00
GET /api/items/865,2,605,460,751,751,751,460,751,0.000%,.02137,0.01,0.00
PUT /api/items/068,2,767,377,1157,1157,1157,377,1157,0.000%,.02544,0.01,0.01
GET /api/items/370,4,544,452,756,756,756,420,756,0.000%,.02505,0.01,0.00
GET /api/items/975,2,442,403,482,482,482,403,482,0.000%,.01190,0.01,0.00
PUT /api/items/817,1,322,322,322,322,322,322,322,0.000%,3.10559,1.44,0.91
PUT /api/items/310,2,450,374,527,527,527,374,527,0.000%,.07146,0.03,0.02
GET /api/items/232,2,507,339,676,676,676,339,676,0.000%,.01172,0.01,0.00
PUT /api/items/433,4,716,516,937,937,937,479,937,0.000%,.03496,0.02,0.01
GET /api/items/583,3,799,484,1753,1753,1753,162,1753,0.000%,.01632,0.01,0.00
GET /api/items/431,2,653,309,998,998,998,309,998,0.000%,.01162,0.01,0.00
PUT /api/items/847,3,763,576,1176,1176,1176,538,1176,0.000%,.01932,0.01,0.01
GET /api/items/622,3,1116,1159,1808,1808,1808,381,1808,0.000%,.05122,0.02,0.01
PUT /api/items/933,3,683,577,1119,1119,1119,355,1119,0.000%,.02271,0.01,0.01
PUT /api/items/038,2,1125,765,1486,1486,1486,765,1486,0.000%,.02161,0.01,0.01
GET /api/items/410,1,963,963,963,963,963,963,963,0.000%,1.03842,0.48,0.19
PUT /api/items/085,1,515,515,515,515,515,515,515,0.000%,1.94175,0.90,0.57
GET /api/items/715,3,589,686,695,695,695,387,695,0.000%,.03572,0.02,0.01
PUT /api/items/726,2,292,227,358,358,358,227,358,0.000%,.01106,0.01,0.00
PUT /api/items/856,2,579,369,790,790,790,369,790,0.000%,.01453,0.01,0.00
GET /api/items/506,3,727,820,993,993,993,370,993,0.000%,.08518,0.04,0.02
PUT /api/items/989,1,355,355,355,355,355,355,355,0.000%,2.81690,1.31,0.82
GET /api/items/044,1,419,419,419,419,419,419,419,0.000%,2.38663,1.10,0.45
GET /api/items/535,3,995,1069,1443,1443,1443,473,1443,0.000%,.05753,0.03,0.01
PUT /api/items/370,2,729,462,997,997,997,462,997,0.000%,.01569,0.01,0.00
GET /api/items/183,2,443,322,564,564,564,322,564,0.000%,.01294,0.01,0.00
PUT /api/items/190,3,687,582,1215,1215,1215,264,1215,0.000%,.02510,0.01,0.01
GET /api/items/093,2,483,392,574,574,574,392,574,0.000%,.01405,0.01,0.00
PUT /api/items/450,3,1103,1090,1322,1322,1322,897,1322,0.000%,.02039,0.01,0.01
GET /api/items/070,2,986,304,1669,1669,1669,304,1669,0.000%,.04482,0.02,0.01
PUT /api/items/364,2,1030,323,1738,1738,1738,323,1738,0.000%,.04020,0.02,0.01
GET /api/items/159,3,739,685,1115,1115,1115,417,1115,0.000%,.03250,0.02,0.01
PUT /api/items/562,1,1221,1221,1221,1221,1221,1221,1221,0.000%,.81900,0.38,0.24
PUT /api/items/742,2,623,318,929,929,929,318,929,0.000%,.02145,0.01,0.01
PUT /api/items/659,2,462,344,580,580,580,344,580,0.000%,.01171,0.01,0.00
PUT /api/items/938,2,736,352,1120,1120,1120,352,1120,0.000%,.06865,0.03,0.02
GET /api/items/728,2,879,463,1296,1296,1296,463,1296,0.000%,.02218,0.01,0.00
GET /api/items/965,3,823,874,1040,1040,1040,555,1040,0.000%,.03097,0.01,0.01
GET /api/items/762,2,603,434,772,772,772,434,772,0.000%,.05734,0.03,0.01
PUT /api/items/371,3,622,690,782,782,782,396,782,0.000%,.01685,0.01,0.00
GET /api/items/292,2,577,349,805,805,805,349,805,0.000%,.01309,0.01,0.00
GET /api/items/184,2,828,438,1219,1219,1219,438,1219,0.000%,.07167,0.03,0.01
GET /api/items/490,3,1090,1242,1336,1336,1336,694,1336,0.000%,.03886,0.02,0.01
PUT /api/items/285,2,308,257,360,360,360,257,360,0.000%,.99800,0.46,0.29
GET /api/items/460,2,770,413,1128,1128,1128,413,1128,0.000%,.02601,0.01,0.00
PUT /api/items/430,4,670,520,1099,1099,1099,461,1099,0.000%,.02330,0.01,0.01
GET /api/items/484,2,720,502,939,939,939,502,939,0.000%,.02310,0.01,0.00
PUT /api/items/713,1,437,437,437,437,437,437,437,0.000%,2.28833,1.06,0.67
PUT /api/items/279,3,908,884,1202,1202,1202,639,1202,0.000%,.02157,0.01,0.01
GET /api/items/759,2,744,427,1062,1062,1062,427,1062,0.000%,.04452,0.02,0.01
GET /api/items/271,2,698,424,973,973,973,424,973,0.000%,.06455,0.03,0.01
GET /api/items/611,4,895,599,1376,1376,1376,428,1376,0.000%,.02912,0.01,0.01
PUT /api/items/821,2,622,433,811,811,811,433,811,0.000%,.40560,0.19,0.12
PUT /api/items/201,3,704,725,889,889,889,499,889,0.000%,.01927,0.01,0.01
PUT /api/items/790,3,596,391,1020,1020,1020,378,1020,0.000%,.01833,0.01,0.01
GET /api/items/884,3,885,801,1234,1234,1234,621,1234,0.000%,.02266,0.01,0.00
GET /api/items/653,2,829,741,918,918,918,741,918,0.000%,.12705,0.06,0.02
PUT /api/items/441,1,347,347,347,347,347,347,347,0.000%,2.88184,1.34,0.84
PUT /api/items/061,2,742,415,1069,1069,1069,415,1069,0.000%,.01519,0.01,0.00
PUT /api/items/517,2,566,534,598,598,598,534,598,0.000%,.01354,0.01,0.00
GET /api/items/626,1,1022,1022,1022,1022,1022,1022,1022,0.000%,.97847,0.45,0.18
PUT /api/items/786,4,909,860,963,963,963,859,963,0.000%,.02669,0.01,0.01
GET /api/items/306,3,522,533,560,560,560,474,560,0.000%,.01828,0.01,0.00
GET /api/items/361,3,910,858,1481,1481,1481,391,1481,0.000%,.04070,0.02,0.01
PUT /api/items/980,3,932,1011,1128,1128,1128,658,1128,0.000%,.04177,0.02,0.01
GET /api/items/880,2,563,557,570,570,570,557,570,0.000%,.11868,0.05,0.02
GET /api/items/369,4,904,865,1243,1243,1243,386,1243,0.000%,.03392,0.02,0.01
PUT /api/items/695,1,426,426,426,426,426,426,426,0.000%,2.34742,1.09,0.69
PUT /api/items/007,3,786,872,1131,1131,1131,357,1131,0.000%,.02306,0.01,0.01
GET /api/items/763,4,890,759,1241,1241,1241,510,1241,0.000%,.04667,0.02,0.01
PUT /api/items/184,3,1177,1297,1309,1309,1309,927,1309,0.000%,.02358,0.01,0.01
PUT /api/items/528,1,627,627,627,627,627,627,627,0.000%,1.59490,0.74,0.47
GET /api/items/606,3,966,1207,1452,1452,1452,241,1452,0.000%,.03665,0.02,0.01
PUT /api/items/312,1,546,546,546,546,546,546,546,0.000%,1.83150,0.85,0.53
GET /api/items/045,2,751,317,1186,1186,1186,317,1186,0.000%,.01368,0.01,0.00
PUT /api/items/308,3,860,752,1114,1114,1114,714,1114,0.000%,.01955,0.01,0.01
GET /api/items/846,2,756,483,1030,1030,1030,483,1030,0.000%,.02419,0.01,0.00
GET /api/items/504,2,485,454,516,516,516,454,516,0.000%,.20794,0.10,0.04
GET /api/items/789,3,987,988,1182,1182,1182,792,1182,0.000%,.03541,0.02,0.01
GET /api/items/682,1,403,403,403,403,403,403,403,0.000%,2.48139,1.15,0.47
PUT /api/items/618,1,791,791,791,791,791,791,791,0.000%,1.26422,0.59,0.37
PUT /api/items/464,2,821,355,1288,1288,1288,355,1288,0.000%,.04305,0.02,0.01
PUT /api/items/808,3,706,600,1109,1109,1109,409,1109,0.000%,.02786,0.01,0.01
GET /api/items/263,5,736,773,823,1374,1374,267,1374,0.000%,.03050,0.01,0.01
GET /api/items/446,3,1009,972,1393,1393,1393,664,1393,0.000%,.02469,0.01,0.00
GET /api/items/808,2,485,372,598,598,598,372,598,0.000%,.02280,0.01,0.00
GET /api/items/787,2,641,327,955,955,955,327,955,0.000%,.01680,0.01,0.00
PUT /api/items/037,3,1149,1043,1500,1500,1500,904,1500,0.000%,.03639,0.02,0.01
PUT /api/items/898,2,1064,762,1366,1366,1366,762,1366,0.000%,.01365,0.01,0.00
GET /api/items/365,3,828,712,1310,1310,1310,463,1310,0.000%,.02068,0.01,0.00
PUT /api/items/799,4,880,506,1736,1736,1736,480,1736,0.000%,.02484,0.01,0.01
GET /api/items/679,2,502,413,592,592,592,413,592,0.000%,2.35571,1.09,0.44
PUT /api/items/494,1,452,452,452,452,452,452,452,0.000%,2.21239,1.03,0.65
PUT /api/items/403,1,815,815,815,815,815,815,815,0.000%,1.22699,0.57,0.36
GET /api/items/231,2,510,423,598,598,598,423,598,0.000%,1.39860,0.65,0.26
GET /api/items/648,4,769,696,984,984,984,650,984,0.000%,.03023,0.01,0.01
GET /api/items/082,3,834,1009,1028,1028,1028,467,1028,0.000%,.05091,0.02,0.01
GET /api/items/101,2,507,265,749,749,749,265,749,0.000%,.05000,0.02,0.01
PUT /api/items/072,2,547,369,725,725,725,369,725,0.000%,.06862,0.03,0.02
GET /api/items/456,1,437,437,437,437,437,437,437,0.000%,2.28833,1.06,0.43
PUT /api/items/400,1,612,612,612,612,612,612,612,0.000%,1.63399,0.76,0.48
PUT /api/items/432,2,1134,901,1367,1367,1367,901,1367,0.000%,.01425,0.01,0.00
PUT /api/items/235,4,489,342,688,688,688,319,688,0.000%,.02486,0.01,0.01
PUT /api/items/046,1,448,448,448,448,448,448,448,0.000%,2.23214,1.03,0.65
GET /api/items/713,3,772,873,898,898,898,546,898,0.000%,.04196,0.02,0.01
PUT /api/items/853,1,535,535,535,535,535,535,535,0.000%,1.86916,0.87,0.55
PUT /api/items/702,2,1179,561,1798,1798,1798,561,1798,0.000%,.02629,0.01,0.01
GET /api/items/281,7,971,1067,1112,1238,1238,392,1238,0.000%,.04269,0.02,0.01
PUT /api/items/366,2,727,688,766,766,766,688,766,0.000%,.02582,0.01,0.01
PUT /api/items/920,3,779,636,1284,1284,1284,419,1284,0.000%,.02269,0.01,0.01
GET /api/items/434,3,702,832,837,837,837,437,837,0.000%,.01830,0.01,0.00
GET /api/items/025,3,592,463,895,895,895,418,895,0.000%,.02069,0.01,0.00
PUT /api/items/243,4,921,624,1698,1698,1698,256,1698,0.000%,.02308,0.01,0.01
GET /api/items/340,2,327,315,340,340,340,315,340,0.000%,.61576,0.29,0.12
GET /api/items/510,4,1095,1103,1311,1311,1311,716,1311,0.000%,.02617,0.01,0.00
GET /api/items/666,2,917,819,1016,1016,1016,819,1016,0.000%,.02668,0.01,0.01
PUT /api/items/771,2,898,457,1340,1340,1340,457,1340,0.000%,.03864,0.02,0.01
PUT /api/items/417,2,905,444,1366,1366,1366,444,1366,0.000%,.03503,0.02,0.01
PUT /api/items/139,2,694,562,827,827,827,562,827,0.000%,.01450,0.01,0.00
GET /api/items/973,2,523,241,806,806,806,241,806,0.000%,.01168,0.01,0.00
GET /api/items/117,3,490,556,659,659,659,257,659,0.000%,.01951,0.01,0.00
PUT /api/items/431,2,579,345,814,814,814,345,814,0.000%,.03147,0.01,0.01
GET /api/items/250,2,503,356,651,651,651,356,651,0.000%,.01310,0.01,0.00
PUT /api/items/219,2,306,291,321,321,321,291,321,0.000%,.01212,0.01,0.00
PUT /api/items/150,1,831,831,831,831,831,831,831,0.000%,1.20337,0.56,0.35
GET /api/items/012,2,708,453,964,964,964,453,964,0.000%,.01394,0.01,0.00
GET /api/items/479,3,981,982,1411,1411,1411,551,1411,0.000%,.12068,0.06,0.02
PUT /api/items/865,2,703,374,1033,1033,1033,374,1033,0.000%,.02135,0.01,0.01
PUT /api/items/714,1,1060,1060,1060,1060,1060,1060,1060,0.000%,.94340,0.44,0.28
PUT /api/items/098,1,471,471,471,471,471,471,471,0.000%,2.12314,0.98,0.62
GET /api/items/945,2,417,413,422,422,422,413,422,0.000%,.01261,0.01,0.00
GET /api/items/598,4,1188,923,1616,1616,1616,607,1616,0.000%,.05042,0.02,0.01
PUT /api/items/628,3,739,790,972,972,972,457,972,0.000%,.02091,0.01,0.01
GET /api/items/391,1,998,998,998,998,998,998,998,0.000%,1.00200,0.46,0.19
GET /api/items/616,5,1091,957,1007,1889,1889,787,1889,0.000%,.03674,0.02,0.01
GET /api/items/589,2,803,432,1174,1174,1174,432,1174,0.000%,.02125,0.01,0.00
GET /api/items/194,2,310,306,315,315,315,306,315,0.000%,.01276,0.01,0.00
PUT /api/items/394,3,612,497,979,979,979,362,979,0.000%,.01838,0.01,0.01
GET /api/items/278,2,614,342,886,886,886,342,886,0.000%,.02560,0.01,0.00
PUT /api/items/066,1,441,441,441,441,441,441,441,0.000%,2.26757,1.05,0.66
GET /api/items/230,1,396,396,396,396,396,396,396,0.000%,2.52525,1.17,0.47
GET /api/items/982,6,911,989,1223,1466,1466,270,1466,0.000%,.03667,0.02,0.01
PUT /api/items/145,1,409,409,409,409,409,409,409,0.000%,2.44499,1.13,0.71
GET /api/items/220,2,1229,556,1902,1902,1902,556,1902,0.000%,.02915,0.01,0.01
PUT /api/items/137,2,801,494,1109,1109,1109,494,1109,0.000%,.02269,0.01,0.01
GET /api/items/188,6,806,440,1299,1616,1616,207,1616,0.000%,.03518,0.02,0.01
PUT /api/items/415,1,495,495,495,495,495,495,495,0.000%,2.02020,0.94,0.59
GET /api/items/969,3,1090,920,1922,1922,1922,430,1922,0.000%,.03301,0.02,0.01
GET /api/items/222,4,960,502,1889,1889,1889,268,1889,0.000%,.02363,0.01,0.00
GET /api/items/718,1,413,413,413,413,413,413,413,0.000%,2.42131,1.12,0.45
GET /api/items/049,5,864,807,931,1196,1196,631,1196,0.000%,.04910,0.02,0.01
PUT /api/items/104,3,953,949,1215,1215,1215,697,1215,0.000%,.02162,0.01,0.01
PUT /api/items/453,2,661,626,697,697,697,626,697,0.000%,.20894,0.10,0.06
PUT /api/items/101,2,928,425,1432,1432,1432,425,1432,0.000%,.01942,0.01,0.01
PUT /api/items/291,1,333,333,333,333,333,333,333,0.000%,3.00300,1.39,0.88
PUT /api/items/147,3,958,1148,1379,1379,1379,347,1379,0.000%,.03133,0.01,0.01
GET /api/items/577,4,675,521,1163,1163,1163,465,1163,0.000%,.02550,0.01,0.00
PUT /api/items/022,2,1203,897,1510,1510,1510,897,1510,0.000%,.01688,0.01,0.00
PUT /api/items/922,5,948,912,1243,1290,1290,433,1290,0.000%,.03358,0.02,0.01
PUT /api/items/318,1,356,356,356,356,356,356,356,0.000%,2.80899,1.30,0.82
PUT /api/items/843,4,855,812,948,948,948,794,948,0.000%,.04009,0.02,0.01
GET /api/items/938,2,739,394,1085,1085,1085,394,1085,0.000%,.02023,0.01,0.00
PUT /api/items/656,1,299,299,299,299,299,299,299,0.000%,3.34448,1.55,0.98
GET /api/items/394,2,1063,1049,1078,1078,1078,1049,1078,0.000%,.02886,0.01,0.01
PUT /api/items/806,2,424,424,424,424,424,424,424,0.000%,.02133,0.01,0.01
GET /api/items/604,3,684,578,995,995,995,480,995,0.000%,.02165,0.01,0.00
GET /api/items/617,3,1083,1121,1422,1422,1422,706,1422,0.000%,.02256,0.01,0.00
PUT /api/items/292,3,1130,1036,1567,1567,1567,787,1567,0.000%,.03132,0.01,0.01
GET /api/items/151,2,807,732,883,883,883,732,883,0.000%,.12958,0.06,0.02
GET /api/items/596,3,953,499,1917,1917,1917,443,1917,0.000%,.06868,0.03,0.01
GET /api/items/240,2,1089,800,1379,1379,1379,800,1379,0.000%,.02463,0.01,0.00
GET /api/items/937,1,365,365,365,365,365,365,365,0.000%,2.73973,1.27,0.51
GET /api/items/847,2,597,427,768,768,768,427,768,0.000%,.04180,0.02,0.01
GET /api/items/576,2,1028,886,1171,1171,1171,886,1171,0.000%,.01760,0.01,0.00
GET /api/items/631,1,466,466,466,466,466,466,466,0.000%,2.14592,1.00,0.40
GET /api/items/815,2,719,346,1092,1092,1092,346,1092,0.000%,.02257,0.01,0.00
GET /api/items/694,1,368,368,368,368,368,368,368,0.000%,2.71739,1.26,0.51
GET /api/items/890,3,780,553,1447,1447,1447,341,1447,0.000%,.02946,0.01,0.01
PUT /api/items/864,5,1077,1008,1058,1971,1971,406,1971,0.000%,.03876,0.02,0.01
PUT /api/items/341,2,542,387,698,698,698,387,698,0.000%,.02647,0.01,0.01
GET /api/items/900,2,899,677,1122,1122,1122,677,1122,0.000%,.10475,0.05,0.02
PUT /api/items/832,4,824,546,1197,1197,1197,441,1197,0.000%,.03942,0.02,0.01
PUT /api/items/501,2,508,439,578,578,578,439,578,0.000%,.04662,0.02,0.01
PUT /api/items/667,3,767,503,1387,1387,1387,412,1387,0.000%,.03292,0.02,0.01
GET /api/items/820,3,766,905,966,966,966,428,966,0.000%,.02483,0.01,0.00
GET /api/items/636,2,686,509,864,864,864,509,864,0.000%,.04394,0.02,0.01
GET /api/items/864,3,913,689,1631,1631,1631,421,1631,0.000%,.02046,0.01,0.00
GET /api/items/761,3,1094,998,1748,1748,1748,536,1748,0.000%,.03554,0.02,0.01
PUT /api/items/934,1,453,453,453,453,453,453,453,0.000%,2.20751,1.02,0.64
GET /api/items/519,2,489,406,572,572,572,406,572,0.000%,.01274,0.01,0.00
GET /api/items/415,2,399,392,407,407,407,392,407,0.000%,.01333,0.01,0.00
GET /api/items/296,3,706,642,1059,1059,1059,417,1059,0.000%,.02062,0.01,0.00
PUT /api/items/697,3,775,789,981,981,981,555,981,0.000%,.02170,0.01,0.01
PUT /api/items/970,3,818,869,1087,1087,1087,500,1087,0.000%,.02337,0.01,0.01
GET /api/items/855,6,962,955,1123,1304,1304,495,1304,0.000%,.04732,0.02,0.01
GET /api/items/448,2,613,595,631,631,631,595,631,0.000%,.01301,0.01,0.00
PUT /api/items/186,4,702,567,1334,1334,1334,165,1334,0.000%,.02361,0.01,0.01
GET /api/items/204,4,1024,813,1548,1548,1548,640,1548,0.000%,.02901,0.01,0.01
GET /api/items/567,3,911,1043,1204,1204,1204,487,1204,0.000%,.02341,0.01,0.00
PUT /api/items/889,2,893,811,976,976,976,811,976,0.000%,.02401,0.01,0.01
PUT /api/items/485,1,1053,1053,1053,1053,1053,1053,1053,0.000%,.94967,0.44,0.28
GET /api/items/275,2,615,414,816,816,816,414,816,0.000%,.01549,0.01,0.00
GET /api/items/315,1,599,599,599,599,599,599,599,0.000%,1.66945,0.77,0.31
GET /api/items/645,2,1023,578,1468,1468,1468,578,1468,0.000%,.02266,0.01,0.00
GET /api/items/628,2,957,865,1050,1050,1050,865,1050,0.000%,.01298,0.01,0.00
PUT /api/items/644,2,668,532,804,804,804,532,804,0.000%,.01628,0.01,0.00
PUT /api/items/809,1,795,795,795,795,795,795,795,0.000%,1.25786,0.58,0.37
PUT /api/items/223,2,491,365,618,618,618,365,618,0.000%,.10168,0.05,0.03
GET /api/items/221,2,312,215,410,410,410,215,410,0.000%,.01211,0.01,0.00
GET /api/items/219,3,707,600,1246,1246,1246,275,1246,0.000%,.01934,0.01,0.00
GET /api/items/487,1,425,425,425,425,425,425,425,0.000%,2.35294,1.09,0.44
GET /api/items/778,2,443,380,507,507,507,380,507,0.000%,.07700,0.04,0.01
GET /api/items/998,2,802,425,1180,1180,1180,425,1180,0.000%,.01600,0.01,0.00
PUT /api/items/378,3,1011,815,1782,1782,1782,437,1782,0.000%,.08484,0.04,0.02
GET /api/items/404,1,575,575,575,575,575,575,575,0.000%,1.73913,0.81,0.33
PUT /api/items/082,2,487,393,582,582,582,393,582,0.000%,.01275,0.01,0.00
PUT /api/items/428,2,550,415,686,686,686,415,686,0.000%,.18838,0.09,0.06
GET /api/items/115,2,347,257,437,437,437,257,437,0.000%,.01283,0.01,0.00
GET /api/items/083,5,793,597,864,1517,1517,479,1517,0.000%,.03132,0.01,0.01
PUT /api/items/191,2,673,563,784,784,784,563,784,0.000%,.01914,0.01,0.01
GET /api/items/907,1,632,632,632,632,632,632,632,0.000%,1.58228,0.73,0.30
GET /api/items/308,3,992,1162,1316,1316,1316,500,1316,0.000%,.03009,0.01,0.01
GET /api/items/687,3,661,640,815,815,815,529,815,0.000%,.02738,0.01,0.01
GET /api/items/555,3,930,978,1266,1266,1266,546,1266,0.000%,.02298,0.01,0.00
PUT /api/items/278,1,1023,1023,1023,1023,1023,1023,1023,0.000%,.97752,0.45,0.29
PUT /api/items/636,4,1026,895,1412,1412,1412,795,1412,0.000%,.02890,0.01,0.01
PUT /api/items/568,2,863,839,888,888,888,839,888,0.000%,.18809,0.09,0.05
GET /api/items/840,2,727,652,803,803,803,652,803,0.000%,.20644,0.10,0.04
GET /api/items/569,4,904,677,1481,1481,1481,650,1481,0.000%,.04493,0.02,0.01
PUT /api/items/246,2,775,550,1001,1001,1001,550,1001,0.000%,.02353,0.01,0.01
GET /api/items/099,2,589,409,769,769,769,409,769,0.000%,.07045,0.03,0.01
PUT /api/items/298,1,523,523,523,523,523,523,523,0.000%,1.91205,0.89,0.56
PUT /api/items/255,3,1158,1202,1448,1448,1448,826,1448,0.000%,.02691,0.01,0.01
PUT /api/items/897,2,733,490,977,977,977,490,977,0.000%,.01471,0.01,0.00
GET /api/items/155,2,612,562,663,663,663,562,663,0.000%,.01436,0.01,0.00
GET /api/items/977,2,766,699,834,834,834,699,834,0.000%,.18648,0.09,0.03
PUT /api/items/228,2,846,824,869,869,869,824,869,0.000%,.02104,0.01,0.01
GET /api/items/285,2,804,674,935,935,935,674,935,0.000%,.03189,0.01,0.01
GET /api/items/297,2,718,615,822,822,822,615,822,0.000%,.06087,0.03,0.01
PUT /api/items/788,1,608,608,608,608,608,608,608,0.000%,1.64474,0.76,0.48
PUT /api/items/114,5,756,604,904,1231,1231,511,1231,0.000%,.03659,0.02,0.01
PUT /api/items/836,6,1006,1054,1213,1310,1310,433,1310,0.000%,.03816,0.02,0.01
GET /api/items/758,3,759,803,918,918,918,557,918,0.000%,.02508,0.01,0.00
GET /api/items/090,3,1010,1026,1118,1118,1118,886,1118,0.000%,.02314,0.01,0.00
PUT /api/items/543,3,858,825,1124,1124,1124,627,1124,0.000%,.03240,0.02,0.01
GET /api/items/794,6,745,687,885,1234,1234,190,1234,0.000%,.03672,0.02,0.01
PUT /api/items/217,3,930,1081,1126,1126,1126,585,1126,0.000%,.03335,0.02,0.01
GET /api/items/705,2,977,867,1087,1087,1087,867,1087,0.000%,.31061,0.14,0.06
PUT /api/items/567,1,752,752,752,752,752,752,752,0.000%,1.32979,0.62,0.39
PUT /api/items/586,2,805,542,1069,1069,1069,542,1069,0.000%,.01551,0.01,0.00
GET /api/items/534,2,920,844,996,996,996,844,996,0.000%,.04597,0.02,0.01
GET /api/items/658,1,675,675,675,675,675,675,675,0.000%,1.48148,0.69,0.28
PUT /api/items/309,2,1275,1052,1498,1498,1498,1052,1498,0.000%,.05991,0.03,0.02
GET /api/items/669,3,601,518,829,829,829,457,829,0.000%,.02011,0.01,0.00
GET /api/items/879,3,819,715,1112,1112,1112,631,1112,0.000%,.06245,0.03,0.01
GET /api/items/839,1,679,679,679,679,679,679,679,0.000%,1.47275,0.68,0.28
GET /api/items/673,2,634,626,643,643,643,626,643,0.000%,.10132,0.05,0.02
PUT /api/items/718,3,1023,1044,1088,1088,1088,938,1088,0.000%,.02435,0.01,0.01
PUT /api/items/640,1,601,601,601,601,601,601,601,0.000%,1.66389,0.77,0.49
GET /api/items/376,4,957,873,1280,1280,1280,506,1280,0.000%,.13361,0.06,0.03
GET /api/items/726,4,977,797,1384,1384,1384,788,1384,0.000%,.03632,0.02,0.01
GET /api/items/213,4,684,640,827,827,827,485,827,0.000%,.03016,0.01,0.01
GET /api/items/097,3,936,918,1223,1223,1223,667,1223,0.000%,.01910,0.01,0.00
PUT /api/items/841,1,569,569,569,569,569,569,569,0.000%,1.75747,0.82,0.51
PUT /api/items/930,1,899,899,899,899,899,899,899,0.000%,1.11235,0.52,0.32
PUT /api/items/459,1,776,776,776,776,776,776,776,0.000%,1.28866,0.60,0.38
GET /api/items/033,4,932,836,1215,1215,1215,792,1215,0.000%,.03353,0.02,0.01
PUT /api/items/134,3,1284,1236,1421,1421,1421,1196,1421,0.000%,.03204,0.01,0.01
GET /api/items/635,2,1113,591,1635,1635,1635,591,1635,0.000%,.13501,0.06,0.03
PUT /api/items/871,2,743,567,920,920,920,567,920,0.000%,.01426,0.01,0.00
PUT /api/items/969,2,1132,1017,1247,1247,1247,1017,1247,0.000%,.01567,0.01,0.00
GET /api/items/950,2,1113,897,1329,1329,1329,897,1329,0.000%,.02049,0.01,0.00
GET /api/items/246,1,649,649,649,649,649,649,649,0.000%,1.54083,0.71,0.29
GET /api/items/892,3,868,708,1199,1199,1199,699,1199,0.000%,.05118,0.02,0.01
PUT /api/items/504,2,1164,727,1602,1602,1602,727,1602,0.000%,.05110,0.02,0.01
PUT /api/items/376,1,452,452,452,452,452,452,452,0.000%,2.21239,1.03,0.65
GET /api/items/378,1,818,818,818,818,818,818,818,0.000%,1.22249,0.57,0.23
GET /api/items/898,3,753,585,1137,1137,1137,538,1137,0.000%,.03231,0.01,0.01
PUT /api/items/549,1,559,559,559,559,559,559,559,0.000%,1.78891,0.83,0.52
GET /api/items/755,1,788,788,788,788,788,788,788,0.000%,1.26904,0.59,0.24
PUT /api/items/948,2,914,549,1279,1279,1279,549,1279,0.000%,.01658,0.01,0.00
GET /api/items/939,3,735,743,784,784,784,678,784,0.000%,.03076,0.01,0.01
PUT /api/items/994,3,1390,1498,1980,1980,1980,692,1980,0.000%,.02753,0.01,0.01
GET /api/items/435,1,733,733,733,733,733,733,733,0.000%,1.36426,0.63,0.26
GET /api/items/614,3,710,750,904,904,904,478,904,0.000%,.03615,0.02,0.01
PUT /api/items/385,1,508,508,508,508,508,508,508,0.000%,1.96850,0.91,0.57
PUT /api/items/470,1,1099,1099,1099,1099,1099,1099,1099,0.000%,.90992,0.42,0.27
PUT /api/items/669,1,553,553,553,553,553,553,553,0.000%,1.80832,0.84,0.53
PUT /api/items/333,1,553,553,553,553,553,553,553,0.000%,1.80832,0.84,0.53
GET /api/items/947,1,473,473,473,473,473,473,473,0.000%,2.11416,0.98,0.40
PUT /api/items/144,2,1099,409,1790,1790,1790,409,1790,0.000%,.09093,0.04,0.03
PUT /api/items/047,3,795,775,1039,1039,1039,571,1039,0.000%,.02095,0.01,0.01
PUT /api/items/360,1,1077,1077,1077,1077,1077,1077,1077,0.000%,.92851,0.43,0.27
GET /api/items/942,4,873,849,1509,1509,1509,217,1509,0.000%,.02498,0.01,0.00
GET /api/items/646,1,453,453,453,453,453,453,453,0.000%,2.20751,1.02,0.41
PUT /api/items/896,1,843,843,843,843,843,843,843,0.000%,1.18624,0.55,0.35
PUT /api/items/986,3,887,848,1234,1234,1234,579,1234,0.000%,.02562,0.01,0.01
GET /api/items/034,2,932,531,1333,1333,1333,531,1333,0.000%,.17476,0.08,0.03
GET /api/items/245,2,711,514,909,909,909,514,909,0.000%,.05955,0.03,0.01
GET /api/items/640,1,616,616,616,616,616,616,616,0.000%,1.62338,0.75,0.30
PUT /api/items/471,1,541,541,541,541,541,541,541,0.000%,1.84843,0.86,0.54
GET /api/items/696,1,484,484,484,484,484,484,484,0.000%,2.06612,0.96,0.39
GET /api/items/842,1,983,983,983,983,983,983,983,0.000%,1.01729,0.47,0.19
GET /api/items/068,3,465,509,543,543,543,345,543,0.000%,.07783,0.04,0.01
PUT /api/items/059,1,605,605,605,605,605,605,605,0.000%,1.65289,0.77,0.48
GET /api/items/757,2,586,453,720,720,720,453,720,0.000%,.01387,0.01,0.00
PUT /api/items/588,2,1195,802,1589,1589,1589,802,1589,0.000%,.01597,0.01,0.00
GET /api/items/080,1,603,603,603,603,603,603,603,0.000%,1.65837,0.77,0.31
PUT /api/items/251,4,576,438,916,916,916,358,916,0.000%,.02619,0.01,0.01
GET /api/items/129,1,596,596,596,596,596,596,596,0.000%,1.67785,0.78,0.31
GET /api/items/584,1,492,492,492,492,492,492,492,0.000%,2.03252,0.94,0.38
GET /api/items/684,2,679,524,834,834,834,524,834,0.000%,.01555,0.01,0.00
PUT /api/items/224,1,992,992,992,992,992,992,992,0.000%,1.00806,0.47,0.29
PUT /api/items/451,2,782,438,1126,1126,1126,438,1126,0.000%,.02042,0.01,0.01
GET /api/items/036,1,694,694,694,694,694,694,694,0.000%,1.44092,0.67,0.27
PUT /api/items/212,2,711,624,798,798,798,624,798,0.000%,.01483,0.01,0.00
GET /api/items/283,2,1262,983,1541,1541,1541,983,1541,0.000%,.02027,0.01,0.00
PUT /api/items/617,2,1002,699,1305,1305,1305,699,1305,0.000%,.06140,0.03,0.02
GET /api/items/816,2,954,499,1410,1410,1410,499,1410,0.000%,.02024,0.01,0.00
PUT /api/items/899,1,1160,1160,1160,1160,1160,1160,1160,0.000%,.86207,0.40,0.25
GET /api/items/058,2,830,780,881,881,881,780,881,0.000%,.04545,0.02,0.01
PUT /api/items/274,2,496,465,528,528,528,465,528,0.000%,.01450,0.01,0.00
PUT /api/items/489,2,750,559,941,941,941,559,941,0.000%,.03754,0.02,0.01
PUT /api/items/405,1,1033,1033,1033,1033,1033,1033,1033,0.000%,.96805,0.45,0.28
GET /api/items/819,1,485,485,485,485,485,485,485,0.000%,2.06186,0.96,0.39
GET /api/items/256,1,488,488,488,488,488,488,488,0.000%,2.04918,0.95,0.38
GET /api/items/294,3,995,1072,1157,1157,1157,757,1157,0.000%,.09355,0.04,0.02
PUT /api/items/747,2,712,491,934,934,934,491,934,0.000%,.01323,0.01,0.00
PUT /api/items/456,1,888,888,888,888,888,888,888,0.000%,1.12613,0.52,0.33
PUT /api/items/263,3,1113,1189,1377,1377,1377,773,1377,0.000%,.03959,0.02,0.01
GET /api/items/022,3,950,944,1415,1415,1415,493,1415,0.000%,.02933,0.01,0.01
PUT /api/items/043,3,1245,1635,1638,1638,1638,463,1638,0.000%,.06254,0.03,0.02
GET /api/items/168,1,758,758,758,758,758,758,758,0.000%,1.31926,0.61,0.25
GET /api/items/304,4,720,521,1054,1054,1054,308,1054,0.000%,.02639,0.01,0.00
PUT /api/items/411,2,979,674,1285,1285,1285,674,1285,0.000%,.02754,0.01,0.01
PUT /api/items/756,4,787,376,1371,1371,1371,268,1371,0.000%,.02700,0.01,0.01
PUT /api/items/498,2,1083,1080,1086,1086,1086,1080,1086,0.000%,.11878,0.06,0.03
GET /api/items/517,3,692,800,1038,1038,1038,239,1038,0.000%,.01971,0.01,0.00
GET /api/items/895,1,557,557,557,557,557,557,557,0.000%,1.79533,0.83,0.34
GET /api/items/872,6,684,544,944,1408,1408,232,1408,0.000%,.03975,0.02,0.01
PUT /api/items/595,1,911,911,911,911,911,911,911,0.000%,1.09769,0.51,0.32
PUT /api/items/774,2,985,852,1119,1119,1119,852,1119,0.000%,.04080,0.02,0.01
GET /api/items/882,2,867,840,894,894,894,840,894,0.000%,.02070,0.01,0.00
GET /api/items/075,7,798,890,1113,1278,1278,170,1278,0.000%,.04555,0.02,0.01
PUT /api/items/583,2,974,573,1376,1376,1376,573,1376,0.000%,.03165,0.01,0.01
GET /api/items/775,3,710,748,770,770,770,613,770,0.000%,.02307,0.01,0.00
PUT /api/items/229,1,630,630,630,630,630,630,630,0.000%,1.58730,0.74,0.46
GET /api/items/463,2,934,707,1162,1162,1162,707,1162,0.000%,.02212,0.01,0.00
GET /api/items/877,1,789,789,789,789,789,789,789,0.000%,1.26743,0.59,0.24
PUT /api/items/660,5,1028,921,970,1913,1913,627,1913,0.000%,.04085,0.02,0.01
GET /api/items/573,1,866,866,866,866,866,866,866,0.000%,1.15473,0.54,0.22
PUT /api/items/594,1,1001,1001,1001,1001,1001,1001,1001,0.000%,.99900,0.46,0.29
GET /api/items/494,1,905,905,905,905,905,905,905,0.000%,1.10497,0.51,0.21
PUT /api/items/440,3,1050,902,1771,1771,1771,478,1771,0.000%,.05775,0.03,0.02
GET /api/items/375,3,1134,1086,1383,1383,1383,935,1383,0.000%,.04429,0.02,0.01
PUT /api/items/862,1,1019,1019,1019,1019,1019,1019,1019,0.000%,.98135,0.46,0.29
GET /api/items/173,3,942,929,1054,1054,1054,845,1054,0.000%,.02444,0.01,0.00
PUT /api/items/943,1,1054,1054,1054,1054,1054,1054,1054,0.000%,.94877,0.44,0.28
PUT /api/items/642,1,1584,1584,1584,1584,1584,1584,1584,0.000%,.63131,0.29,0.18
GET /api/items/933,2,860,567,1154,1154,1154,567,1154,0.000%,.03083,0.01,0.01
GET /api/items/103,2,1333,1273,1394,1394,1394,1273,1394,0.000%,.04131,0.02,0.01
PUT /api/items/313,1,400,400,400,400,400,400,400,0.000%,2.50000,1.16,0.73
GET /api/items/619,2,706,518,894,894,894,518,894,0.000%,.01444,0.01,0.00
PUT /api/items/245,4,989,856,1230,1230,1230,818,1230,0.000%,.03301,0.02,0.01
GET /api/items/545,3,1165,1042,1553,1553,1553,901,1553,0.000%,.03365,0.02,0.01
PUT /api/items/819,3,1184,1264,1392,1392,1392,896,1392,0.000%,.03043,0.01,0.01
GET /api/items/236,4,854,845,1291,1291,1291,221,1291,0.000%,.02663,0.01,0.00
PUT /api/items/041,1,690,690,690,690,690,690,690,0.000%,1.44928,0.67,0.42
PUT /api/items/152,5,970,1145,1173,1281,1281,246,1281,0.000%,.03418,0.02,0.01
PUT /api/items/492,1,1341,1341,1341,1341,1341,1341,1341,0.000%,.74571,0.32,0.22
GET /api/items/837,4,751,660,1141,1141,1141,417,1141,0.000%,.06617,0.03,0.01
PUT /api/items/424,2,961,651,1271,1271,1271,651,1271,0.000%,.08249,0.04,0.02
GET /api/items/972,3,1176,1178,1258,1258,1258,1094,1258,0.000%,.03886,0.02,0.01
GET /api/items/706,3,954,1078,1172,1172,1172,613,1172,0.000%,.02564,0.01,0.00
PUT /api/items/610,1,1722,1722,1722,1722,1722,1722,1722,0.000%,.58072,0.27,0.17
PUT /api/items/960,2,1051,768,1335,1335,1335,768,1335,0.000%,.03368,0.02,0.01
PUT /api/items/687,1,1982,1982,1982,1982,1982,1982,1982,0.000%,.50454,0.23,0.15
GET /api/items/745,3,1106,1260,1356,1356,1356,702,1356,0.000%,.04084,0.02,0.01
GET /api/items/121,1,683,683,683,683,683,683,683,0.000%,1.46413,0.68,0.27
GET /api/items/423,6,873,768,1093,1151,1151,583,1151,0.000%,.04677,0.02,0.01
GET /api/items/358,3,1224,1186,1470,1470,1470,1017,1470,0.000%,.06084,0.03,0.01
PUT /api/items/879,1,631,631,631,631,631,631,631,0.000%,1.58479,0.74,0.46
PUT /api/items/988,2,841,708,974,974,974,708,974,0.000%,.03533,0.02,0.01
GET /api/items/287,2,1073,970,1176,1176,1176,970,1176,0.000%,.01884,0.01,0.00
PUT /api/items/153,2,1412,1283,1542,1542,1542,1283,1542,0.000%,.11331,0.05,0.03
PUT /api/items/345,1,923,923,923,923,923,923,923,0.000%,1.08342,0.50,0.32
PUT /api/items/052,3,792,803,944,944,944,630,944,0.000%,.02233,0.01,0.01
GET /api/items/122,1,409,409,409,409,409,409,409,0.000%,2.44499,1.13,0.46
PUT /api/items/650,2,1372,1340,1405,1405,1405,1340,1405,0.000%,.01941,0.01,0.01
PUT /api/items/510,3,803,820,913,913,913,677,913,0.000%,.02659,0.01,0.01
PUT /api/items/622,1,1194,1194,1194,1194,1194,1194,1194,0.000%,.83752,0.39,0.24
GET /api/items/784,3,1014,919,1340,1340,1340,785,1340,0.000%,.04968,0.02,0.01
GET /api/items/488,3,1001,1133,1179,1179,1179,691,1179,0.000%,.02415,0.01,0.00
GET /api/items/940,1,880,880,880,880,880,880,880,0.000%,1.13636,0.53,0.21
PUT /api/items/452,1,785,785,785,785,785,785,785,0.000%,1.27389,0.59,0.37
GET /api/items/059,4,992,1005,1209,1209,1209,719,1209,0.000%,.13672,0.06,0.03
PUT /api/items/993,4,969,911,1244,1244,1244,729,1244,0.000%,.04106,0.02,0.01
PUT /api/items/629,2,856,693,1020,1020,1020,693,1020,0.000%,.04808,0.02,0.01
PUT /api/items/952,1,1012,1012,1012,1012,1012,1012,1012,0.000%,.98814,0.46,0.29
GET /api/items/229,1,787,787,787,787,787,787,787,0.000%,1.27065,0.59,0.24
GET /api/items/826,1,637,637,637,637,637,637,637,0.000%,1.56986,0.73,0.29
PUT /api/items/475,3,1457,1342,1950,1950,1950,1079,1950,0.000%,.06645,0.03,0.02
PUT /api/items/935,2,1214,1015,1413,1413,1413,1015,1413,0.000%,.12504,0.06,0.04
GET /api/items/445,3,1225,1117,1803,1803,1803,755,1803,0.000%,.03483,0.02,0.01
GET /api/items/870,1,1021,1021,1021,1021,1021,1021,1021,0.000%,.97943,0.45,0.18
PUT /api/items/701,1,974,974,974,974,974,974,974,0.000%,1.02669,0.48,0.30
PUT /api/items/573,2,1105,997,1213,1213,1213,997,1213,0.000%,.19699,0.09,0.06
GET /api/items/528,3,976,1105,1244,1244,1244,579,1244,0.000%,.04003,0.02,0.01
PUT /api/items/914,1,967,967,967,967,967,967,967,0.000%,1.03413,0.48,0.30
GET /api/items/010,4,992,850,1354,1354,1354,595,1354,0.000%,.03573,0.02,0.01
GET /api/items/305,3,877,687,1498,1498,1498,446,1498,0.000%,.02485,0.01,0.00
PUT /api/items/447,1,792,792,792,792,792,792,792,0.000%,1.26263,0.59,0.37
GET /api/items/862,4,822,729,1295,1295,1295,390,1295,0.000%,.03642,0.02,0.01
GET /api/items/145,2,672,618,726,726,726,618,726,0.000%,.02944,0.01,0.01
PUT /api/items/277,2,823,821,825,825,825,821,825,0.000%,.02022,0.01,0.01
PUT /api/items/661,2,814,783,845,845,845,783,845,0.000%,.01786,0.01,0.01
GET /api/items/384,2,630,357,904,904,904,357,904,0.000%,.01447,0.01,0.00
PUT /api/items/151,3,718,570,1269,1269,1269,317,1269,0.000%,.02268,0.01,0.01
PUT /api/items/110,1,804,804,804,804,804,804,804,0.000%,1.24378,0.58,0.36
PUT /api/items/566,1,872,872,872,872,872,872,872,0.000%,1.14679,0.53,0.33
PUT /api/items/950,3,815,792,1001,1001,1001,652,1001,0.000%,.03769,0.02,0.01
GET /api/items/076,1,685,685,685,685,685,685,685,0.000%,1.45985,0.68,0.27
PUT /api/items/169,1,1271,1271,1271,1271,1271,1271,1271,0.000%,.78678,0.36,0.23
PUT /api/items/883,1,1089,1089,1089,1089,1089,1089,1089,0.000%,.91827,0.43,0.27
GET /api/items/548,4,922,576,1563,1563,1563,470,1563,0.000%,.07468,0.03,0.01
GET /api/items/030,1,714,714,714,714,714,714,714,0.000%,1.40056,0.65,0.26
GET /api/items/501,1,1321,1321,1321,1321,1321,1321,1321,0.000%,.75700,0.35,0.14
PUT /api/items/908,3,1031,1012,1368,1368,1368,714,1368,0.000%,.02726,0.01,0.01
GET /api/items/144,2,1266,1130,1402,1402,1402,1130,1402,0.000%,.02729,0.01,0.01
GET /api/items/268,3,819,816,858,858,858,784,858,0.000%,.02381,0.01,0.00
PUT /api/items/045,3,828,816,909,909,909,759,909,0.000%,.11530,0.05,0.03
PUT /api/items/367,1,973,973,973,973,973,973,973,0.000%,1.02775,0.48,0.30
PUT /api/items/761,2,1611,1324,1899,1899,1899,1324,1899,0.000%,.03224,0.01,0.01
PUT /api/items/844,1,364,364,364,364,364,364,364,0.000%,2.74725,1.27,0.80
GET /api/items/242,2,601,434,768,768,768,434,768,0.000%,.01840,0.01,0.00
GET /api/items/035,1,897,897,897,897,897,897,897,0.000%,1.11483,0.52,0.21
GET /api/items/801,2,971,533,1410,1410,1410,533,1410,0.000%,.01931,0.01,0.00
PUT /api/items/248,2,742,613,871,871,871,613,871,0.000%,.02075,0.01,0.01
GET /api/items/518,4,851,570,1294,1294,1294,512,1294,0.000%,.04184,0.02,0.01
GET /api/items/850,4,993,902,1290,1290,1290,681,1290,0.000%,.03291,0.02,0.01
GET /api/items/134,3,893,810,1116,1116,1116,755,1116,0.000%,.04030,0.02,0.01
PUT /api/items/873,1,1114,1114,1114,1114,1114,1114,1114,0.000%,.89767,0.42,0.26
GET /api/items/383,4,1027,1020,1176,1176,1176,892,1176,0.000%,.03903,0.02,0.01
PUT /api/items/325,1,888,888,888,888,888,888,888,0.000%,1.12613,0.52,0.33
GET /api/items/053,3,1058,983,1429,1429,1429,764,1429,0.000%,.02503,0.01,0.00
GET /api/items/458,1,1354,1354,1354,1354,1354,1354,1354,0.000%,.73855,0.34,0.14
PUT /api/items/884,2,1338,1266,1410,1410,1410,1266,1410,0.000%,.03482,0.02,0.01
GET /api/items/303,3,1201,1247,1284,1284,1284,1073,1284,0.000%,.04541,0.02,0.01
PUT /api/items/559,1,945,945,945,945,945,945,945,0.000%,1.05820,0.49,0.31
PUT /api/items/932,4,1317,1375,1763,1763,1763,711,1763,0.000%,.05138,0.02,0.02
PUT /api/items/637,1,884,884,884,884,884,884,884,0.000%,1.13122,0.52,0.33
GET /api/items/605,1,920,920,920,920,920,920,920,0.000%,1.08696,0.50,0.20
GET /api/items/105,3,925,1027,1046,1046,1046,704,1046,0.000%,.03172,0.01,0.01
GET /api/items/817,1,597,597,597,597,597,597,597,0.000%,1.67504,0.78,0.31
GET /api/items/727,4,905,907,1224,1224,1224,444,1224,0.000%,.04492,0.02,0.01
PUT /api/items/887,2,1352,953,1752,1752,1752,953,1752,0.000%,.05992,0.03,0.02
PUT /api/items/393,3,932,1080,1331,1331,1331,387,1331,0.000%,.02660,0.01,0.01
PUT /api/items/997,1,1295,1295,1295,1295,1295,1295,1295,0.000%,.77220,0.36,0.23
PUT /api/items/694,1,644,644,644,644,644,644,644,0.000%,1.55280,0.72,0.45
GET /api/items/849,2,890,587,1194,1194,1194,587,1194,0.000%,.01756,0.01,0.00
GET /api/items/920,1,955,955,955,955,955,955,955,0.000%,1.04712,0.49,0.20
PUT /api/items/955,1,1229,1229,1229,1229,1229,1229,1229,0.000%,.81367,0.38,0.24
PUT /api/items/426,1,612,612,612,612,612,612,612,0.000%,1.63399,0.76,0.48
GET /api/items/553,2,1003,848,1159,1159,1159,848,1159,0.000%,.06591,0.03,0.01
PUT /api/items/182,2,972,663,1281,1281,1281,663,1281,0.000%,.01812,0.01,0.01
PUT /api/items/311,3,1117,963,1686,1686,1686,703,1686,0.000%,.03015,0.01,0.01
PUT /api/items/244,1,709,709,709,709,709,709,709,0.000%,1.41044,0.65,0.41
GET /api/items/450,3,901,760,1279,1279,1279,664,1279,0.000%,.02717,0.01,0.01
PUT /api/items/789,2,1125,868,1382,1382,1382,868,1382,0.000%,.02863,0.01,0.01
GET /api/items/891,6,948,653,1183,1639,1639,550,1639,0.000%,.05107,0.02,0.01
PUT /api/items/383,2,1236,1048,1425,1425,1425,1048,1425,0.000%,.05609,0.03,0.02
GET /api/items/364,3,782,617,1268,1268,1268,461,1268,0.000%,.02827,0.01,0.01
PUT /api/items/265,3,875,930,1005,1005,1005,691,1005,0.000%,.02414,0.01,0.01
GET /api/items/100,2,1043,992,1094,1094,1094,992,1094,0.000%,.03688,0.02,0.01
PUT /api/items/797,1,931,931,931,931,931,931,931,0.000%,1.07411,0.50,0.31
GET /api/items/683,4,778,510,1113,1113,1113,450,1113,0.000%,.03369,0.02,0.01
GET /api/items/729,2,960,818,1102,1102,1102,818,1102,0.000%,.03802,0.02,0.01
PUT /api/items/800,2,1207,1118,1297,1297,1297,1118,1297,0.000%,.11181,0.05,0.03
GET /api/items/885,2,1201,1196,1207,1207,1207,1196,1207,0.000%,1.28452,0.60,0.24
PUT /api/items/837,3,705,699,746,746,746,671,746,0.000%,.02557,0.01,0.01
GET /api/items/984,1,1254,1254,1254,1254,1254,1254,1254,0.000%,.79745,0.37,0.15
PUT /api/items/779,1,981,981,981,981,981,981,981,0.000%,1.01937,0.47,0.30
GET /api/items/366,2,431,184,678,678,678,184,678,0.000%,.01477,0.01,0.00
GET /api/items/537,3,617,419,1065,1065,1065,369,1065,0.000%,.02277,0.01,0.00
GET /api/items/412,1,1842,1842,1842,1842,1842,1842,1842,0.000%,.54289,0.25,0.10
GET /api/items/465,2,1357,1084,1630,1630,1630,1084,1630,0.000%,.06625,0.03,0.01
GET /api/items/120,3,1059,1201,1336,1336,1336,640,1336,0.000%,.05523,0.03,0.01
GET /api/items/084,2,1220,1208,1233,1233,1233,1208,1233,0.000%,.08071,0.04,0.02
PUT /api/items/893,4,923,801,1398,1398,1398,341,1398,0.000%,.04820,0.02,0.01
PUT /api/items/239,1,1048,1048,1048,1048,1048,1048,1048,0.000%,.95420,0.44,0.28
GET /api/items/442,2,954,613,1295,1295,1295,613,1295,0.000%,.01551,0.01,0.00
PUT /api/items/414,1,610,610,610,610,610,610,610,0.000%,1.63934,0.76,0.48
PUT /api/items/295,2,1173,1062,1285,1285,1285,1062,1285,0.000%,.02878,0.01,0.01
GET /api/items/288,4,953,665,1522,1522,1522,577,1522,0.000%,.03809,0.02,0.01
PUT /api/items/170,3,1136,1182,1646,1646,1646,582,1646,0.000%,.09484,0.04,0.03
GET /api/items/118,3,911,894,1447,1447,1447,392,1447,0.000%,.02423,0.01,0.00
GET /api/items/550,1,1638,1638,1638,1638,1638,1638,1638,0.000%,.61050,0.28,0.11
GET /api/items/276,1,848,848,848,848,848,848,848,0.000%,1.17925,0.55,0.22
PUT /api/items/141,2,1280,1126,1435,1435,1435,1126,1435,0.000%,.03285,0.02,0.01
PUT /api/items/684,1,1809,1809,1809,1809,1809,1809,1809,0.000%,.55279,0.26,0.16
PUT /api/items/992,2,1089,1035,1144,1144,1144,1035,1144,0.000%,.03834,0.02,0.01
PUT /api/items/872,2,989,971,1008,1008,1008,971,1008,0.000%,.10673,0.05,0.03
GET /api/items/468,4,1428,923,2119,2119,2119,800,2119,0.000%,.04801,0.02,0.01
GET /api/items/854,2,1185,998,1372,1372,1372,998,1372,0.000%,.15342,0.07,0.03
GET /api/items/663,2,1123,750,1496,1496,1496,750,1496,0.000%,.08811,0.04,0.02
GET /api/items/124,3,1068,1147,1312,1312,1312,746,1312,0.000%,.04583,0.02,0.01
GET /api/items/143,3,1097,1218,1349,1349,1349,725,1349,0.000%,.05443,0.03,0.01
PUT /api/items/272,2,1289,840,1738,1738,1738,840,1738,0.000%,.01987,0.01,0.01
PUT /api/items/051,3,1092,939,1579,1579,1579,760,1579,0.000%,.04340,0.02,0.01
GET /api/items/736,2,1052,966,1139,1139,1139,966,1139,0.000%,.07071,0.03,0.01
PUT /api/items/065,2,538,273,804,804,804,273,804,0.000%,.01538,0.01,0.00
PUT /api/items/531,3,726,576,1076,1076,1076,528,1076,0.000%,.02694,0.01,0.01
PUT /api/items/828,2,1159,1085,1233,1233,1233,1085,1233,0.000%,.02596,0.01,0.01
PUT /api/items/634,2,739,277,1201,1201,1201,277,1201,0.000%,.01541,0.01,0.00
PUT /api/items/822,2,1222,1079,1366,1366,1366,1079,1366,0.000%,.02089,0.01,0.01
GET /api/items/665,2,973,915,1032,1032,1032,915,1032,0.000%,.13094,0.06,0.02
GET /api/items/313,2,632,310,955,955,955,310,955,0.000%,.01605,0.01,0.00
PUT /api/items/221,1,1007,1007,1007,1007,1007,1007,1007,0.000%,.99305,0.46,0.29
GET /api/items/421,1,859,859,859,859,859,859,859,0.000%,1.16414,0.54,0.22
PUT /api/items/734,1,1896,1896,1896,1896,1896,1896,1896,0.000%,.52743,0.24,0.15
GET /api/items/641,3,697,584,940,940,940,568,940,0.000%,.03631,0.02,0.01
GET /api/items/132,2,1391,1309,1473,1473,1473,1309,1473,0.000%,.07642,0.04,0.01
PUT /api/items/020,3,1244,1020,1709,1709,1709,1005,1709,0.000%,.05840,0.03,0.02
PUT /api/items/850,2,937,887,988,988,988,887,988,0.000%,.02831,0.01,0.01
PUT /api/items/040,1,722,722,722,722,722,722,722,0.000%,1.38504,0.64,0.40
GET /api/items/643,2,933,765,1101,1101,1101,765,1101,0.000%,.07642,0.04,0.01
GET /api/items/153,3,1136,1337,1801,1801,1801,271,1801,0.000%,.02358,0.01,0.00
PUT /api/items/777,1,1239,1239,1239,1239,1239,1239,1239,0.000%,.80710,0.37,0.24
GET /api/items/147,3,1240,1504,1566,1566,1566,651,1566,0.000%,.02597,0.01,0.00
PUT /api/items/407,2,1656,1241,2071,2071,2071,1241,2071,0.000%,.09938,0.05,0.03
PUT /api/items/039,1,1247,1247,1247,1247,1247,1247,1247,0.000%,.80192,0.37,0.23
GET /api/items/167,4,1121,655,1657,1657,1657,541,1657,0.000%,.04029,0.02,0.01
PUT /api/items/591,2,906,628,1184,1184,1184,628,1184,0.000%,.04175,0.02,0.01
GET /api/items/317,1,928,928,928,928,928,928,928,0.000%,1.07759,0.50,0.20
GET /api/items/618,4,1172,1232,1323,1323,1323,862,1323,0.000%,.07631,0.04,0.01
PUT /api/items/953,1,800,800,800,800,800,800,800,0.000%,1.25000,0.58,0.36
PUT /api/items/719,1,890,890,890,890,890,890,890,0.000%,1.12360,0.52,0.33
PUT /api/items/598,2,1016,829,1203,1203,1203,829,1203,0.000%,.01830,0.01,0.01
PUT /api/items/921,2,1263,910,1616,1616,1616,910,1616,0.000%,.06324,0.03,0.02
PUT /api/items/287,1,1632,1632,1632,1632,1632,1632,1632,0.000%,.61275,0.28,0.18
GET /api/items/886,1,1153,1153,1153,1153,1153,1153,1153,0.000%,.86730,0.40,0.16
GET /api/items/676,1,1635,1635,1635,1635,1635,1635,1635,0.000%,.61162,0.28,0.11
GET /api/items/818,3,1292,1291,1453,1453,1453,1133,1453,0.000%,.18183,0.08,0.03
GET /api/items/335,1,1947,1947,1947,1947,1947,1947,1947,0.000%,.51361,0.24,0.10
GET /api/items/029,3,1137,1263,1584,1584,1584,566,1584,0.000%,.02727,0.01,0.01
PUT /api/items/294,3,1161,1416,1763,1763,1763,306,1763,0.000%,.02600,0.01,0.01
PUT /api/items/099,1,1027,1027,1027,1027,1027,1027,1027,0.000%,.97371,0.45,0.28
PUT /api/items/758,1,1812,1812,1812,1812,1812,1812,1812,0.000%,.55188,0.26,0.16
PUT /api/items/055,3,1124,1153,1266,1266,1266,954,1266,0.000%,.04104,0.02,0.01
GET /api/items/867,3,1272,1215,1479,1479,1479,1124,1479,0.000%,.04051,0.02,0.01
GET /api/items/206,2,1153,1117,1189,1189,1189,1117,1189,0.000%,.03222,0.01,0.01
GET /api/items/133,2,1425,1329,1522,1522,1522,1329,1522,0.000%,.16036,0.07,0.03
PUT /api/items/848,2,1164,868,1461,1461,1461,868,1461,0.000%,.41127,0.19,0.12
PUT /api/items/823,3,1047,802,1575,1575,1575,766,1575,0.000%,.04443,0.02,0.01
GET /api/items/072,4,935,1007,1215,1215,1215,476,1215,0.000%,.03986,0.02,0.01
PUT /api/items/379,2,988,851,1126,1126,1126,851,1126,0.000%,.20002,0.09,0.06
GET /api/items/571,2,1326,1143,1510,1510,1510,1143,1510,0.000%,.03758,0.02,0.01
PUT /api/items/730,1,1321,1321,1321,1321,1321,1321,1321,0.000%,.75700,0.35,0.22
GET /api/items/739,2,691,279,1104,1104,1104,279,1104,0.000%,.01636,0.01,0.00
GET /api/items/742,3,1055,963,1505,1505,1505,699,1505,0.000%,.07034,0.03,0.01
PUT /api/items/700,5,1288,1230,1274,1784,1784,986,1784,0.000%,.05782,0.03,0.02
PUT /api/items/833,3,941,1213,1467,1467,1467,144,1467,0.000%,.02284,0.01,0.01
GET /api/items/581,1,1131,1131,1131,1131,1131,1131,1131,0.000%,.88417,0.41,0.17
GET /api/items/436,1,924,924,924,924,924,924,924,0.000%,1.08225,0.50,0.20
PUT /api/items/962,1,618,618,618,618,618,618,618,0.000%,1.61812,0.75,0.47
GET /api/items/637,4,933,793,1623,1623,1623,379,1623,0.000%,.03662,0.02,0.01
PUT /api/items/281,2,1039,726,1352,1352,1352,726,1352,0.000%,.02877,0.01,0.01
PUT /api/items/012,1,826,826,826,826,826,826,826,0.000%,1.21065,0.56,0.35
GET /api/items/301,1,1164,1164,1164,1164,1164,1164,1164,0.000%,.85911,0.40,0.16
PUT /api/items/815,1,1239,1239,1239,1239,1239,1239,1239,0.000%,.80710,0.37,0.24
PUT /api/items/631,3,933,992,1078,1078,1078,730,1078,0.000%,.03962,0.02,0.01
PUT /api/items/692,2,1023,570,1476,1476,1476,570,1476,0.000%,.01753,0.01,0.01
PUT /api/items/336,2,750,282,1218,1218,1218,282,1218,0.000%,.01710,0.01,0.00
GET /api/items/502,3,1027,1129,1152,1152,1152,802,1152,0.000%,.03127,0.01,0.01
GET /api/items/162,2,1533,1470,1596,1596,1596,1470,1596,0.000%,.04259,0.02,0.01
GET /api/items/411,1,1265,1265,1265,1265,1265,1265,1265,0.000%,.79051,0.37,0.15
GET /api/items/496,1,1202,1202,1202,1202,1202,1202,1202,0.000%,.83195,0.39,0.16
GET /api/items/405,1,1640,1640,1640,1640,1640,1640,1640,0.000%,.60976,0.28,0.11
GET /api/items/931,4,1133,952,1679,1679,1679,756,1679,0.000%,.03988,0.02,0.01
GET /api/items/125,2,477,242,712,712,712,242,712,0.000%,.01659,0.01,0.00
PUT /api/items/545,4,882,875,1081,1081,1081,645,1081,0.000%,.04180,0.02,0.01
PUT /api/items/577,2,776,373,1179,1179,1179,373,1179,0.000%,.01712,0.01,0.00
PUT /api/items/811,2,938,657,1220,1220,1220,657,1220,0.000%,.02392,0.01,0.01
GET /api/items/332,2,1045,885,1205,1205,1205,885,1205,0.000%,.04853,0.02,0.01
PUT /api/items/673,1,1226,1226,1226,1226,1226,1226,1226,0.000%,.81566,0.38,0.24
PUT /api/items/260,2,1071,811,1331,1331,1331,811,1331,0.000%,.50391,0.23,0.15
GET /api/items/089,2,1454,1290,1619,1619,1619,1290,1619,0.000%,.40692,0.19,0.08
GET /api/items/701,3,1073,1247,1273,1273,1273,699,1273,0.000%,.04292,0.02,0.01
GET /api/items/462,3,1153,1169,1451,1451,1451,840,1451,0.000%,.03404,0.02,0.01
PUT /api/items/118,2,1266,1177,1355,1355,1355,1177,1355,0.000%,.06038,0.03,0.02
PUT /api/items/781,2,1269,673,1865,1865,1865,673,1865,0.000%,.03470,0.02,0.01
PUT /api/items/724,3,1211,1449,1648,1648,1648,538,1648,0.000%,.02843,0.01,0.01
GET /api/items/126,1,1236,1236,1236,1236,1236,1236,1236,0.000%,.80906,0.38,0.15
PUT /api/items/093,4,1086,1033,1557,1557,1557,543,1557,0.000%,.03718,0.02,0.01
PUT /api/items/107,2,1268,810,1726,1726,1726,810,1726,0.000%,.01915,0.01,0.01
GET /api/items/008,2,1244,400,2089,2089,2089,400,2089,0.000%,.02030,0.01,0.00
GET /api/items/785,2,1047,895,1199,1199,1199,895,1199,0.000%,.03419,0.02,0.01
GET /api/items/234,2,834,789,879,879,879,789,879,0.000%,.10161,0.05,0.02
GET /api/items/557,2,799,444,1155,1155,1155,444,1155,0.000%,.01943,0.01,0.00
GET /api/items/659,1,1033,1033,1033,1033,1033,1033,1033,0.000%,.96805,0.45,0.18
PUT /api/items/406,2,897,581,1214,1214,1214,581,1214,0.000%,.02004,0.01,0.01
PUT /api/items/648,1,880,880,880,880,880,880,880,0.000%,1.13636,0.53,0.33
GET /api/items/987,3,1071,1208,1431,1431,1431,575,1431,0.000%,.03058,0.01,0.01
PUT /api/items/818,2,717,597,838,838,838,597,838,0.000%,.02632,0.01,0.01
PUT /api/items/206,3,1009,936,1362,1362,1362,730,1362,0.000%,.05961,0.03,0.02
PUT /api/items/183,1,914,914,914,914,914,914,914,0.000%,1.09409,0.51,0.32
PUT /api/items/067,1,686,686,686,686,686,686,686,0.000%,1.45773,0.67,0.43
PUT /api/items/561,1,788,788,788,788,788,788,788,0.000%,1.26904,0.59,0.37
GET /api/items/832,3,1182,984,1593,1593,1593,969,1593,0.000%,.04346,0.02,0.01
GET /api/items/367,1,1013,1013,1013,1013,1013,1013,1013,0.000%,.98717,0.46,0.19
GET /api/items/046,1,1863,1863,1863,1863,1863,1863,1863,0.000%,.53677,0.25,0.10
GET /api/items/601,1,1502,1502,1502,1502,1502,1502,1502,0.000%,.66578,0.31,0.12
GET /api/items/841,2,1304,1178,1430,1430,1430,1178,1430,0.000%,.02555,0.01,0.00
PUT /api/items/866,2,1032,900,1164,1164,1164,900,1164,0.000%,.11862,0.06,0.03
PUT /api/items/915,1,1190,1190,1190,1190,1190,1190,1190,0.000%,.84034,0.39,0.25
PUT /api/items/674,1,1711,1711,1711,1711,1711,1711,1711,0.000%,.58445,0.27,0.17
GET /api/items/233,1,1084,1084,1084,1084,1084,1084,1084,0.000%,.92251,0.43,0.17
GET /api/items/796,3,1214,1186,1680,1680,1680,778,1680,0.000%,.27186,0.13,0.05
GET /api/items/671,2,598,221,975,975,975,221,975,0.000%,.01848,0.01,0.00
GET /api/items/280,3,937,786,1268,1268,1268,758,1268,0.000%,.07931,0.04,0.01
GET /api/items/424,1,993,993,993,993,993,993,993,0.000%,1.00705,0.47,0.19
GET /api/items/963,1,946,946,946,946,946,946,946,0.000%,1.05708,0.49,0.20
PUT /api/items/699,1,1056,1056,1056,1056,1056,1056,1056,0.000%,.94697,0.44,0.28
PUT /api/items/078,1,723,723,723,723,723,723,723,0.000%,1.38313,0.64,0.40
PUT /api/items/284,2,672,360,985,985,985,360,985,0.000%,.01939,0.01,0.01
PUT /api/items/519,1,965,965,965,965,965,965,965,0.000%,1.03627,0.48,0.30
GET /api/items/765,1,991,991,991,991,991,991,991,0.000%,1.00908,0.47,0.19
PUT /api/items/014,1,995,995,995,995,995,995,995,0.000%,1.00503,0.47,0.29
GET /api/items/261,2,905,709,1101,1101,1101,709,1101,0.000%,.01896,0.01,0.00
PUT /api/items/131,2,903,583,1224,1224,1224,583,1224,0.000%,.02064,0.01,0.01
PUT /api/items/094,2,1004,874,1135,1135,1135,874,1135,0.000%,.09414,0.04,0.03
PUT /api/items/676,2,1207,1164,1251,1251,1251,1164,1251,0.000%,.04496,0.02,0.01
GET /api/items/889,4,1019,1018,1392,1392,1392,531,1392,0.000%,.07420,0.03,0.01
GET /api/items/597,3,603,617,1000,1000,1000,192,1000,0.000%,.02571,0.01,0.00
PUT /api/items/377,2,732,667,797,797,797,667,797,0.000%,.01991,0.01,0.01
GET /api/items/568,1,1117,1117,1117,1117,1117,1117,1117,0.000%,.89526,0.42,0.17
GET /api/items/558,1,971,971,971,971,971,971,971,0.000%,1.02987,0.48,0.19
GET /api/items/565,2,1225,1031,1420,1420,1420,1031,1420,0.000%,.02712,0.01,0.01
GET /api/items/154,4,1356,1085,2008,2008,2008,1072,2008,0.000%,.06931,0.03,0.01
PUT /api/items/500,4,1406,1256,1649,1649,1649,1131,1649,0.000%,.05915,0.03,0.02
PUT /api/items/398,3,981,944,1612,1612,1612,387,1612,0.000%,.02737,0.01,0.01
PUT /api/items/852,1,1339,1339,1339,1339,1339,1339,1339,0.000%,.74683,0.35,0.22
GET /api/items/688,1,1745,1745,1745,1745,1745,1745,1745,0.000%,.57307,0.27,0.11
GET /api/items/140,3,999,924,1683,1683,1683,391,1683,0.000%,.02848,0.01,0.01
GET /api/items/324,2,1091,703,1479,1479,1479,703,1479,0.000%,.01987,0.01,0.00
GET /api/items/331,3,723,751,1205,1205,1205,213,1205,0.000%,.02910,0.01,0.01
GET /api/items/441,2,958,515,1402,1402,1402,515,1402,0.000%,.15194,0.07,0.03
PUT /api/items/123,2,1205,1147,1263,1263,1263,1147,1263,0.000%,.07363,0.03,0.02
GET /api/items/752,3,1256,1336,1477,1477,1477,955,1477,0.000%,.03783,0.02,0.01
PUT /api/items/322,2,1255,1238,1272,1272,1272,1238,1272,0.000%,.02244,0.01,0.01
GET /api/items/295,1,1231,1231,1231,1231,1231,1231,1231,0.000%,.81235,0.38,0.15
GET /api/items/634,2,720,319,1122,1122,1122,319,1122,0.000%,.01880,0.01,0.00
PUT /api/items/401,1,1215,1215,1215,1215,1215,1215,1215,0.000%,.82305,0.38,0.24
PUT /api/items/089,3,1256,1600,1703,1703,1703,466,1703,0.000%,.02996,0.01,0.01
GET /api/items/564,3,668,588,1182,1182,1182,234,1182,0.000%,.02813,0.01,0.01
PUT /api/items/600,1,1446,1446,1446,1446,1446,1446,1446,0.000%,.69156,0.32,0.20
GET /api/items/657,1,1109,1109,1109,1109,1109,1109,1109,0.000%,.90171,0.42,0.17
PUT /api/items/179,2,1006,310,1702,1702,1702,310,1702,0.000%,.02070,0.01,0.01
GET /api/items/792,3,1061,1152,1267,1267,1267,766,1267,0.000%,.34208,0.16,0.06
PUT /api/items/668,2,712,664,760,760,760,664,760,0.000%,.02938,0.01,0.01
PUT /api/items/635,3,1382,943,2284,2284,2284,920,2284,0.000%,.32010,0.15,0.09
PUT /api/items/765,2,857,854,861,861,861,854,861,0.000%,.04676,0.02,0.01
GET /api/items/804,1,1116,1116,1116,1116,1116,1116,1116,0.000%,.89606,0.42,0.17
GET /api/items/489,1,880,880,880,880,880,880,880,0.000%,1.13636,0.53,0.21
PUT /api/items/166,2,1204,1028,1380,1380,1380,1028,1380,0.000%,.05188,0.02,0.02
GET /api/items/894,1,768,768,768,768,768,768,768,0.000%,1.30208,0.60,0.24
PUT /api/items/854,1,872,872,872,872,872,872,872,0.000%,1.14679,0.53,0.33
GET /api/items/974,1,895,895,895,895,895,895,895,0.000%,1.11732,0.52,0.21
GET /api/items/985,2,1001,931,1071,1071,1071,931,1071,0.000%,.07570,0.04,0.01
PUT /api/items/958,1,821,821,821,821,821,821,821,0.000%,1.21803,0.57,0.36
PUT /api/items/497,2,1269,983,1556,1556,1556,983,1556,0.000%,.14796,0.07,0.04
PUT /api/items/289,2,1104,540,1668,1668,1668,540,1668,0.000%,.02318,0.01,0.01
GET /api/items/390,2,1565,1263,1867,1867,1867,1263,1867,0.000%,.13453,0.06,0.03
PUT /api/items/570,1,1643,1643,1643,1643,1643,1643,1643,0.000%,.60864,0.28,0.18
GET /api/items/023,2,1149,714,1585,1585,1585,714,1585,0.000%,.02189,0.01,0.00
GET /api/items/178,2,956,755,1158,1158,1158,755,1158,0.000%,.03752,0.02,0.01
GET /api/items/710,1,962,962,962,962,962,962,962,0.000%,1.03950,0.48,0.19
GET /api/items/247,3,916,847,1201,1201,1201,702,1201,0.000%,.03929,0.02,0.01
GET /api/items/590,2,1154,936,1373,1373,1373,936,1373,0.000%,1.19190,0.55,0.22
GET /api/items/833,2,968,880,1056,1056,1056,880,1056,0.000%,.03237,0.02,0.01
PUT /api/items/924,1,1139,1139,1139,1139,1139,1139,1139,0.000%,.87796,0.41,0.26
PUT /api/items/238,2,1828,1524,2133,2133,2133,1524,2133,0.000%,.02947,0.01,0.01
GET /api/items/542,3,740,654,1032,1032,1032,536,1032,0.000%,.03352,0.02,0.01
PUT /api/items/961,2,947,924,970,970,970,924,970,0.000%,.03731,0.02,0.01
PUT /api/items/689,2,1084,894,1274,1274,1274,894,1274,0.000%,.06923,0.03,0.02
PUT /api/items/230,1,1158,1158,1158,1158,1158,1158,1158,0.000%,.86356,0.40,0.25
PUT /api/items/751,1,1383,1383,1383,1383,1383,1383,1383,0.000%,.72307,0.34,0.21
PUT /api/items/951,2,1126,880,1373,1373,1373,880,1373,0.000%,.12142,0.06,0.04
GET /api/items/185,1,1636,1636,1636,1636,1636,1636,1636,0.000%,.61125,0.28,0.11
GET /api/items/751,2,1253,983,1523,1523,1523,983,1523,0.000%,.04863,0.02,0.01
PUT /api/items/258,1,1584,1584,1584,1584,1584,1584,1584,0.000%,.63131,0.29,0.18
GET /api/items/526,4,1068,949,1238,1238,1238,849,1238,0.000%,.05576,0.03,0.01
GET /api/items/655,1,1422,1422,1422,1422,1422,1422,1422,0.000%,.70323,0.33,0.13
GET /api/items/447,1,1299,1299,1299,1299,1299,1299,1299,0.000%,.76982,0.36,0.14
GET /api/items/042,2,799,588,1010,1010,1010,588,1010,0.000%,.02186,0.01,0.00
GET /api/items/343,3,603,749,859,859,859,203,859,0.000%,.02858,0.01,0.01
PUT /api/items/693,3,946,915,1117,1117,1117,807,1117,0.000%,.07523,0.03,0.02
GET /api/items/971,4,631,346,1270,1270,1270,233,1270,0.000%,.03834,0.02,0.01
PUT /api/items/477,2,736,606,867,867,867,606,867,0.000%,.05890,0.03,0.02
GET /api/items/719,2,1433,1390,1477,1477,1477,1390,1477,0.000%,.16123,0.07,0.03
PUT /api/items/302,1,702,702,702,702,702,702,702,0.000%,1.42450,0.66,0.42
PUT /api/items/334,1,1131,1131,1131,1131,1131,1131,1131,0.000%,.88417,0.41,0.26
GET /api/items/203,3,1080,1131,1412,1412,1412,697,1412,0.000%,.04516,0.02,0.01
PUT /api/items/280,1,1423,1423,1423,1423,1423,1423,1423,0.000%,.70274,0.33,0.21
PUT /api/items/827,2,1057,1001,1114,1114,1114,1001,1114,0.000%,.02985,0.01,0.01
PUT /api/items/027,3,980,983,1086,1086,1086,873,1086,0.000%,.04304,0.02,0.01
PUT /api/items/124,2,757,681,834,834,834,681,834,0.000%,.32531,0.15,0.09
PUT /api/items/606,2,500,331,669,669,669,331,669,0.000%,.02017,0.01,0.01
GET /api/items/852,1,1020,1020,1020,1020,1020,1020,1020,0.000%,.98039,0.45,0.18
PUT /api/items/564,1,1211,1211,1211,1211,1211,1211,1211,0.000%,.82576,0.38,0.24
PUT /api/items/513,1,1199,1199,1199,1199,1199,1199,1199,0.000%,.83403,0.39,0.24
PUT /api/items/226,1,1363,1363,1363,1363,1363,1363,1363,0.000%,.73368,0.34,0.21
GET /api/items/266,2,1053,933,1174,1174,1174,933,1174,0.000%,.02387,0.01,0.00
GET /api/items/052,2,735,731,740,740,740,731,740,0.000%,.02770,0.01,0.01
GET /api/items/187,2,645,644,647,647,647,644,647,0.000%,.03614,0.02,0.01
GET /api/items/401,2,806,718,895,895,895,718,895,0.000%,.02707,0.01,0.01
GET /api/items/541,2,1319,1310,1328,1328,1328,1310,1328,0.000%,.09638,0.04,0.02
PUT /api/items/388,1,796,796,796,796,796,796,796,0.000%,1.25628,0.58,0.37
GET /api/items/660,2,869,713,1026,1026,1026,713,1026,0.000%,.19495,0.09,0.04
PUT /api/items/261,2,640,229,1051,1051,1051,229,1051,0.000%,.02008,0.01,0.01
PUT /api/items/241,1,884,884,884,884,884,884,884,0.000%,1.13122,0.52,0.33
PUT /api/items/234,1,1014,1014,1014,1014,1014,1014,1014,0.000%,.98619,0.46,0.29
PUT /api/items/1000,3,706,484,1386,1386,1386,250,1386,0.000%,.03121,0.01,0.01
GET /api/items/348,2,1241,1061,1422,1422,1422,1061,1422,0.000%,.22917,0.11,0.04
GET /api/items/830,1,1118,1118,1118,1118,1118,1118,1118,0.000%,.89445,0.41,0.17
PUT /api/items/030,1,1836,1836,1836,1836,1836,1836,1836,0.000%,.54466,0.25,0.16
GET /api/items/172,3,1202,826,2050,2050,2050,731,2050,0.000%,.03982,0.02,0.01
PUT /api/items/479,2,804,192,1417,1417,1417,192,1417,0.000%,.01996,0.01,0.01
GET /api/items/062,4,928,735,1519,1519,1519,598,1519,0.000%,.04286,0.02,0.01
PUT /api/items/427,1,1266,1266,1266,1266,1266,1266,1266,0.000%,.78989,0.37,0.23
GET /api/items/823,1,1416,1416,1416,1416,1416,1416,1416,0.000%,.70621,0.33,0.13
GET /api/items/536,2,693,291,1095,1095,1095,291,1095,0.000%,.02111,0.01,0.00
PUT /api/items/493,2,777,608,947,947,947,608,947,0.000%,.02844,0.01,0.01
PUT /api/items/759,2,1730,777,2683,2683,2683,777,2683,0.000%,.03528,0.02,0.01
GET /api/items/638,3,1087,1110,1325,1325,1325,828,1325,0.000%,.03742,0.02,0.01
PUT /api/items/509,1,908,908,908,908,908,908,908,0.000%,1.10132,0.51,0.32
PUT /api/items/476,1,860,860,860,860,860,860,860,0.000%,1.16279,0.54,0.34
PUT /api/items/158,1,1189,1189,1189,1189,1189,1189,1189,0.000%,.84104,0.39,0.25
GET /api/items/621,3,1036,1074,1317,1317,1317,719,1317,0.000%,.04471,0.02,0.01
GET /api/items/351,2,786,693,880,880,880,693,880,0.000%,.03614,0.02,0.01
GET /api/items/208,2,584,440,728,728,728,440,728,0.000%,.04390,0.02,0.01
GET /api/items/754,1,1292,1292,1292,1292,1292,1292,1292,0.000%,.77399,0.36,0.15
GET /api/items/851,1,1237,1237,1237,1237,1237,1237,1237,0.000%,.80841,0.37,0.15
GET /api/items/642,1,1302,1302,1302,1302,1302,1302,1302,0.000%,.76805,0.36,0.14
PUT /api/items/926,2,598,314,882,882,882,314,882,0.000%,.03461,0.02,0.01
GET /api/items/927,1,821,821,821,821,821,821,821,0.000%,1.21803,0.57,0.23
GET /api/items/195,4,1477,1372,1622,1622,1622,1326,1622,0.000%,.11887,0.06,0.02
PUT /api/items/686,3,949,945,1177,1177,1177,725,1177,0.000%,.03336,0.02,0.01
PUT /api/items/273,1,1283,1283,1283,1283,1283,1283,1283,0.000%,.77942,0.36,0.23
PUT /api/items/154,2,908,748,1068,1068,1068,748,1068,0.000%,.03107,0.01,0.01
PUT /api/items/002,4,1020,761,1528,1528,1528,486,1528,0.000%,.05085,0.02,0.01
PUT /api/items/632,4,837,809,1120,1120,1120,517,1120,0.000%,.05192,0.02,0.02
PUT /api/items/967,1,1231,1231,1231,1231,1231,1231,1231,0.000%,.81235,0.38,0.24
PUT /api/items/332,2,1273,703,1844,1844,1844,703,1844,0.000%,.02427,0.01,0.01
GET /api/items/607,4,1082,1056,1543,1543,1543,369,1543,0.000%,.04539,0.02,0.01
GET /api/items/547,1,1325,1325,1325,1325,1325,1325,1325,0.000%,.75472,0.35,0.14
GET /api/items/311,2,1262,1112,1413,1413,1413,1112,1413,0.000%,.04425,0.02,0.01
GET /api/items/674,2,889,312,1467,1467,1467,312,1467,0.000%,.02435,0.01,0.00
PUT /api/items/968,2,1288,1100,1477,1477,1477,1100,1477,0.000%,.77610,0.36,0.23
GET /api/items/160,1,457,457,457,457,457,457,457,0.000%,2.18818,1.02,0.41
GET /api/items/529,2,1085,689,1481,1481,1481,689,1481,0.000%,.13871,0.06,0.03
PUT /api/items/998,2,1147,704,1590,1590,1590,704,1590,0.000%,.06446,0.03,0.02
GET /api/items/471,1,935,935,935,935,935,935,935,0.000%,1.06952,0.50,0.20
PUT /api/items/829,3,737,545,1233,1233,1233,434,1233,0.000%,.03977,0.02,0.01
PUT /api/items/710,1,908,908,908,908,908,908,908,0.000%,1.10132,0.51,0.32
PUT /api/items/135,2,804,406,1203,1203,1203,406,1203,0.000%,.02508,0.01,0.01
GET /api/items/108,1,1051,1051,1051,1051,1051,1051,1051,0.000%,.95147,0.44,0.18
PUT /api/items/347,2,959,790,1129,1129,1129,790,1129,0.000%,.07983,0.04,0.02
PUT /api/items/342,1,927,927,927,927,927,927,927,0.000%,1.07875,0.50,0.31
GET /api/items/257,1,579,579,579,579,579,579,579,0.000%,1.72712,0.80,0.32
GET /api/items/186,1,940,940,940,940,940,940,940,0.000%,1.06383,0.49,0.20
GET /api/items/342,1,1235,1235,1235,1235,1235,1235,1235,0.000%,.80972,0.38,0.15
GET /api/items/457,1,1571,1571,1571,1571,1571,1571,1571,0.000%,.63654,0.30,0.12
GET /api/items/249,4,983,893,1357,1357,1357,696,1357,0.000%,.09185,0.04,0.02
GET /api/items/803,2,850,820,881,881,881,820,881,0.000%,.06205,0.03,0.01
GET /api/items/724,2,713,320,1107,1107,1107,320,1107,0.000%,.02608,0.01,0.00
GET /api/items/350,3,1157,1028,1493,1493,1493,950,1493,0.000%,.05594,0.03,0.01
PUT /api/items/905,1,1274,1274,1274,1274,1274,1274,1274,0.000%,.78493,0.36,0.23
GET /api/items/038,1,810,810,810,810,810,810,810,0.000%,1.23457,0.57,0.23
GET /api/items/433,1,836,836,836,836,836,836,836,0.000%,1.19617,0.55,0.22
PUT /api/items/480,1,1481,1481,1481,1481,1481,1481,1481,0.000%,.67522,0.31,0.20
GET /api/items/733,1,717,717,717,717,717,717,717,0.000%,1.39470,0.65,0.26
PUT /api/items/939,2,1072,751,1393,1393,1393,751,1393,0.000%,.02599,0.01,0.01
PUT /api/items/942,1,1515,1515,1515,1515,1515,1515,1515,0.000%,.66007,0.31,0.19
GET /api/items/310,4,755,662,1277,1277,1277,248,1277,0.000%,.04539,0.02,0.01
PUT /api/items/738,3,847,926,1095,1095,1095,522,1095,0.000%,.04044,0.02,0.01
GET /api/items/430,2,976,790,1163,1163,1163,790,1163,0.000%,.30793,0.14,0.06
PUT /api/items/103,2,971,903,1039,1039,1039,903,1039,0.000%,.57737,0.27,0.17
PUT /api/items/794,1,873,873,873,873,873,873,873,0.000%,1.14548,0.53,0.33
PUT /api/items/705,2,654,377,931,931,931,377,931,0.000%,.02506,0.01,0.01
PUT /api/items/907,1,983,983,983,983,983,983,983,0.000%,1.01729,0.47,0.30
PUT /api/items/675,2,1141,1056,1227,1227,1227,1056,1227,0.000%,.16033,0.07,0.05
GET /api/items/773,2,742,210,1275,1275,1275,210,1275,0.000%,.02247,0.01,0.00
GET /api/items/065,1,1004,1004,1004,1004,1004,1004,1004,0.000%,.99602,0.46,0.19
PUT /api/items/299,1,932,932,932,932,932,932,932,0.000%,1.07296,0.50,0.31
PUT /api/items/535,1,1275,1275,1275,1275,1275,1275,1275,0.000%,.78431,0.36,0.23
GET /api/items/127,3,700,667,1231,1231,1231,202,1231,0.000%,.03436,0.02,0.01
GET /api/items/698,1,770,770,770,770,770,770,770,0.000%,1.29870,0.60,0.24
PUT /api/items/895,2,789,622,957,957,957,622,957,0.000%,.02530,0.01,0.01
GET /api/items/788,2,902,726,1079,1079,1079,726,1079,0.000%,.04713,0.02,0.01
PUT /api/items/657,2,1298,1202,1395,1395,1395,1202,1395,0.000%,.04159,0.02,0.01
GET /api/items/282,2,938,763,1114,1114,1114,763,1114,0.000%,.07487,0.03,0.01
GET /api/items/015,1,1308,1308,1308,1308,1308,1308,1308,0.000%,.76453,0.35,0.14
GET /api/items/712,2,785,506,1064,1064,1064,506,1064,0.000%,.02701,0.01,0.01
GET /api/items/776,3,1288,1419,1692,1692,1692,755,1692,0.000%,.03740,0.02,0.01
GET /api/items/264,1,1022,1022,1022,1022,1022,1022,1022,0.000%,.97847,0.45,0.18
GET /api/items/831,1,1290,1290,1290,1290,1290,1290,1290,0.000%,.77519,0.36,0.15
GET /api/items/085,3,993,928,1232,1232,1232,821,1232,0.000%,.08103,0.04,0.02
PUT /api/items/351,1,1354,1354,1354,1354,1354,1354,1354,0.000%,.73855,0.34,0.22
GET /api/items/388,1,1087,1087,1087,1087,1087,1087,1087,0.000%,.91996,0.43,0.17
PUT /api/items/202,2,830,827,834,834,834,827,834,0.000%,1.39470,0.65,0.41
GET /api/items/632,2,895,889,902,902,902,889,902,0.000%,.74184,0.34,0.14
GET /api/items/861,1,694,694,694,694,694,694,694,0.000%,1.44092,0.67,0.27
PUT /api/items/340,1,1099,1099,1099,1099,1099,1099,1099,0.000%,.90992,0.42,0.27
GET /api/items/408,1,1027,1027,1027,1027,1027,1027,1027,0.000%,.97371,0.45,0.18
PUT /api/items/143,2,656,317,996,996,996,317,996,0.000%,.02816,0.01,0.01
GET /api/items/454,1,688,688,688,688,688,688,688,0.000%,1.45349,0.67,0.27
PUT /api/items/108,1,1183,1183,1183,1183,1183,1183,1183,0.000%,.84531,0.39,0.25
PUT /api/items/423,2,1020,827,1214,1214,1214,827,1214,0.000%,.03932,0.02,0.01
PUT /api/items/269,3,964,1214,1222,1222,1222,457,1222,0.000%,.03813,0.02,0.01
PUT /api/items/813,1,1120,1120,1120,1120,1120,1120,1120,0.000%,.89286,0.41,0.26
GET /api/items/472,2,1128,1108,1148,1148,1148,1108,1148,0.000%,.42008,0.19,0.08
GET /api/items/916,1,1009,1009,1009,1009,1009,1009,1009,0.000%,.99108,0.46,0.19
GET /api/items/114,1,1177,1177,1177,1177,1177,1177,1177,0.000%,.84962,0.39,0.16
GET /api/items/608,1,1033,1033,1033,1033,1033,1033,1033,0.000%,.96805,0.45,0.18
PUT /api/items/722,1,1223,1223,1223,1223,1223,1223,1223,0.000%,.81766,0.38,0.24
PUT /api/items/462,1,1078,1078,1078,1078,1078,1078,1078,0.000%,.92764,0.43,0.27
GET /api/items/941,1,294,294,294,294,294,294,294,0.000%,3.40136,1.58,0.64
GET /api/items/104,2,644,508,781,781,781,508,781,0.000%,.04495,0.02,0.01
GET /api/items/047,1,317,317,317,317,317,317,317,0.000%,3.15457,1.46,0.59
GET /api/items/481,1,1780,1780,1780,1780,1780,1780,1780,0.000%,.56180,0.26,0.11
PUT /api/items/508,2,918,668,1168,1168,1168,668,1168,0.000%,.03336,0.02,0.01
PUT /api/items/032,1,1750,1750,1750,1750,1750,1750,1750,0.000%,.57143,0.26,0.17
GET /api/items/978,3,1043,884,1981,1981,1981,265,1981,0.000%,.04121,0.02,0.01
PUT /api/items/881,1,1184,1184,1184,1184,1184,1184,1184,0.000%,.84459,0.39,0.25
PUT /api/items/653,2,1039,395,1683,1683,1683,395,1683,0.000%,.02935,0.01,0.01
GET /api/items/473,2,806,248,1364,1364,1364,248,1364,0.000%,.02644,0.01,0.00
PUT /api/items/541,2,672,323,1021,1021,1021,323,1021,0.000%,.02962,0.01,0.01
GET /api/items/858,3,902,1020,1241,1241,1241,446,1241,0.000%,.05817,0.03,0.01
GET /api/items/389,1,1047,1047,1047,1047,1047,1047,1047,0.000%,.95511,0.44,0.18
GET /api/items/508,1,1034,1034,1034,1034,1034,1034,1034,0.000%,.96712,0.45,0.18
PUT /api/items/527,1,1338,1338,1338,1338,1338,1338,1338,0.000%,.74738,0.35,0.22
GET /api/items/943,1,1127,1127,1127,1127,1127,1127,1127,0.000%,.88731,0.41,0.17
GET /api/items/593,1,1127,1127,1127,1127,1127,1127,1127,0.000%,.88731,0.41,0.17
PUT /api/items/565,2,692,267,1118,1118,1118,267,1118,0.000%,.02827,0.01,0.01
PUT /api/items/785,3,808,1019,1137,1137,1137,268,1137,0.000%,.03984,0.02,0.01
GET /api/items/109,2,451,349,553,553,553,349,553,0.000%,.02920,0.01,0.01
GET /api/items/527,1,819,819,819,819,819,819,819,0.000%,1.22100,0.57,0.23
GET /api/items/692,3,1089,798,1839,1839,1839,630,1839,0.000%,.09055,0.04,0.02
GET /api/items/732,1,602,602,602,602,602,602,602,0.000%,1.66113,0.77,0.31
PUT /api/items/288,1,483,483,483,483,483,483,483,0.000%,2.07039,0.96,0.60
PUT /api/items/112,2,876,732,1020,1020,1020,732,1020,0.000%,.05295,0.02,0.02
PUT /api/items/156,2,669,488,851,851,851,488,851,0.000%,.04789,0.02,0.01
PUT /api/items/763,2,1108,746,1470,1470,1470,746,1470,0.000%,.47744,0.22,0.14
PUT /api/items/442,2,1226,1055,1397,1397,1397,1055,1397,0.000%,.06826,0.03,0.02
PUT /api/items/242,1,1781,1781,1781,1781,1781,1781,1781,0.000%,.56148,0.26,0.16
GET /api/items/086,2,1494,1457,1532,1532,1532,1457,1532,0.000%,.04676,0.02,0.01
GET /api/items/919,3,807,831,1082,1082,1082,508,1082,0.000%,.06055,0.03,0.01
GET /api/items/686,1,1341,1341,1341,1341,1341,1341,1341,0.000%,.74571,0.35,0.14
PUT /api/items/652,1,1128,1128,1128,1128,1128,1128,1128,0.000%,.88652,0.41,0.26
PUT /api/items/602,1,1275,1275,1275,1275,1275,1275,1275,0.000%,.78431,0.36,0.23
GET /api/items/651,3,1023,897,1284,1284,1284,889,1284,0.000%,.05688,0.03,0.01
GET /api/items/302,2,1172,927,1418,1418,1418,927,1418,0.000%,.10683,0.05,0.02
PUT /api/items/748,2,937,691,1184,1184,1184,691,1184,0.000%,.16780,0.08,0.05
GET /api/items/136,1,815,815,815,815,815,815,815,0.000%,1.22699,0.57,0.23
PUT /api/items/979,3,654,573,1229,1229,1229,162,1229,0.000%,.03976,0.02,0.01
PUT /api/items/429,2,788,585,992,992,992,585,992,0.000%,.04802,0.02,0.01
GET /api/items/253,3,729,774,1119,1119,1119,294,1119,0.000%,.04815,0.02,0.01
PUT /api/items/780,1,1480,1480,1480,1480,1480,1480,1480,0.000%,.67568,0.31,0.20
GET /api/items/554,2,866,424,1308,1308,1308,424,1308,0.000%,.03131,0.01,0.01
PUT /api/items/373,1,1070,1070,1070,1070,1070,1070,1070,0.000%,.93458,0.43,0.27
PUT /api/items/831,1,709,709,709,709,709,709,709,0.000%,1.41044,0.65,0.41
PUT /api/items/685,3,824,969,1044,1044,1044,460,1044,0.000%,.06831,0.03,0.02
GET /api/items/716,1,1044,1044,1044,1044,1044,1044,1044,0.000%,.95785,0.44,0.18
GET /api/items/341,1,1216,1216,1216,1216,1216,1216,1216,0.000%,.82237,0.38,0.15
GET /api/items/440,1,1319,1319,1319,1319,1319,1319,1319,0.000%,.75815,0.35,0.14
PUT /api/items/711,2,1209,941,1478,1478,1478,941,1478,0.000%,.05738,0.03,0.02
PUT /api/items/204,1,1851,1851,1851,1851,1851,1851,1851,0.000%,.54025,0.25,0.16
GET /api/items/522,1,1206,1206,1206,1206,1206,1206,1206,0.000%,.82919,0.38,0.16
GET /api/items/139,1,1398,1398,1398,1398,1398,1398,1398,0.000%,.71531,0.33,0.13
PUT /api/items/175,2,758,531,985,985,985,531,985,0.000%,.03384,0.02,0.01
PUT /api/items/416,2,765,724,806,806,806,724,806,0.000%,.03892,0.02,0.01
GET /api/items/091,3,1003,887,1328,1328,1328,795,1328,0.000%,.17535,0.08,0.03
GET /api/items/563,1,1084,1084,1084,1084,1084,1084,1084,0.000%,.92251,0.43,0.17
PUT /api/items/486,2,1056,750,1362,1362,1362,750,1362,0.000%,.04838,0.02,0.01
PUT /api/items/231,1,817,817,817,817,817,817,817,0.000%,1.22399,0.57,0.36
PUT /api/items/368,1,1047,1047,1047,1047,1047,1047,1047,0.000%,.95511,0.44,0.28
GET /api/items/735,1,876,876,876,876,876,876,876,0.000%,1.14155,0.53,0.21
PUT /api/items/601,1,877,877,877,877,877,877,877,0.000%,1.14025,0.53,0.33
PUT /api/items/445,2,1669,1398,1941,1941,1941,1398,1941,0.000%,.26285,0.12,0.08
GET /api/items/189,1,1183,1183,1183,1183,1183,1183,1183,0.000%,.84531,0.39,0.16
PUT /api/items/677,1,699,699,699,699,699,699,699,0.000%,1.43062,0.66,0.42
GET /api/items/786,2,993,485,1501,1501,1501,485,1501,0.000%,.26264,0.12,0.05
GET /api/items/319,2,1066,718,1415,1415,1415,718,1415,0.000%,.09002,0.04,0.02
PUT /api/items/590,1,1001,1001,1001,1001,1001,1001,1001,0.000%,.99900,0.46,0.29
GET /api/items/591,1,1243,1243,1243,1243,1243,1243,1243,0.000%,.80451,0.37,0.15
GET /api/items/352,2,665,436,895,895,895,436,895,0.000%,.11194,0.05,0.02
PUT /api/items/768,1,1033,1033,1033,1033,1033,1033,1033,0.000%,.96805,0.45,0.28
GET /api/items/270,1,1522,1522,1522,1522,1522,1522,1522,0.000%,.65703,0.30,0.12
GET /api/items/986,2,909,446,1373,1373,1373,446,1373,0.000%,.04303,0.02,0.01
PUT /api/items/064,1,1097,1097,1097,1097,1097,1097,1097,0.000%,.91158,0.42,0.27
PUT /api/items/741,1,1471,1471,1471,1471,1471,1471,1471,0.000%,.67981,0.32,0.20
GET /api/items/273,1,564,564,564,564,564,564,564,0.000%,1.77305,0.82,0.33
PUT /api/items/698,1,1661,1661,1661,1661,1661,1661,1661,0.000%,.60205,0.28,0.18
GET /api/items/073,3,667,648,757,757,757,596,757,0.000%,.10437,0.05,0.02
PUT /api/items/474,1,1137,1137,1137,1137,1137,1137,1137,0.000%,.87951,0.41,0.26
PUT /api/items/582,1,615,615,615,615,615,615,615,0.000%,1.62602,0.75,0.47
PUT /api/items/796,1,648,648,648,648,648,648,648,0.000%,1.54321,0.72,0.45
PUT /api/items/593,1,805,805,805,805,805,805,805,0.000%,1.24224,0.58,0.36
PUT /api/items/252,1,1004,1004,1004,1004,1004,1004,1004,0.000%,.99602,0.46,0.29
GET /api/items/741,1,1109,1109,1109,1109,1109,1109,1109,0.000%,.90171,0.42,0.17
GET /api/items/069,1,503,503,503,503,503,503,503,0.000%,1.98807,0.92,0.37
GET /api/items/612,1,1069,1069,1069,1069,1069,1069,1069,0.000%,.93545,0.43,0.18
GET /api/items/482,1,688,688,688,688,688,688,688,0.000%,1.45349,0.68,0.27
PUT /api/items/787,1,667,667,667,667,667,667,667,0.000%,1.49925,0.70,0.44
PUT /api/items/467,1,1081,1081,1081,1081,1081,1081,1081,0.000%,.92507,0.43,0.27
GET /api/items/552,1,818,818,818,818,818,818,818,0.000%,1.22249,0.57,0.23
PUT /api/items/499,2,734,601,868,868,868,601,868,0.000%,.17354,0.08,0.05
PUT /api/items/860,1,632,632,632,632,632,632,632,0.000%,1.58228,0.73,0.46
GET /api/items/799,1,995,995,995,995,995,995,995,0.000%,1.00503,0.47,0.19
GET /api/items/039,1,1402,1402,1402,1402,1402,1402,1402,0.000%,.71327,0.33,0.13
GET /api/items/088,2,726,534,919,919,919,534,919,0.000%,.05689,0.03,0.01
PUT /api/items/820,1,1075,1075,1075,1075,1075,1075,1075,0.000%,.93023,0.43,0.27
GET /api/items/274,1,955,955,955,955,955,955,955,0.000%,1.04712,0.49,0.20
PUT /api/items/482,2,919,440,1398,1398,1398,440,1398,0.000%,.05019,0.02,0.01
PUT /api/items/868,1,1153,1153,1153,1153,1153,1153,1153,0.000%,.86730,0.40,0.25
GET /api/items/216,1,936,936,936,936,936,936,936,0.000%,1.06838,0.50,0.20
PUT /api/items/760,1,979,979,979,979,979,979,979,0.000%,1.02145,0.47,0.30
GET /api/items/166,1,1330,1330,1330,1330,1330,1330,1330,0.000%,.75188,0.35,0.14
PUT /api/items/755,1,1109,1109,1109,1109,1109,1109,1109,0.000%,.90171,0.42,0.26
GET /api/items/377,2,718,134,1302,1302,1302,134,1302,0.000%,.03231,0.01,0.01
PUT /api/items/630,2,874,834,914,914,914,834,914,0.000%,.08712,0.04,0.03
PUT /api/items/048,1,946,946,946,946,946,946,946,0.000%,1.05708,0.49,0.31
PUT /api/items/569,1,901,901,901,901,901,901,901,0.000%,1.10988,0.51,0.32
GET /api/items/793,3,834,905,1048,1048,1048,549,1048,0.000%,.13840,0.06,0.03
GET /api/items/995,1,1561,1561,1561,1561,1561,1561,1561,0.000%,.64061,0.30,0.12
PUT /api/items/346,1,1452,1452,1452,1452,1452,1452,1452,0.000%,.68871,0.32,0.20
PUT /api/items/658,1,1441,1441,1441,1441,1441,1441,1441,0.000%,.69396,0.32,0.20
GET /api/items/497,1,1209,1209,1209,1209,1209,1209,1209,0.000%,.82713,0.38,0.16
GET /api/items/856,2,791,310,1272,1272,1272,310,1272,0.000%,.04467,0.02,0.01
GET /api/items/887,1,742,742,742,742,742,742,742,0.000%,1.34771,0.63,0.25
PUT /api/items/578,1,1297,1297,1297,1297,1297,1297,1297,0.000%,.77101,0.36,0.23
GET /api/items/834,1,1061,1061,1061,1061,1061,1061,1061,0.000%,.94251,0.44,0.18
GET /api/items/967,1,923,923,923,923,923,923,923,0.000%,1.08342,0.50,0.20
PUT /api/items/387,1,924,924,924,924,924,924,924,0.000%,1.08225,0.50,0.32
PUT /api/items/971,2,766,629,904,904,904,629,904,0.000%,.05035,0.02,0.01
GET /api/items/860,2,717,404,1031,1031,1031,404,1031,0.000%,.04097,0.02,0.01
GET /api/items/409,1,1019,1019,1019,1019,1019,1019,1019,0.000%,.98135,0.46,0.18
PUT /api/items/071,2,921,498,1345,1345,1345,498,1345,0.000%,.05234,0.02,0.02
PUT /api/items/389,1,1153,1153,1153,1153,1153,1153,1153,0.000%,.86730,0.40,0.25
PUT /api/items/303,1,1570,1570,1570,1570,1570,1570,1570,0.000%,.63694,0.30,0.19
GET /api/items/211,1,771,771,771,771,771,771,771,0.000%,1.29702,0.60,0.24
GET /api/items/061,1,1067,1067,1067,1067,1067,1067,1067,0.000%,.93721,0.43,0.18
PUT /api/items/643,2,822,652,992,992,992,652,992,0.000%,.05085,0.02,0.01
GET /api/items/081,1,1281,1281,1281,1281,1281,1281,1281,0.000%,.78064,0.36,0.15
GET /api/items/875,1,1397,1397,1397,1397,1397,1397,1397,0.000%,.71582,0.33,0.13
GET /api/items/013,1,1165,1165,1165,1165,1165,1165,1165,0.000%,.85837,0.40,0.16
PUT /api/items/977,1,1038,1038,1038,1038,1038,1038,1038,0.000%,.96339,0.45,0.28
PUT /api/items/749,1,1368,1368,1368,1368,1368,1368,1368,0.000%,.73099,0.34,0.21
PUT /api/items/954,1,1113,1113,1113,1113,1113,1113,1113,0.000%,.89847,0.42,0.26
PUT /api/items/975,1,1008,1008,1008,1008,1008,1008,1008,0.000%,.99206,0.46,0.29
GET /api/items/021,2,850,155,1546,1546,1546,155,1546,0.000%,.03581,0.02,0.01
PUT /api/items/929,1,1619,1619,1619,1619,1619,1619,1619,0.000%,.61767,0.29,0.18
GET /api/items/018,2,639,609,670,670,670,609,670,0.000%,.07644,0.04,0.01
PUT /api/items/083,1,756,756,756,756,756,756,756,0.000%,1.32275,0.61,0.39
PUT /api/items/608,1,840,840,840,840,840,840,840,0.000%,1.19048,0.55,0.35
GET /api/items/572,1,446,446,446,446,446,446,446,0.000%,2.24215,1.04,0.42
PUT /api/items/439,1,891,891,891,891,891,891,891,0.000%,1.12233,0.52,0.33
GET /api/items/747,1,1007,1007,1007,1007,1007,1007,1007,0.000%,.99305,0.46,0.19
PUT /api/items/551,2,678,436,921,921,921,436,921,0.000%,.05660,0.03,0.02
GET /api/items/209,2,841,809,873,873,873,809,873,0.000%,.45444,0.21,0.09
GET /api/items/243,3,636,472,1107,1107,1107,329,1107,0.000%,.06310,0.03,0.01
GET /api/items/131,2,573,521,625,625,625,521,625,0.000%,.06686,0.03,0.01
PUT /api/items/249,1,969,969,969,969,969,969,969,0.000%,1.03199,0.48,0.30
PUT /api/items/323,1,489,489,489,489,489,489,489,0.000%,2.04499,0.95,0.60
PUT /api/items/448,3,651,689,822,822,822,444,822,0.000%,.09505,0.04,0.03
PUT /api/items/084,1,972,972,972,972,972,972,972,0.000%,1.02881,0.48,0.30
GET /api/items/993,1,1020,1020,1020,1020,1020,1020,1020,0.000%,.98039,0.46,0.18
PUT /api/items/973,2,805,792,818,818,818,792,818,0.000%,.15245,0.07,0.04
GET /api/items/959,1,585,585,585,585,585,585,585,0.000%,1.70940,0.79,0.32
PUT /api/items/095,1,1002,1002,1002,1002,1002,1002,1002,0.000%,.99800,0.46,0.29
GET /api/items/009,1,790,790,790,790,790,790,790,0.000%,1.26582,0.58,0.24
GET /api/items/675,3,959,1021,1056,1056,1056,802,1056,0.000%,.13619,0.06,0.03
GET /api/items/523,3,937,930,1293,1293,1293,588,1293,0.000%,.10223,0.05,0.02
GET /api/items/426,1,1090,1090,1090,1090,1090,1090,1090,0.000%,.91743,0.43,0.17
PUT /api/items/142,1,1355,1355,1355,1355,1355,1355,1355,0.000%,.73801,0.34,0.22
GET /api/items/678,1,836,836,836,836,836,836,836,0.000%,1.19617,0.55,0.22
GET /api/items/196,1,588,588,588,588,588,588,588,0.000%,1.70068,0.79,0.32
PUT /api/items/863,1,819,819,819,819,819,819,819,0.000%,1.22100,0.57,0.36
PUT /api/items/576,1,616,616,616,616,616,616,616,0.000%,1.62338,0.75,0.47
PUT /api/items/293,1,1408,1408,1408,1408,1408,1408,1408,0.000%,.71023,0.33,0.21
GET /api/items/464,1,883,883,883,883,883,883,883,0.000%,1.13250,0.53,0.21
GET /api/items/505,2,1154,836,1472,1472,1472,836,1472,0.000%,1.06213,0.49,0.20
GET /api/items/979,1,920,920,920,920,920,920,920,0.000%,1.08696,0.50,0.20
PUT /api/items/466,1,740,740,740,740,740,740,740,0.000%,1.35135,0.63,0.39
PUT /api/items/814,1,618,618,618,618,618,618,618,0.000%,1.61812,0.75,0.47
PUT /api/items/159,1,1024,1024,1024,1024,1024,1024,1024,0.000%,.97656,0.45,0.29
GET /api/items/165,1,962,962,962,962,962,962,962,0.000%,1.03950,0.48,0.19
GET /api/items/314,1,1114,1114,1114,1114,1114,1114,1114,0.000%,.89767,0.42,0.17
GET /api/items/500,1,629,629,629,629,629,629,629,0.000%,1.58983,0.74,0.30
GET /api/items/652,2,515,229,802,802,802,229,802,0.000%,.04907,0.02,0.01
GET /api/items/453,1,1271,1271,1271,1271,1271,1271,1271,0.000%,.78678,0.36,0.15
GET /api/items/414,1,946,946,946,946,946,946,946,0.000%,1.05708,0.49,0.20
PUT /api/items/589,1,1062,1062,1062,1062,1062,1062,1062,0.000%,.94162,0.44,0.27
PUT /api/items/941,1,1157,1157,1157,1157,1157,1157,1157,0.000%,.86430,0.40,0.25
GET /api/items/594,2,658,234,1082,1082,1082,234,1082,0.000%,.05851,0.03,0.01
PUT /api/items/225,1,1064,1064,1064,1064,1064,1064,1064,0.000%,.93985,0.44,0.27
PUT /api/items/609,1,1067,1067,1067,1067,1067,1067,1067,0.000%,.93721,0.43,0.27
GET /api/items/587,2,1008,530,1487,1487,1487,530,1487,0.000%,.07242,0.03,0.01
GET /api/items/863,1,1238,1238,1238,1238,1238,1238,1238,0.000%,.80775,0.37,0.15
PUT /api/items/580,1,1339,1339,1339,1339,1339,1339,1339,0.000%,.74683,0.35,0.22
PUT /api/items/529,1,909,909,909,909,909,909,909,0.000%,1.10011,0.51,0.32
PUT /api/items/554,2,956,705,1207,1207,1207,705,1207,0.000%,.05939,0.03,0.02
PUT /api/items/316,1,1070,1070,1070,1070,1070,1070,1070,0.000%,.93458,0.43,0.27
GET /api/items/170,1,1113,1113,1113,1113,1113,1113,1113,0.000%,.89847,0.42,0.17
GET /api/items/629,1,648,648,648,648,648,648,648,0.000%,1.54321,0.72,0.29
GET /api/items/493,1,820,820,820,820,820,820,820,0.000%,1.21951,0.57,0.23
PUT /api/items/538,1,612,612,612,612,612,612,612,0.000%,1.63399,0.76,0.48
GET /api/items/312,1,766,766,766,766,766,766,766,0.000%,1.30548,0.61,0.24
PUT /api/items/623,1,931,931,931,931,931,931,931,0.000%,1.07411,0.50,0.31
PUT /api/items/208,1,901,901,901,901,901,901,901,0.000%,1.10988,0.51,0.32
GET /api/items/218,2,691,375,1008,1008,1008,375,1008,0.000%,.07216,0.03,0.01
PUT /api/items/885,2,869,626,1112,1112,1112,626,1112,0.000%,.20076,0.09,0.06
PUT /api/items/092,1,1403,1403,1403,1403,1403,1403,1403,0.000%,.71276,0.33,0.21
GET /api/items/924,1,969,969,969,969,969,969,969,0.000%,1.03199,0.48,0.19
PUT /api/items/947,1,871,871,871,871,871,871,871,0.000%,1.14811,0.53,0.34
PUT /api/items/877,2,782,557,1008,1008,1008,557,1008,0.000%,.29356,0.14,0.09
PUT /api/items/203,2,925,871,979,979,979,871,979,0.000%,.13182,0.06,0.04
PUT /api/items/365,1,875,875,875,875,875,875,875,0.000%,1.14286,0.53,0.33
GET /api/items/492,2,806,746,867,867,867,746,867,0.000%,.83928,0.39,0.16
PUT /api/items/074,1,1021,1021,1021,1021,1021,1021,1021,0.000%,.97943,0.45,0.29
GET /api/items/419,2,648,476,820,820,820,476,820,0.000%,.59755,0.28,0.11
GET /api/items/906,1,1019,1019,1019,1019,1019,1019,1019,0.000%,.98135,0.46,0.18
PUT /api/items/374,1,838,838,838,838,838,838,838,0.000%,1.19332,0.55,0.35
PUT /api/items/880,1,526,526,526,526,526,526,526,0.000%,1.90114,0.88,0.56
PUT /api/items/487,3,797,809,1047,1047,1047,536,1047,0.000%,.14023,0.07,0.04
GET /api/items/001,1,985,985,985,985,985,985,985,0.000%,1.01523,0.47,0.19
PUT /api/items/165,1,1102,1102,1102,1102,1102,1102,1102,0.000%,.90744,0.42,0.26
PUT /api/items/846,1,1301,1301,1301,1301,1301,1301,1301,0.000%,.76864,0.36,0.22
PUT /api/items/337,1,531,531,531,531,531,531,531,0.000%,1.88324,0.87,0.55
GET /api/items/403,1,540,540,540,540,540,540,540,0.000%,1.85185,0.86,0.35
GET /api/items/703,2,555,519,591,591,591,519,591,0.000%,.52882,0.25,0.10
PUT /api/items/682,1,500,500,500,500,500,500,500,0.000%,2.00000,0.93,0.58
PUT /api/items/615,3,774,812,1031,1031,1031,479,1031,0.000%,.36639,0.17,0.11
GET /api/items/224,2,596,486,707,707,707,486,707,0.000%,.33283,0.15,0.06
GET /api/items/952,2,740,738,743,743,743,738,743,0.000%,.38380,0.18,0.07
GET /api/items/207,2,532,475,590,590,590,475,590,0.000%,.11003,0.05,0.02
PUT /api/items/791,1,589,589,589,589,589,589,589,0.000%,1.69779,0.79,0.50
PUT /api/items/454,1,896,896,896,896,896,896,896,0.000%,1.11607,0.52,0.33
PUT /api/items/735,1,1049,1049,1049,1049,1049,1049,1049,0.000%,.95329,0.44,0.28
PUT /api/items/395,1,964,964,964,964,964,964,964,0.000%,1.03734,0.48,0.30
GET /api/items/077,2,330,286,375,375,375,286,375,0.000%,.08142,0.04,0.02
PUT /api/items/810,1,658,658,658,658,658,658,658,0.000%,1.51976,0.70,0.44
GET /api/items/991,1,789,789,789,789,789,789,789,0.000%,1.26743,0.59,0.24
GET /api/items/514,1,592,592,592,592,592,592,592,0.000%,1.68919,0.78,0.32
PUT /api/items/227,1,1019,1019,1019,1019,1019,1019,1019,0.000%,.98135,0.46,0.29
GET /api/items/827,1,821,821,821,821,821,821,821,0.000%,1.21803,0.57,0.23
PUT /api/items/571,1,422,422,422,422,422,422,422,0.000%,2.36967,1.10,0.69
GET /api/items/586,1,378,378,378,378,378,378,378,0.000%,2.64550,1.23,0.50
PUT /api/items/396,1,658,658,658,658,658,658,658,0.000%,1.51976,0.70,0.44
PUT /api/items/026,1,1295,1295,1295,1295,1295,1295,1295,0.000%,.77220,0.36,0.23
PUT /api/items/651,1,753,753,753,753,753,753,753,0.000%,1.32802,0.62,0.39
PUT /api/items/614,1,806,806,806,806,806,806,806,0.000%,1.24069,0.58,0.36
PUT /api/items/619,1,974,974,974,974,974,974,974,0.000%,1.02669,0.48,0.30
PUT /api/items/715,1,895,895,895,895,895,895,895,0.000%,1.11732,0.52,0.33
PUT /api/items/338,1,560,560,560,560,560,560,560,0.000%,1.78571,0.83,0.52
PUT /api/items/005,1,735,735,735,735,735,735,735,0.000%,1.36054,0.63,0.40
PUT /api/items/168,1,908,908,908,908,908,908,908,0.000%,1.10132,0.51,0.32
PUT /api/items/355,1,617,617,617,617,617,617,617,0.000%,1.62075,0.75,0.47
GET /api/items/539,1,990,990,990,990,990,990,990,0.000%,1.01010,0.47,0.19
GET /api/items/570,1,583,583,583,583,583,583,583,0.000%,1.71527,0.80,0.32
PUT /api/items/801,1,887,887,887,887,887,887,887,0.000%,1.12740,0.52,0.33
GET /api/items/809,1,638,638,638,638,638,638,638,0.000%,1.56740,0.73,0.29
GET /api/items/647,1,534,534,534,534,534,534,534,0.000%,1.87266,0.87,0.35
PUT /api/items/375,1,636,636,636,636,636,636,636,0.000%,1.57233,0.73,0.46
GET /api/items/546,1,626,626,626,626,626,626,626,0.000%,1.59744,0.74,0.30
GET /api/items/163,1,752,752,752,752,752,752,752,0.000%,1.32979,0.62,0.25
PUT /api/items/372,1,912,912,912,912,912,912,912,0.000%,1.09649,0.51,0.32
PUT /api/items/176,1,781,781,781,781,781,781,781,0.000%,1.28041,0.59,0.37
PUT /api/items/805,1,408,408,408,408,408,408,408,0.000%,2.45098,1.14,0.72
GET /api/items/102,1,393,393,393,393,393,393,393,0.000%,2.54453,1.18,0.48
GET /api/items/664,1,907,907,907,907,907,907,907,0.000%,1.10254,0.51,0.21
GET /api/items/011,1,381,381,381,381,381,381,381,0.000%,2.62467,1.21,0.49
PUT /api/items/736,2,581,328,834,834,834,328,834,0.000%,.16159,0.07,0.05
PUT /api/items/663,1,641,641,641,641,641,641,641,0.000%,1.56006,0.72,0.46
GET /api/items/656,1,827,827,827,827,827,827,827,0.000%,1.20919,0.56,0.23
PUT /api/items/985,1,862,862,862,862,862,862,862,0.000%,1.16009,0.54,0.34
PUT /api/items/563,1,280,280,280,280,280,280,280,0.000%,3.57143,1.66,1.04
PUT /api/items/009,2,533,227,839,839,839,227,839,0.000%,.14894,0.07,0.04
GET /api/items/756,1,402,402,402,402,402,402,402,0.000%,2.48756,1.15,0.47
GET /api/items/549,1,479,479,479,479,479,479,479,0.000%,2.08768,0.97,0.39
PUT /api/items/100,1,486,486,486,486,486,486,486,0.000%,2.05761,0.95,0.60
GET /api/items/467,2,495,422,568,568,568,422,568,0.000%,.24501,0.11,0.05
PUT /api/items/534,1,541,541,541,541,541,541,541,0.000%,1.84843,0.86,0.54
GET /api/items/299,1,260,260,260,260,260,260,260,0.000%,3.84615,1.78,0.72
GET /api/items/258,2,451,417,485,485,485,417,485,0.000%,1.64609,0.76,0.31
GET /api/items/627,1,546,546,546,546,546,546,546,0.000%,1.83150,0.85,0.34
PUT /api/items/390,1,526,526,526,526,526,526,526,0.000%,1.90114,0.88,0.56
PUT /api/items/257,1,346,346,346,346,346,346,346,0.000%,2.89017,1.34,0.84
PUT /api/items/180,1,738,738,738,738,738,738,738,0.000%,1.35501,0.63,0.40
PUT /api/items/762,1,476,476,476,476,476,476,476,0.000%,2.10084,0.97,0.61
PUT /api/items/859,1,495,495,495,495,495,495,495,0.000%,2.02020,0.94,0.59
PUT /api/items/349,1,237,237,237,237,237,237,237,0.000%,4.21941,1.96,1.23
GET /api/items/346,1,516,516,516,516,516,516,516,0.000%,1.93798,0.90,0.36
PUT /api/items/167,1,675,675,675,675,675,675,675,0.000%,1.48148,0.69,0.43
GET /api/items/269,1,332,332,332,332,332,332,332,0.000%,3.01205,1.40,0.56
GET /api/items/807,1,313,313,313,313,313,313,313,0.000%,3.19489,1.48,0.60
GET /api/items/566,1,264,264,264,264,264,264,264,0.000%,3.78788,1.76,0.71
PUT /api/items/662,1,256,256,256,256,256,256,256,0.000%,3.90625,1.81,1.14
PUT /api/items/461,1,323,323,323,323,323,323,323,0.000%,3.09598,1.44,0.90
PUT /api/items/523,1,452,452,452,452,452,452,452,0.000%,2.21239,1.03,0.65
PUT /api/items/696,1,555,555,555,555,555,555,555,0.000%,1.80180,0.84,0.53
GET /api/items/333,1,289,289,289,289,289,289,289,0.000%,3.46021,1.61,0.65
PUT /api/items/546,1,347,347,347,347,347,347,347,0.000%,2.88184,1.34,0.84
PUT /api/items/457,1,348,348,348,348,348,348,348,0.000%,2.87356,1.33,0.84
GET /api/items/540,1,268,268,268,268,268,268,268,0.000%,3.73134,1.73,0.70
PUT /api/items/189,1,230,230,230,230,230,230,230,0.000%,4.34783,2.02,1.27
GET /api/items/551,1,238,238,238,238,238,238,238,0.000%,4.20168,1.95,0.79
GET /api/items/893,1,203,203,203,203,203,203,203,0.000%,4.92611,2.29,0.92
PUT /api/items/558,1,229,229,229,229,229,229,229,0.000%,4.36681,2.03,1.28
PUT /api/items/812,1,215,215,215,215,215,215,215,0.000%,4.65116,2.16,1.36
GET /api/items/491,1,188,188,188,188,188,188,188,0.000%,5.31915,2.47,1.00
PUT /api/items/900,1,195,195,195,195,195,195,195,0.000%,5.12821,2.38,1.50
PUT /api/items/752,1,178,178,178,178,178,178,178,0.000%,5.61798,2.61,1.64
PUT /api/items/772,1,191,191,191,191,191,191,191,0.000%,5.23560,2.43,1.53
PUT /api/items/807,1,216,216,216,216,216,216,216,0.000%,4.62963,2.15,1.35
GET /api/items/146,1,152,152,152,152,152,152,152,0.000%,6.57895,3.05,1.23
GET /api/items/575,1,133,133,133,133,133,133,133,0.000%,7.51880,3.49,1.41
TOTAL,10000,1170,1054,2180,2399,2831,132,3885,0.000%,44.52578,6126.73,9.69
