Label,# Samples,Average,Median,90% Line,95% Line,99% Line,Min,Max,Error %,Throughput,Received KB/sec,Sent KB/sec
GET /api/items,5000,1247,1307,1940,2136,2528,203,3789,0.000%,22.92695,5856.59,4.21
GET /api/items/649,3,905,1056,1468,1468,1468,193,1468,0.000%,.02664,0.01,0.00
POST /api/items,1500,1048,1073,1656,1828,2166,176,2896,0.000%,6.92537,3.31,2.06
PUT /api/items/295,1,204,204,204,204,204,204,204,0.000%,4.90196,2.19,1.43
GET /api/items/541,2,513,187,839,839,839,187,839,0.000%,.01110,0.00,0.00
PUT /api/items/737,4,693,462,1528,1528,1528,199,1528,0.000%,.02065,0.01,0.01
GET /api/items/139,2,256,193,319,319,319,193,319,0.000%,.00958,0.00,0.00
PUT /api/items/091,3,707,729,1189,1189,1189,203,1189,0.000%,.05490,0.02,0.02
GET /api/items/143,3,1173,1272,2057,2057,2057,191,2057,0.000%,.01776,0.01,0.00
GET /api/items/529,3,593,374,1209,1209,1209,198,1209,0.000%,.01459,0.01,0.00
GET /api/items/972,2,754,194,1314,1314,1314,194,1314,0.000%,.02459,0.01,0.00
PUT /api/items/352,3,1014,1361,1487,1487,1487,196,1487,0.000%,.04433,0.02,0.01
GET /api/items/017,2,741,203,1280,1280,1280,203,1280,0.000%,.01111,0.00,0.00
PUT /api/items/040,1,209,209,209,209,209,209,209,0.000%,4.78469,2.14,1.40
PUT /api/items/801,4,503,491,662,662,662,207,662,0.000%,.01947,0.01,0.01
GET /api/items/734,4,718,336,1668,1668,1668,191,1668,0.000%,.01995,0.01,0.00
GET /api/items/465,3,989,1310,1451,1451,1451,207,1451,0.000%,.01959,0.01,0.00
GET /api/items/718,1,207,207,207,207,207,207,207,0.000%,4.83092,2.16,0.91
GET /api/items/366,2,1015,284,1747,1747,1747,284,1747,0.000%,.01427,0.01,0.00
PUT /api/items/959,4,1072,795,1826,1826,1826,201,1826,0.000%,.03620,0.02,0.01
PUT /api/items/771,3,1161,1567,1691,1691,1691,225,1691,0.000%,.02313,0.01,0.01
GET /api/items/016,3,726,876,1098,1098,1098,205,1098,0.000%,.01968,0.01,0.00
PUT /api/items/500,3,834,424,1871,1871,1871,208,1871,0.000%,.01628,0.01,0.00
GET /api/items/042,2,535,206,864,864,864,206,864,0.000%,.01107,0.00,0.00
GET /api/items/431,3,1185,393,2958,2958,2958,206,2958,0.000%,.01534,0.01,0.00
GET /api/items/531,4,638,340,1122,1122,1122,197,1122,0.000%,.02442,0.01,0.00
PUT /api/items/060,3,970,811,1890,1890,1890,209,1890,0.000%,.02494,0.01,0.01
PUT /api/items/955,2,956,221,1692,1692,1692,221,1692,0.000%,.01893,0.01,0.01
PUT /api/items/064,4,1040,581,2730,2730,2730,221,2730,0.000%,.02091,0.01,0.01
GET /api/items/587,3,412,237,767,767,767,232,767,0.000%,.08655,0.04,0.02
GET /api/items/592,1,231,231,231,231,231,231,231,0.000%,4.32900,1.94,0.81
GET /api/items/806,6,1024,1044,1366,1967,1967,233,1967,0.000%,.03010,0.01,0.01
GET /api/items/039,6,937,417,1624,2067,2067,216,2067,0.000%,.03472,0.02,0.01
PUT /api/items/767,2,784,225,1344,1344,1344,225,1344,0.000%,.01987,0.01,0.01
PUT /api/items/899,2,840,222,1459,1459,1459,222,1459,0.000%,.01740,0.01,0.01
GET /api/items/333,3,769,855,1127,1127,1127,325,1127,0.000%,.02154,0.01,0.00
PUT /api/items/049,1,233,233,233,233,233,233,233,0.000%,4.29185,1.92,1.25
GET /api/items/324,2,934,233,1635,1635,1635,233,1635,0.000%,.02413,0.01,0.00
GET /api/items/727,4,1282,1378,1990,1990,1990,229,1990,0.000%,.03067,0.01,0.01
GET /api/items/765,4,1491,1566,2103,2103,2103,238,2103,0.000%,.02710,0.01,0.01
PUT /api/items/284,2,805,223,1387,1387,1387,223,1387,0.000%,.01065,0.00,0.00
PUT /api/items/306,2,614,222,1006,1006,1006,222,1006,0.000%,.01093,0.00,0.00
GET /api/items/250,3,905,1093,1412,1412,1412,211,1412,0.000%,.01829,0.01,0.00
PUT /api/items/887,1,243,243,243,243,243,243,243,0.000%,4.11523,1.84,1.20
GET /api/items/673,3,816,759,1452,1452,1452,238,1452,0.000%,.02375,0.01,0.00
GET /api/items/925,2,328,320,337,337,337,320,337,0.000%,.01008,0.00,0.00
PUT /api/items/445,4,543,580,703,703,703,231,703,0.000%,.10103,0.05,0.03
GET /api/items/024,7,1045,889,1863,2479,2479,245,2479,0.000%,.03549,0.02,0.01
PUT /api/items/404,4,1221,1409,1796,1796,1796,239,1796,0.000%,.02747,0.01,0.01
GET /api/items/090,4,706,411,1551,1551,1551,242,1551,0.000%,.02005,0.01,0.00
PUT /api/items/898,3,1169,1578,1692,1692,1692,239,1692,0.000%,.02023,0.01,0.01
GET /api/items/394,1,231,231,231,231,231,231,231,0.000%,4.32900,1.94,0.81
GET /api/items/821,7,950,818,1477,1815,1815,230,1815,0.000%,.04641,0.02,0.01
GET /api/items/650,5,1255,1282,1354,2310,2310,230,2310,0.000%,.03079,0.01,0.01
PUT /api/items/631,3,1096,1458,1601,1601,1601,230,1601,0.000%,.02620,0.01,0.01
PUT /api/items/693,1,257,257,257,257,257,257,257,0.000%,3.89105,1.74,1.14
GET /api/items/713,3,749,484,1526,1526,1526,238,1526,0.000%,.03265,0.01,0.01
PUT /api/items/908,4,784,341,1485,1485,1485,233,1485,0.000%,.02103,0.01,0.01
GET /api/items/608,2,951,244,1658,1658,1658,244,1658,0.000%,.01834,0.01,0.00
GET /api/items/888,3,1174,1456,1836,1836,1836,230,1836,0.000%,.02277,0.01,0.00
PUT /api/items/511,2,890,254,1527,1527,1527,254,1527,0.000%,.01480,0.01,0.00
PUT /api/items/854,3,1019,1394,1438,1438,1438,227,1438,0.000%,.01834,0.01,0.01
GET /api/items/355,1,249,249,249,249,249,249,249,0.000%,4.01606,1.80,0.75
PUT /api/items/557,2,822,265,1379,1379,1379,265,1379,0.000%,.02914,0.01,0.01
GET /api/items/640,2,584,263,905,905,905,263,905,0.000%,.01069,0.00,0.00
GET /api/items/178,4,485,469,635,635,635,247,635,0.000%,.02021,0.01,0.00
GET /api/items/578,2,771,264,1278,1278,1278,264,1278,0.000%,.01716,0.01,0.00
PUT /api/items/601,1,254,254,254,254,254,254,254,0.000%,3.93701,1.76,1.15
GET /api/items/517,2,831,252,1410,1410,1410,252,1410,0.000%,.03017,0.01,0.01
PUT /api/items/105,3,726,358,1576,1576,1576,244,1576,0.000%,.07387,0.03,0.02
PUT /api/items/584,2,904,265,1544,1544,1544,265,1544,0.000%,.01938,0.01,0.01
GET /api/items/671,3,1223,1628,1767,1767,1767,276,1767,0.000%,.02375,0.01,0.00
GET /api/items/079,3,460,279,850,850,850,251,850,0.000%,.01479,0.01,0.00
PUT /api/items/244,3,711,941,949,949,949,245,949,0.000%,.02126,0.01,0.01
GET /api/items/554,4,849,305,1507,1507,1507,261,1507,0.000%,.01980,0.01,0.00
GET /api/items/480,4,661,381,1117,1117,1117,247,1117,0.000%,.08931,0.04,0.02
PUT /api/items/738,1,240,240,240,240,240,240,240,0.000%,4.16667,1.86,1.22
PUT /api/items/796,3,481,270,910,910,910,265,910,0.000%,.01966,0.01,0.01
GET /api/items/668,4,1217,1252,1770,1770,1770,263,1770,0.000%,.04015,0.02,0.01
GET /api/items/147,5,745,525,686,1806,1806,234,1806,0.000%,.02604,0.01,0.00
GET /api/items/437,1,275,275,275,275,275,275,275,0.000%,3.63636,1.63,0.68
GET /api/items/760,3,1139,1576,1598,1598,1598,244,1598,0.000%,.03036,0.01,0.01
PUT /api/items/129,2,514,285,743,743,743,285,743,0.000%,.01050,0.00,0.00
PUT /api/items/201,3,1186,1575,1718,1718,1718,265,1718,0.000%,.01694,0.01,0.00
PUT /api/items/989,3,483,318,871,871,871,262,871,0.000%,.01738,0.01,0.01
GET /api/items/682,2,435,261,609,609,609,261,609,0.000%,.07335,0.03,0.01
GET /api/items/597,3,898,850,1594,1594,1594,252,1594,0.000%,.03284,0.01,0.01
GET /api/items/844,2,934,261,1608,1608,1608,261,1608,0.000%,.02038,0.01,0.00
PUT /api/items/695,2,964,247,1682,1682,1682,247,1682,0.000%,.01161,0.01,0.00
GET /api/items/193,4,1094,799,1941,1941,1941,243,1941,0.000%,.02546,0.01,0.00
PUT /api/items/653,2,923,270,1576,1576,1576,270,1576,0.000%,.01547,0.01,0.00
PUT /api/items/153,2,276,255,297,297,297,255,297,0.000%,.43281,0.19,0.13
GET /api/items/857,2,524,250,798,798,798,250,798,0.000%,.11163,0.05,0.02
GET /api/items/662,3,1292,1791,1824,1824,1824,262,1824,0.000%,.02235,0.01,0.00
GET /api/items/861,2,576,255,897,897,897,255,897,0.000%,.01111,0.00,0.00
PUT /api/items/818,2,678,256,1100,1100,1100,256,1100,0.000%,.04140,0.02,0.01
GET /api/items/098,3,1069,1192,1743,1743,1743,274,1743,0.000%,.01894,0.01,0.00
PUT /api/items/900,2,857,259,1456,1456,1456,259,1456,0.000%,.02964,0.01,0.01
PUT /api/items/471,2,1163,273,2054,2054,2054,273,2054,0.000%,.01164,0.01,0.00
GET /api/items/784,2,466,257,675,675,675,257,675,0.000%,.07339,0.03,0.01
GET /api/items/399,6,984,1086,1363,1512,1512,277,1512,0.000%,.03964,0.02,0.01
GET /api/items/299,3,692,255,1622,1622,1622,199,1622,0.000%,.01464,0.01,0.00
PUT /api/items/634,1,256,256,256,256,256,256,256,0.000%,3.90625,1.75,1.14
GET /api/items/634,3,944,1007,1547,1547,1547,278,1547,0.000%,.01854,0.01,0.00
PUT /api/items/210,1,272,272,272,272,272,272,272,0.000%,3.67647,1.64,1.07
PUT /api/items/770,2,968,275,1662,1662,1662,275,1662,0.000%,.01321,0.01,0.00
GET /api/items/433,5,1275,1337,1436,2010,2010,289,2010,0.000%,.04036,0.02,0.01
GET /api/items/534,3,437,282,761,761,761,268,761,0.000%,.12451,0.06,0.02
GET /api/items/726,4,774,354,1414,1414,1414,278,1414,0.000%,.02029,0.01,0.00
PUT /api/items/744,3,817,1049,1137,1137,1137,267,1137,0.000%,.02249,0.01,0.01
GET /api/items/655,2,679,265,1094,1094,1094,265,1094,0.000%,.01269,0.01,0.00
PUT /api/items/478,1,265,265,265,265,265,265,265,0.000%,3.77358,1.69,1.10
GET /api/items/272,3,805,697,1441,1441,1441,279,1441,0.000%,.03038,0.01,0.01
GET /api/items/958,3,683,716,1056,1056,1056,279,1056,0.000%,.05926,0.03,0.01
GET /api/items/936,1,266,266,266,266,266,266,266,0.000%,3.75940,1.68,0.70
PUT /api/items/517,1,300,300,300,300,300,300,300,0.000%,3.33333,1.49,0.97
GET /api/items/223,3,779,1007,1058,1058,1058,273,1058,0.000%,.02139,0.01,0.00
PUT /api/items/063,4,1036,327,2007,2007,2007,265,2007,0.000%,.02056,0.01,0.01
PUT /api/items/731,4,898,282,2681,2681,2681,282,2681,0.000%,.02002,0.01,0.01
GET /api/items/165,2,389,279,500,500,500,279,500,0.000%,.01058,0.00,0.00
GET /api/items/049,1,278,278,278,278,278,278,278,0.000%,3.59712,1.61,0.67
PUT /api/items/844,2,321,270,372,372,372,270,372,0.000%,.05416,0.02,0.02
GET /api/items/780,6,1056,826,1700,2024,2024,278,2024,0.000%,.03312,0.01,0.01
GET /api/items/134,4,766,334,1486,1486,1486,270,1486,0.000%,.07955,0.04,0.01
PUT /api/items/310,2,716,274,1159,1159,1159,274,1159,0.000%,.01503,0.01,0.00
PUT /api/items/681,1,272,272,272,272,272,272,272,0.000%,3.67647,1.64,1.07
GET /api/items/941,3,1174,1507,1740,1740,1740,276,1740,0.000%,.02690,0.01,0.01
GET /api/items/768,2,990,270,1711,1711,1711,270,1711,0.000%,.02429,0.01,0.00
GET /api/items/421,5,1036,1176,1249,1732,1732,270,1732,0.000%,.03335,0.01,0.01
PUT /api/items/062,3,1115,1107,1969,1969,1969,270,1969,0.000%,.02200,0.01,0.01
PUT /api/items/657,3,1014,1265,1504,1504,1504,273,1504,0.000%,.03904,0.02,0.01
GET /api/items/672,4,1227,570,2079,2079,2079,269,2079,0.000%,.02242,0.01,0.00
PUT /api/items/449,3,1021,971,1823,1823,1823,269,1823,0.000%,.03354,0.02,0.01
GET /api/items/241,1,267,267,267,267,267,267,267,0.000%,3.74532,1.68,0.70
GET /api/items/145,4,803,780,1236,1236,1236,283,1236,0.000%,.02334,0.01,0.00
GET /api/items/638,8,991,907,1666,2075,2075,246,2075,0.000%,.04006,0.02,0.01
PUT /api/items/533,3,913,1032,1410,1410,1410,297,1410,0.000%,.04871,0.02,0.01
PUT /api/items/093,2,622,304,941,941,941,304,941,0.000%,.01268,0.01,0.00
GET /api/items/914,6,1250,1294,1346,2004,2004,280,2004,0.000%,.03266,0.01,0.01
PUT /api/items/327,5,1020,1312,1441,1735,1735,285,1735,0.000%,.03040,0.01,0.01
GET /api/items/137,1,274,274,274,274,274,274,274,0.000%,3.64964,1.63,0.68
GET /api/items/880,3,1216,1396,1961,1961,1961,291,1961,0.000%,.02799,0.01,0.01
GET /api/items/401,2,684,289,1079,1079,1079,289,1079,0.000%,.04613,0.02,0.01
PUT /api/items/392,3,1021,1053,1707,1707,1707,305,1707,0.000%,.03022,0.01,0.01
PUT /api/items/263,1,290,290,290,290,290,290,290,0.000%,3.44828,1.54,1.01
PUT /api/items/202,1,292,292,292,292,292,292,292,0.000%,3.42466,1.53,1.00
GET /api/items/609,4,841,316,2103,2103,2103,290,2103,0.000%,.02073,0.01,0.00
GET /api/items/812,1,289,289,289,289,289,289,289,0.000%,3.46021,1.55,0.65
PUT /api/items/190,1,277,277,277,277,277,277,277,0.000%,3.61011,1.61,1.05
GET /api/items/056,6,1079,1021,1468,1780,1780,284,1780,0.000%,.03394,0.02,0.01
PUT /api/items/231,3,823,932,1242,1242,1242,296,1242,0.000%,.04490,0.02,0.01
GET /api/items/804,1,302,302,302,302,302,302,302,0.000%,3.31126,1.48,0.62
GET /api/items/397,3,659,564,1120,1120,1120,293,1120,0.000%,.06445,0.03,0.01
GET /api/items/302,1,311,311,311,311,311,311,311,0.000%,3.21543,1.44,0.60
GET /api/items/595,2,1071,307,1835,1835,1835,307,1835,0.000%,.02499,0.01,0.00
GET /api/items/927,3,697,529,1244,1244,1244,318,1244,0.000%,.01591,0.01,0.00
GET /api/items/170,3,622,595,972,972,972,299,972,0.000%,.01697,0.01,0.00
PUT /api/items/674,4,1142,1150,1862,1862,1862,306,1862,0.000%,.02296,0.01,0.01
GET /api/items/841,1,300,300,300,300,300,300,300,0.000%,3.33333,1.49,0.62
GET /api/items/546,4,1066,920,1626,1626,1626,301,1626,0.000%,.02849,0.01,0.01
PUT /api/items/108,1,303,303,303,303,303,303,303,0.000%,3.30033,1.48,0.96
PUT /api/items/186,2,969,310,1628,1628,1628,310,1628,0.000%,.02722,0.01,0.01
GET /api/items/329,3,800,689,1400,1400,1400,311,1400,0.000%,.02373,0.01,0.00
PUT /api/items/968,2,646,290,1002,1002,1002,290,1002,0.000%,.03331,0.01,0.01
GET /api/items/104,1,292,292,292,292,292,292,292,0.000%,3.42466,1.53,0.64
GET /api/items/976,5,1102,1065,1242,1819,1819,334,1819,0.000%,.03830,0.02,0.01
PUT /api/items/023,1,329,329,329,329,329,329,329,0.000%,3.03951,1.36,0.89
GET /api/items/654,4,1020,669,1797,1797,1797,317,1797,0.000%,.03059,0.01,0.01
PUT /api/items/277,2,933,338,1528,1528,1528,338,1528,0.000%,.01223,0.01,0.00
PUT /api/items/995,2,740,312,1168,1168,1168,312,1168,0.000%,.03351,0.01,0.01
GET /api/items/286,2,458,348,569,569,569,348,569,0.000%,.17955,0.08,0.03
GET /api/items/489,1,338,338,338,338,338,338,338,0.000%,2.95858,1.32,0.55
GET /api/items/487,1,362,362,362,362,362,362,362,0.000%,2.76243,1.24,0.52
PUT /api/items/566,2,619,347,892,892,892,347,892,0.000%,.06871,0.03,0.02
GET /api/items/259,5,1155,1397,1860,1896,1896,287,1896,0.000%,.04914,0.02,0.01
PUT /api/items/486,1,309,309,309,309,309,309,309,0.000%,3.23625,1.45,0.94
PUT /api/items/748,1,344,344,344,344,344,344,344,0.000%,2.90698,1.30,0.85
PUT /api/items/338,5,1118,1577,1621,1757,1757,313,1757,0.000%,.03245,0.01,0.01
GET /api/items/418,3,929,977,1474,1474,1474,338,1474,0.000%,.04469,0.02,0.01
GET /api/items/410,3,889,1159,1161,1161,1161,347,1161,0.000%,.02074,0.01,0.00
PUT /api/items/275,1,321,321,321,321,321,321,321,0.000%,3.11526,1.39,0.91
PUT /api/items/174,1,365,365,365,365,365,365,365,0.000%,2.73973,1.23,0.80
GET /api/items/216,3,776,656,1325,1325,1325,348,1325,0.000%,.01755,0.01,0.00
GET /api/items/320,2,842,344,1340,1340,1340,344,1340,0.000%,.03938,0.02,0.01
PUT /api/items/980,1,348,348,348,348,348,348,348,0.000%,2.87356,1.29,0.84
GET /api/items/439,2,380,350,410,410,410,350,410,0.000%,.01044,0.00,0.00
GET /api/items/239,4,922,335,1667,1667,1667,251,1667,0.000%,.02039,0.01,0.00
PUT /api/items/221,2,674,324,1024,1024,1024,324,1024,0.000%,.01150,0.01,0.00
GET /api/items/219,3,857,765,1475,1475,1475,331,1475,0.000%,.04080,0.02,0.01
GET /api/items/681,3,905,790,1572,1572,1572,354,1572,0.000%,.02978,0.01,0.01
GET /api/items/014,2,522,359,685,685,685,359,685,0.000%,.04157,0.02,0.01
PUT /api/items/168,4,1316,1216,2067,2067,2067,396,2067,0.000%,.02333,0.01,0.01
PUT /api/items/745,2,829,329,1329,1329,1329,329,1329,0.000%,.01580,0.01,0.00
PUT /api/items/776,3,976,973,1573,1573,1573,383,1573,0.000%,.03122,0.01,0.01
GET /api/items/068,6,813,699,1142,1215,1215,349,1215,0.000%,.03131,0.01,0.01
PUT /api/items/709,4,1346,1225,2344,2344,2344,354,2344,0.000%,.03095,0.01,0.01
GET /api/items/148,6,1231,1258,1454,1829,1829,369,1829,0.000%,.04457,0.02,0.01
PUT /api/items/994,1,316,316,316,316,316,316,316,0.000%,3.16456,1.42,0.92
PUT /api/items/332,2,843,343,1343,1343,1343,343,1343,0.000%,.02951,0.01,0.01
GET /api/items/951,5,1111,653,1261,2757,2757,364,2757,0.000%,.02672,0.01,0.01
GET /api/items/086,2,653,362,944,944,944,362,944,0.000%,.05586,0.02,0.01
GET /api/items/376,5,838,896,1055,1307,1307,386,1307,0.000%,.03266,0.01,0.01
PUT /api/items/998,1,344,344,344,344,344,344,344,0.000%,2.90698,1.30,0.85
PUT /api/items/099,4,980,460,2338,2338,2338,446,2338,0.000%,.02178,0.01,0.01
GET /api/items/997,4,1094,386,2082,2082,2082,349,2082,0.000%,.02945,0.01,0.01
GET /api/items/293,1,356,356,356,356,356,356,356,0.000%,2.80899,1.26,0.53
PUT /api/items/363,2,886,337,1435,1435,1435,337,1435,0.000%,.01639,0.01,0.00
GET /api/items/770,4,1086,1080,1552,1552,1552,340,1552,0.000%,.02877,0.01,0.01
PUT /api/items/279,1,393,393,393,393,393,393,393,0.000%,2.54453,1.14,0.74
GET /api/items/387,5,838,681,1220,1225,1225,443,1225,0.000%,.02988,0.01,0.01
GET /api/items/966,3,836,731,1421,1421,1421,358,1421,0.000%,.01666,0.01,0.00
PUT /api/items/877,3,989,936,1604,1604,1604,427,1604,0.000%,.02576,0.01,0.01
GET /api/items/923,2,696,308,1085,1085,1085,308,1085,0.000%,.01475,0.01,0.00
PUT /api/items/873,2,648,363,933,933,933,363,933,0.000%,.01151,0.01,0.00
PUT /api/items/121,1,384,384,384,384,384,384,384,0.000%,2.60417,1.16,0.76
GET /api/items/619,1,394,394,394,394,394,394,394,0.000%,2.53807,1.14,0.48
PUT /api/items/897,1,485,485,485,485,485,485,485,0.000%,2.06186,0.92,0.60
GET /api/items/824,2,655,490,821,821,821,490,821,0.000%,.06913,0.03,0.01
GET /api/items/779,3,789,435,1514,1514,1514,418,1514,0.000%,.01573,0.01,0.00
GET /api/items/986,1,336,336,336,336,336,336,336,0.000%,2.97619,1.33,0.56
PUT /api/items/673,2,987,455,1519,1519,1519,455,1519,0.000%,.01595,0.01,0.00
GET /api/items/035,5,1216,1535,1549,1858,1858,325,1858,0.000%,.02988,0.01,0.01
PUT /api/items/572,1,341,341,341,341,341,341,341,0.000%,2.93255,1.31,0.86
GET /api/items/694,2,623,445,801,801,801,445,801,0.000%,.05239,0.02,0.01
GET /api/items/316,4,1493,1771,1991,1991,1991,370,1991,0.000%,.04308,0.02,0.01
GET /api/items/686,3,942,937,1428,1428,1428,462,1428,0.000%,.01769,0.01,0.00
PUT /api/items/066,2,719,388,1051,1051,1051,388,1051,0.000%,.01149,0.01,0.00
PUT /api/items/706,1,517,517,517,517,517,517,517,0.000%,1.93424,0.87,0.56
PUT /api/items/070,3,899,758,1505,1505,1505,436,1505,0.000%,.04875,0.02,0.01
GET /api/items/482,5,837,656,743,1804,1804,414,1804,0.000%,.07189,0.03,0.01
GET /api/items/924,4,1477,1287,2270,2270,2270,325,2270,0.000%,.02908,0.01,0.01
GET /api/items/330,3,780,875,1021,1021,1021,446,1021,0.000%,.08089,0.04,0.02
GET /api/items/690,1,317,317,317,317,317,317,317,0.000%,3.15457,1.41,0.59
GET /api/items/508,2,862,451,1274,1274,1274,451,1274,0.000%,.01697,0.01,0.00
PUT /api/items/184,6,1067,1097,1566,1566,1566,454,1566,0.000%,.06497,0.03,0.02
PUT /api/items/114,1,308,308,308,308,308,308,308,0.000%,3.24675,1.45,0.95
GET /api/items/876,3,804,645,1455,1455,1455,313,1455,0.000%,.01747,0.01,0.00
GET /api/items/610,2,1137,433,1841,1841,1841,433,1841,0.000%,.02374,0.01,0.00
GET /api/items/588,2,744,576,913,913,913,576,913,0.000%,.01244,0.01,0.00
GET /api/items/731,3,510,373,861,861,861,298,861,0.000%,.01571,0.01,0.00
PUT /api/items/185,2,842,395,1289,1289,1289,395,1289,0.000%,.02872,0.01,0.01
GET /api/items/486,4,867,369,1506,1506,1506,274,1506,0.000%,.02086,0.01,0.00
GET /api/items/105,1,387,387,387,387,387,387,387,0.000%,2.58398,1.16,0.48
PUT /api/items/938,3,980,1007,1360,1360,1360,575,1360,0.000%,.02125,0.01,0.01
PUT /api/items/340,3,1184,1541,1610,1610,1610,402,1610,0.000%,.02329,0.01,0.01
PUT /api/items/291,2,1015,422,1609,1609,1609,422,1609,0.000%,.02140,0.01,0.01
GET /api/items/547,3,975,1118,1262,1262,1262,545,1262,0.000%,.02119,0.01,0.00
PUT /api/items/722,2,532,369,695,695,695,369,695,0.000%,.17297,0.08,0.05
GET /api/items/892,2,796,498,1094,1094,1094,498,1094,0.000%,.01443,0.01,0.00
GET /api/items/940,3,586,455,925,925,925,378,925,0.000%,.01667,0.01,0.00
PUT /api/items/721,2,914,470,1359,1359,1359,470,1359,0.000%,.04330,0.02,0.01
GET /api/items/692,3,968,1148,1409,1409,1409,348,1409,0.000%,.02933,0.01,0.01
GET /api/items/182,2,774,450,1099,1099,1099,450,1099,0.000%,.01303,0.01,0.00
PUT /api/items/540,2,928,450,1407,1407,1407,450,1407,0.000%,.01666,0.01,0.00
PUT /api/items/054,6,691,451,899,1337,1337,353,1337,0.000%,.03167,0.01,0.01
GET /api/items/276,2,404,364,444,444,444,364,444,0.000%,.01089,0.00,0.00
PUT /api/items/435,2,1017,410,1625,1625,1625,410,1625,0.000%,.02666,0.01,0.01
GET /api/items/031,2,822,408,1237,1237,1237,408,1237,0.000%,.02292,0.01,0.00
PUT /api/items/407,3,912,1114,1123,1123,1123,499,1123,0.000%,.02745,0.01,0.01
GET /api/items/709,2,515,460,570,570,570,460,570,0.000%,.52002,0.23,0.10
GET /api/items/835,3,909,747,1603,1603,1603,378,1603,0.000%,.01720,0.01,0.00
PUT /api/items/916,6,1114,953,1622,1685,1685,403,1685,0.000%,.03429,0.02,0.01
PUT /api/items/141,2,819,554,1084,1084,1084,554,1084,0.000%,.01334,0.01,0.00
GET /api/items/710,2,696,506,887,887,887,506,887,0.000%,.06409,0.03,0.01
GET /api/items/128,3,1096,1096,1858,1858,1858,336,1858,0.000%,.05291,0.02,0.01
GET /api/items/500,2,889,328,1451,1451,1451,328,1451,0.000%,.01758,0.01,0.00
PUT /api/items/455,2,1167,477,1857,1857,1857,477,1857,0.000%,.02147,0.01,0.01
PUT /api/items/163,3,1120,1374,1582,1582,1582,404,1582,0.000%,.02328,0.01,0.01
GET /api/items/616,1,397,397,397,397,397,397,397,0.000%,2.51889,1.13,0.47
PUT /api/items/829,3,993,1243,1366,1366,1366,370,1366,0.000%,.02600,0.01,0.01
GET /api/items/965,3,912,827,1542,1542,1542,369,1542,0.000%,.01704,0.01,0.00
GET /api/items/550,3,1035,913,1696,1696,1696,496,1696,0.000%,.02728,0.01,0.01
GET /api/items/122,1,335,335,335,335,335,335,335,0.000%,2.98507,1.34,0.56
PUT /api/items/347,2,743,374,1112,1112,1112,374,1112,0.000%,.04779,0.02,0.01
GET /api/items/296,4,985,834,1684,1684,1684,398,1684,0.000%,.02275,0.01,0.00
PUT /api/items/754,1,634,634,634,634,634,634,634,0.000%,1.57729,0.71,0.46
PUT /api/items/253,1,582,582,582,582,582,582,582,0.000%,1.71821,0.77,0.50
PUT /api/items/747,1,552,552,552,552,552,552,552,0.000%,1.81159,0.81,0.53
GET /api/items/357,3,775,688,964,964,964,674,964,0.000%,.01642,0.01,0.00
GET /api/items/107,3,1092,821,2063,2063,2063,394,2063,0.000%,.02967,0.01,0.01
GET /api/items/749,3,590,601,636,636,636,534,636,0.000%,.01741,0.01,0.00
GET /api/items/600,4,1004,705,1392,1392,1392,543,1392,0.000%,.03564,0.02,0.01
PUT /api/items/614,5,1126,1114,1377,1732,1732,433,1732,0.000%,.02913,0.01,0.01
GET /api/items/905,3,1045,1251,1330,1330,1330,556,1330,0.000%,.04387,0.02,0.01
PUT /api/items/204,5,1325,1473,1485,1756,1756,621,1756,0.000%,.03026,0.01,0.01
PUT /api/items/570,3,968,1008,1510,1510,1510,386,1510,0.000%,.02272,0.01,0.01
GET /api/items/094,2,941,429,1453,1453,1453,429,1453,0.000%,.02804,0.01,0.01
PUT /api/items/713,3,864,970,993,993,993,630,993,0.000%,.01847,0.01,0.01
GET /api/items/962,2,671,480,862,862,862,480,862,0.000%,.01281,0.01,0.00
GET /api/items/102,1,390,390,390,390,390,390,390,0.000%,2.56410,1.15,0.48
GET /api/items/292,1,404,404,404,404,404,404,404,0.000%,2.47525,1.11,0.46
PUT /api/items/377,1,419,419,419,419,419,419,419,0.000%,2.38663,1.07,0.70
GET /api/items/802,2,764,650,879,879,879,650,879,0.000%,.08358,0.04,0.02
GET /api/items/520,2,617,475,759,759,759,475,759,0.000%,.01140,0.01,0.00
PUT /api/items/031,1,415,415,415,415,415,415,415,0.000%,2.40964,1.08,0.70
PUT /api/items/398,1,626,626,626,626,626,626,626,0.000%,1.59744,0.71,0.47
GET /api/items/583,1,366,366,366,366,366,366,366,0.000%,2.73224,1.22,0.51
PUT /api/items/889,2,1265,553,1977,1977,1977,553,1977,0.000%,.02326,0.01,0.01
PUT /api/items/442,2,518,375,661,661,661,375,661,0.000%,.25151,0.11,0.07
GET /api/items/774,2,1051,393,1709,1709,1709,393,1709,0.000%,.01405,0.01,0.00
GET /api/items/398,4,1103,709,1653,1653,1653,462,1653,0.000%,.02233,0.01,0.00
PUT /api/items/045,1,487,487,487,487,487,487,487,0.000%,2.05339,0.92,0.60
GET /api/items/254,2,1224,836,1612,1612,1612,836,1612,0.000%,.03284,0.01,0.01
PUT /api/items/645,4,1055,1061,1546,1546,1546,398,1546,0.000%,.02692,0.01,0.01
PUT /api/items/862,3,822,712,1384,1384,1384,370,1384,0.000%,.03927,0.02,0.01
GET /api/items/246,4,994,492,1758,1758,1758,437,1758,0.000%,.06543,0.03,0.01
GET /api/items/833,2,996,490,1502,1502,1502,490,1502,0.000%,.02944,0.01,0.01
GET /api/items/776,2,311,178,445,445,445,178,445,0.000%,.01046,0.00,0.00
GET /api/items/408,3,1087,1004,1685,1685,1685,572,1685,0.000%,.04301,0.02,0.01
PUT /api/items/494,1,687,687,687,687,687,687,687,0.000%,1.45560,0.65,0.43
GET /api/items/132,3,1046,1139,1445,1445,1445,556,1445,0.000%,.02185,0.01,0.00
PUT /api/items/178,3,1162,1272,1711,1711,1711,503,1711,0.000%,.02685,0.01,0.01
PUT /api/items/599,2,759,508,1011,1011,1011,508,1011,0.000%,.01365,0.01,0.00
GET /api/items/933,3,1098,1232,1566,1566,1566,497,1566,0.000%,.02134,0.01,0.00
PUT /api/items/138,3,1093,1055,1599,1599,1599,627,1599,0.000%,.02272,0.01,0.01
PUT /api/items/388,4,923,604,1812,1812,1812,375,1812,0.000%,.02399,0.01,0.01
GET /api/items/808,4,839,692,1370,1370,1370,438,1370,0.000%,.02523,0.01,0.00
GET /api/items/442,1,455,455,455,455,455,455,455,0.000%,2.19780,0.98,0.41
PUT /api/items/685,1,489,489,489,489,489,489,489,0.000%,2.04499,0.91,0.60
GET /api/items/570,3,693,577,1169,1169,1169,335,1169,0.000%,.01621,0.01,0.00
PUT /api/items/006,3,803,901,1070,1070,1070,439,1070,0.000%,.08449,0.04,0.02
PUT /api/items/296,2,647,513,781,781,781,513,781,0.000%,.01288,0.01,0.00
GET /api/items/816,4,617,653,872,872,872,174,872,0.000%,.02096,0.01,0.00
GET /api/items/646,2,611,442,780,780,780,442,780,0.000%,.01211,0.01,0.00
GET /api/items/535,1,480,480,480,480,480,480,480,0.000%,2.08333,0.93,0.39
PUT /api/items/290,1,479,479,479,479,479,479,479,0.000%,2.08768,0.93,0.61
PUT /api/items/715,4,711,476,1139,1139,1139,267,1139,0.000%,.02135,0.01,0.01
GET /api/items/514,2,774,470,1078,1078,1078,470,1078,0.000%,.01294,0.01,0.00
GET /api/items/064,3,1148,1078,1875,1875,1875,491,1875,0.000%,.02324,0.01,0.00
GET /api/items/903,3,1508,1787,2219,2219,2219,520,2219,0.000%,.02434,0.01,0.00
PUT /api/items/668,3,827,459,1584,1584,1584,438,1584,0.000%,.01655,0.01,0.00
PUT /api/items/783,3,881,888,1143,1143,1143,612,1143,0.000%,.01900,0.01,0.01
PUT /api/items/472,4,1075,960,1574,1574,1574,506,1574,0.000%,.03593,0.02,0.01
GET /api/items/378,1,615,615,615,615,615,615,615,0.000%,1.62602,0.73,0.30
PUT /api/items/130,1,659,659,659,659,659,659,659,0.000%,1.51745,0.68,0.44
GET /api/items/559,5,605,410,601,1422,1422,283,1422,0.000%,.02700,0.01,0.01
PUT /api/items/952,1,501,501,501,501,501,501,501,0.000%,1.99601,0.89,0.58
GET /api/items/312,2,1198,620,1776,1776,1776,620,1776,0.000%,.02052,0.01,0.00
PUT /api/items/357,1,772,772,772,772,772,772,772,0.000%,1.29534,0.58,0.38
GET /api/items/444,4,1173,614,2416,2416,2416,565,2416,0.000%,.02467,0.01,0.00
PUT /api/items/491,4,1201,1252,1573,1573,1573,626,1573,0.000%,.02892,0.01,0.01
PUT /api/items/075,1,519,519,519,519,519,519,519,0.000%,1.92678,0.86,0.56
PUT /api/items/497,2,644,532,756,756,756,532,756,0.000%,.01301,0.01,0.00
GET /api/items/580,1,553,553,553,553,553,553,553,0.000%,1.80832,0.81,0.34
PUT /api/items/083,2,738,474,1002,1002,1002,474,1002,0.000%,.01351,0.01,0.00
GET /api/items/111,3,1011,555,1989,1989,1989,490,1989,0.000%,.03603,0.02,0.01
GET /api/items/251,2,505,460,550,550,550,460,550,0.000%,.93589,0.42,0.18
GET /api/items/365,1,530,530,530,530,530,530,530,0.000%,1.88679,0.84,0.35
PUT /api/items/227,2,530,522,539,539,539,522,539,0.000%,.01182,0.01,0.00
PUT /api/items/092,3,1346,1476,1979,1979,1979,585,1979,0.000%,.03103,0.01,0.01
GET /api/items/452,2,1110,626,1594,1594,1594,626,1594,0.000%,.04661,0.02,0.01
PUT /api/items/078,3,1081,843,1831,1831,1831,570,1831,0.000%,.02063,0.01,0.01
GET /api/items/126,2,801,462,1141,1141,1141,462,1141,0.000%,.02113,0.01,0.00
GET /api/items/372,3,1071,1249,1294,1294,1294,672,1294,0.000%,.02617,0.01,0.00
GET /api/items/680,1,431,431,431,431,431,431,431,0.000%,2.32019,1.04,0.44
GET /api/items/230,2,981,646,1317,1317,1317,646,1317,0.000%,.02047,0.01,0.00
PUT /api/items/896,3,739,558,1174,1174,1174,487,1174,0.000%,.05579,0.02,0.02
GET /api/items/771,1,582,582,582,582,582,582,582,0.000%,1.71821,0.77,0.32
GET /api/items/121,1,541,541,541,541,541,541,541,0.000%,1.84843,0.83,0.35
PUT /api/items/339,1,613,613,613,613,613,613,613,0.000%,1.63132,0.73,0.48
GET /api/items/460,3,698,489,1187,1187,1187,420,1187,0.000%,.01886,0.01,0.00
PUT /api/items/463,1,499,499,499,499,499,499,499,0.000%,2.00401,0.90,0.59
GET /api/items/066,4,810,799,1183,1183,1183,455,1183,0.000%,.02640,0.01,0.00
GET /api/items/916,5,934,1099,1135,1508,1508,316,1508,0.000%,.02792,0.01,0.01
PUT /api/items/248,4,729,495,1249,1249,1249,339,1249,0.000%,.02206,0.01,0.01
PUT /api/items/821,1,508,508,508,508,508,508,508,0.000%,1.96850,0.88,0.57
GET /api/items/281,2,814,523,1105,1105,1105,523,1105,0.000%,.01223,0.01,0.00
GET /api/items/820,3,842,808,1134,1134,1134,585,1134,0.000%,.02078,0.01,0.00
PUT /api/items/687,3,869,998,1039,1039,1039,572,1039,0.000%,.01890,0.01,0.01
GET /api/items/317,1,493,493,493,493,493,493,493,0.000%,2.02840,0.91,0.38
PUT /api/items/142,2,1006,483,1530,1530,1530,483,1530,0.000%,.03494,0.02,0.01
GET /api/items/027,3,1021,955,1528,1528,1528,581,1528,0.000%,.02390,0.01,0.00
PUT /api/items/354,2,1153,633,1673,1673,1673,633,1673,0.000%,.03056,0.01,0.01
PUT /api/items/161,3,1071,1303,1403,1403,1403,509,1403,0.000%,.06570,0.03,0.02
PUT /api/items/118,2,854,470,1238,1238,1238,470,1238,0.000%,.01349,0.01,0.00
GET /api/items/311,2,827,489,1165,1165,1165,489,1165,0.000%,.01474,0.01,0.00
GET /api/items/003,3,1152,1361,1373,1373,1373,724,1373,0.000%,.02436,0.01,0.00
GET /api/items/021,3,775,695,957,957,957,674,957,0.000%,.01834,0.01,0.00
PUT /api/items/269,5,1021,833,1003,2030,2030,605,2030,0.000%,.03003,0.01,0.01
GET /api/items/415,4,1188,1050,1575,1575,1575,573,1575,0.000%,.03655,0.02,0.01
GET /api/items/432,3,837,581,1474,1474,1474,458,1474,0.000%,.03105,0.01,0.01
PUT /api/items/068,1,482,482,482,482,482,482,482,0.000%,2.07469,0.93,0.61
PUT /api/items/390,2,536,510,563,563,563,510,563,0.000%,.01154,0.01,0.00
PUT /api/items/301,3,910,787,1435,1435,1435,509,1435,0.000%,.11811,0.05,0.03
GET /api/items/082,4,740,477,1559,1559,1559,257,1559,0.000%,.02189,0.01,0.00
GET /api/items/070,3,687,530,1147,1147,1147,386,1147,0.000%,.01676,0.01,0.00
PUT /api/items/615,2,970,450,1490,1490,1490,450,1490,0.000%,.02585,0.01,0.01
PUT /api/items/683,3,1069,1006,1659,1659,1659,542,1659,0.000%,.01747,0.01,0.01
GET /api/items/501,2,745,483,1007,1007,1007,483,1007,0.000%,.01378,0.01,0.00
GET /api/items/563,4,964,580,1391,1391,1391,496,1391,0.000%,.07571,0.03,0.01
PUT /api/items/852,6,936,715,1295,1615,1615,374,1615,0.000%,.03452,0.02,0.01
GET /api/items/020,2,698,587,810,810,810,587,810,0.000%,.15700,0.07,0.03
GET /api/items/081,6,1176,1072,1537,1694,1694,581,1694,0.000%,.03940,0.02,0.01
GET /api/items/304,4,1072,933,1752,1752,1752,630,1752,0.000%,.02418,0.01,0.00
PUT /api/items/170,3,767,483,1551,1551,1551,267,1551,0.000%,.01647,0.01,0.00
GET /api/items/828,2,1048,532,1565,1565,1565,532,1565,0.000%,.03092,0.01,0.01
PUT /api/items/011,1,547,547,547,547,547,547,547,0.000%,1.82815,0.82,0.53
PUT /api/items/057,3,334,283,525,525,525,194,525,0.000%,.01629,0.01,0.00
GET /api/items/097,3,1254,1077,2002,2002,2002,683,2002,0.000%,.02126,0.01,0.00
PUT /api/items/345,3,1041,726,1887,1887,1887,510,1887,0.000%,.01906,0.01,0.01
GET /api/items/184,4,1228,1066,1792,1792,1792,577,1792,0.000%,.02476,0.01,0.00
PUT /api/items/428,1,540,540,540,540,540,540,540,0.000%,1.85185,0.83,0.54
GET /api/items/374,2,964,728,1200,1200,1200,728,1200,0.000%,.04296,0.02,0.01
PUT /api/items/453,3,1374,1590,1960,1960,1960,572,1960,0.000%,.02156,0.01,0.01
GET /api/items/075,3,1057,1182,1264,1264,1264,726,1264,0.000%,.02678,0.01,0.01
PUT /api/items/383,4,977,619,1571,1571,1571,558,1571,0.000%,.02344,0.01,0.01
GET /api/items/614,3,1327,743,2626,2626,2626,614,2626,0.000%,.01973,0.01,0.00
GET /api/items/723,6,1079,933,1388,1439,1439,575,1439,0.000%,.03772,0.02,0.01
PUT /api/items/401,3,1475,1723,2149,2149,2149,554,2149,0.000%,.03089,0.01,0.01
GET /api/items/502,4,1153,1192,1590,1590,1590,566,1590,0.000%,.03143,0.01,0.01
GET /api/items/494,3,1039,840,1448,1448,1448,830,1448,0.000%,.02086,0.01,0.00
GET /api/items/917,2,697,654,741,741,741,654,741,0.000%,.06606,0.03,0.01
GET /api/items/428,3,1079,999,1597,1597,1597,643,1597,0.000%,.02169,0.01,0.00
GET /api/items/773,4,896,900,1174,1174,1174,523,1174,0.000%,.02599,0.01,0.00
PUT /api/items/888,2,1004,663,1346,1346,1346,663,1346,0.000%,.04869,0.02,0.01
PUT /api/items/429,2,370,187,554,554,554,187,554,0.000%,.01091,0.00,0.00
GET /api/items/660,4,1147,1231,1623,1623,1623,424,1623,0.000%,.02594,0.01,0.00
PUT /api/items/677,4,958,581,1512,1512,1512,483,1512,0.000%,.02429,0.01,0.01
GET /api/items/847,4,1006,717,1670,1670,1670,563,1670,0.000%,.02644,0.01,0.00
GET /api/items/409,2,1616,585,2647,2647,2647,585,2647,0.000%,.01825,0.01,0.00
PUT /api/items/985,1,511,511,511,511,511,511,511,0.000%,1.95695,0.88,0.57
GET /api/items/308,2,830,647,1014,1014,1014,647,1014,0.000%,.01267,0.01,0.00
GET /api/items/321,4,1262,1249,1746,1746,1746,509,1746,0.000%,.02983,0.01,0.01
GET /api/items/377,1,570,570,570,570,570,570,570,0.000%,1.75439,0.78,0.33
PUT /api/items/836,2,1491,723,2259,2259,2259,723,2259,0.000%,.03144,0.01,0.01
PUT /api/items/789,3,1179,1368,1487,1487,1487,682,1487,0.000%,.02339,0.01,0.01
GET /api/items/677,3,1273,1429,1713,1713,1713,677,1713,0.000%,.04593,0.02,0.01
PUT /api/items/058,1,610,610,610,610,610,610,610,0.000%,1.63934,0.73,0.48
GET /api/items/074,2,974,534,1414,1414,1414,534,1414,0.000%,.01789,0.01,0.00
PUT /api/items/531,4,570,354,976,976,976,345,976,0.000%,.02271,0.01,0.01
GET /api/items/213,3,847,767,1564,1564,1564,211,1564,0.000%,.01654,0.01,0.00
GET /api/items/150,2,1065,622,1508,1508,1508,622,1508,0.000%,.02466,0.01,0.00
GET /api/items/389,1,755,755,755,755,755,755,755,0.000%,1.32450,0.59,0.25
GET /api/items/813,4,1114,709,1686,1686,1686,678,1686,0.000%,.05894,0.03,0.01
GET /api/items/775,3,1152,1353,1477,1477,1477,626,1477,0.000%,.03179,0.01,0.01
PUT /api/items/071,2,1182,676,1689,1689,1689,676,1689,0.000%,.02221,0.01,0.01
PUT /api/items/837,2,1059,598,1521,1521,1521,598,1521,0.000%,.01875,0.01,0.01
GET /api/items/748,2,1325,592,2058,2058,2058,592,2058,0.000%,.02474,0.01,0.00
GET /api/items/459,2,1385,712,2058,2058,2058,712,2058,0.000%,.02505,0.01,0.00
GET /api/items/200,2,964,574,1355,1355,1355,574,1355,0.000%,.01553,0.01,0.00
GET /api/items/034,3,1035,1251,1273,1273,1273,581,1273,0.000%,.02479,0.01,0.00
GET /api/items/052,2,973,687,1259,1259,1259,687,1259,0.000%,.04616,0.02,0.01
PUT /api/items/607,1,618,618,618,618,618,618,618,0.000%,1.61812,0.72,0.47
PUT /api/items/243,2,869,666,1072,1072,1072,666,1072,0.000%,.01424,0.01,0.00
GET /api/items/123,5,975,1023,1029,1486,1486,655,1486,0.000%,.03467,0.02,0.01
PUT /api/items/728,4,1220,989,1635,1635,1635,693,1635,0.000%,.02566,0.01,0.01
GET /api/items/766,4,1012,676,1724,1724,1724,673,1724,0.000%,.02658,0.01,0.00
GET /api/items/942,3,1041,1044,1232,1232,1232,847,1232,0.000%,.02146,0.01,0.00
GET /api/items/472,4,1120,1052,1541,1541,1541,574,1541,0.000%,.03050,0.01,0.01
PUT /api/items/239,1,694,694,694,694,694,694,694,0.000%,1.44092,0.64,0.42
PUT /api/items/520,1,683,683,683,683,683,683,683,0.000%,1.46413,0.65,0.43
GET /api/items/635,3,1254,1320,1795,1795,1795,647,1795,0.000%,.02656,0.01,0.00
PUT /api/items/470,2,794,691,897,897,897,691,897,0.000%,.15452,0.07,0.05
PUT /api/items/858,3,1126,912,1711,1711,1711,755,1711,0.000%,.07520,0.03,0.02
GET /api/items/499,7,1260,1310,1616,1869,1869,713,1869,0.000%,.05289,0.02,0.01
GET /api/items/632,1,771,771,771,771,771,771,771,0.000%,1.29702,0.58,0.24
GET /api/items/831,1,694,694,694,694,694,694,694,0.000%,1.44092,0.64,0.27
PUT /api/items/154,1,718,718,718,718,718,718,718,0.000%,1.39276,0.62,0.41
GET /api/items/451,4,1086,1089,1500,1500,1500,651,1500,0.000%,.02464,0.01,0.00
GET /api/items/904,2,1027,581,1473,1473,1473,581,1473,0.000%,.04523,0.02,0.01
GET /api/items/400,1,708,708,708,708,708,708,708,0.000%,1.41243,0.63,0.26
PUT /api/items/513,3,822,820,1012,1012,1012,635,1012,0.000%,.02528,0.01,0.01
GET /api/items/740,2,1250,678,1823,1823,1823,678,1823,0.000%,.04148,0.02,0.01
PUT /api/items/620,3,975,720,1801,1801,1801,404,1801,0.000%,.01785,0.01,0.01
PUT /api/items/726,3,1430,1499,2089,2089,2089,703,2089,0.000%,.04044,0.02,0.01
GET /api/items/284,4,1198,1129,1503,1503,1503,664,1503,0.000%,.03196,0.01,0.01
PUT /api/items/379,1,735,735,735,735,735,735,735,0.000%,1.36054,0.61,0.40
GET /api/items/975,3,802,816,859,859,859,732,859,0.000%,.32723,0.15,0.06
GET /api/items/419,3,1251,1141,1965,1965,1965,649,1965,0.000%,.02084,0.01,0.00
PUT /api/items/009,4,1050,878,1299,1299,1299,730,1299,0.000%,.06927,0.03,0.02
GET /api/items/521,2,721,718,725,725,725,718,725,0.000%,.99751,0.45,0.19
PUT /api/items/644,3,1198,1382,1464,1464,1464,749,1464,0.000%,.02936,0.01,0.01
GET /api/items/356,4,1119,704,2120,2120,2120,347,2120,0.000%,.02414,0.01,0.00
PUT /api/items/598,2,853,683,1024,1024,1024,683,1024,0.000%,.05248,0.02,0.02
PUT /api/items/020,1,837,837,837,837,837,837,837,0.000%,1.19474,0.53,0.35
GET /api/items/651,4,1138,930,1954,1954,1954,617,1954,0.000%,.03100,0.01,0.01
PUT /api/items/420,1,814,814,814,814,814,814,814,0.000%,1.22850,0.55,0.36
GET /api/items/307,1,793,793,793,793,793,793,793,0.000%,1.26103,0.56,0.24
PUT /api/items/717,2,1289,712,1867,1867,1867,712,1867,0.000%,.02704,0.01,0.01
PUT /api/items/618,3,713,633,1058,1058,1058,449,1058,0.000%,.01825,0.01,0.01
GET /api/items/684,1,659,659,659,659,659,659,659,0.000%,1.51745,0.68,0.28
PUT /api/items/457,2,686,656,717,717,717,656,717,0.000%,.15852,0.07,0.05
GET /api/items/944,4,1025,1070,1149,1149,1149,768,1149,0.000%,.02926,0.01,0.01
GET /api/items/085,3,1291,1525,1603,1603,1603,745,1603,0.000%,.03223,0.01,0.01
GET /api/items/207,3,1352,1501,1869,1869,1869,688,1869,0.000%,.03177,0.01,0.01
GET /api/items/183,2,898,677,1119,1119,1119,677,1119,0.000%,.07215,0.03,0.01
PUT /api/items/298,3,986,1009,1226,1226,1226,724,1226,0.000%,.16745,0.07,0.05
PUT /api/items/366,1,604,604,604,604,604,604,604,0.000%,1.65563,0.74,0.48
PUT /api/items/119,2,683,622,745,745,745,622,745,0.000%,.01208,0.01,0.00
GET /api/items/133,1,823,823,823,823,823,823,823,0.000%,1.21507,0.54,0.23
PUT /api/items/046,5,895,766,1002,1455,1455,573,1455,0.000%,.03211,0.01,0.01
GET /api/items/846,4,1381,1170,2036,2036,2036,715,2036,0.000%,.02494,0.01,0.00
GET /api/items/763,1,828,828,828,828,828,828,828,0.000%,1.20773,0.54,0.23
PUT /api/items/199,3,1202,1057,1774,1774,1774,775,1774,0.000%,.02355,0.01,0.01
GET /api/items/548,5,1212,1128,1612,1805,1805,650,1805,0.000%,.03193,0.01,0.01
PUT /api/items/719,2,560,371,749,749,749,371,749,0.000%,.01260,0.01,0.00
PUT /api/items/406,2,537,419,655,655,655,419,655,0.000%,.01210,0.01,0.00
PUT /api/items/149,1,1058,1058,1058,1058,1058,1058,1058,0.000%,.94518,0.42,0.28
GET /api/items/678,3,1181,1162,1606,1606,1606,775,1606,0.000%,.01809,0.01,0.00
PUT /api/items/396,3,973,1010,1441,1441,1441,470,1441,0.000%,.01853,0.01,0.01
GET /api/items/285,2,1157,810,1504,1504,1504,810,1504,0.000%,.05490,0.02,0.01
GET /api/items/011,2,870,843,897,897,897,843,897,0.000%,.07050,0.03,0.01
GET /api/items/838,3,1448,1631,1818,1818,1818,896,1818,0.000%,.03316,0.01,0.01
GET /api/items/970,3,963,746,1491,1491,1491,654,1491,0.000%,.02197,0.01,0.00
GET /api/items/101,2,996,581,1411,1411,1411,581,1411,0.000%,.02166,0.01,0.00
GET /api/items/870,2,1419,648,2191,2191,2191,648,2191,0.000%,.03453,0.02,0.01
GET /api/items/232,2,1209,1163,1255,1255,1255,1163,1255,0.000%,.01829,0.01,0.00
GET /api/items/918,3,1083,1202,1413,1413,1413,635,1413,0.000%,.02340,0.01,0.00
GET /api/items/897,3,1367,1414,1433,1433,1433,1254,1433,0.000%,.03469,0.02,0.01
PUT /api/items/962,4,1447,1380,1649,1649,1649,1215,1649,0.000%,.02567,0.01,0.01
PUT /api/items/861,1,1201,1201,1201,1201,1201,1201,1201,0.000%,.83264,0.37,0.24
PUT /api/items/265,1,1474,1474,1474,1474,1474,1474,1474,0.000%,.67843,0.30,0.20
PUT /api/items/303,2,1049,370,1729,1729,1729,370,1729,0.000%,.03961,0.02,0.01
PUT /api/items/220,3,818,955,1006,1006,1006,495,1006,0.000%,.01853,0.01,0.01
GET /api/items/196,1,602,602,602,602,602,602,602,0.000%,1.66113,0.74,0.31
PUT /api/items/348,1,740,740,740,740,740,740,740,0.000%,1.35135,0.60,0.39
PUT /api/items/508,5,1224,979,1804,1807,1807,682,1807,0.000%,.03576,0.02,0.01
GET /api/items/865,2,1135,834,1436,1436,1436,834,1436,0.000%,.03063,0.01,0.01
PUT /api/items/623,3,959,889,1101,1101,1101,889,1101,0.000%,.02564,0.01,0.01
PUT /api/items/636,2,1065,418,1713,1713,1713,418,1713,0.000%,.01533,0.01,0.00
GET /api/items/030,2,1201,887,1516,1516,1516,887,1516,0.000%,.05421,0.02,0.01
PUT /api/items/267,2,1652,1009,2295,2295,2295,1009,2295,0.000%,.03233,0.01,0.01
GET /api/items/406,2,1251,968,1534,1534,1534,968,1534,0.000%,.01446,0.01,0.00
GET /api/items/593,4,730,709,1005,1005,1005,229,1005,0.000%,.02318,0.01,0.00
GET /api/items/886,3,1317,1097,2194,2194,2194,661,2194,0.000%,.02300,0.01,0.00
GET /api/items/087,3,1055,824,1669,1669,1669,672,1669,0.000%,.02184,0.01,0.00
GET /api/items/339,4,1102,720,2496,2496,2496,401,2496,0.000%,.02377,0.01,0.00
GET /api/items/817,2,1448,756,2140,2140,2140,756,2140,0.000%,.02978,0.01,0.01
PUT /api/items/997,3,835,775,1150,1150,1150,580,1150,0.000%,.01979,0.01,0.01
PUT /api/items/102,4,1357,1294,1896,1896,1896,894,1896,0.000%,.05075,0.02,0.01
GET /api/items/562,6,1032,510,1477,1834,1834,406,1834,0.000%,.03677,0.02,0.01
GET /api/items/742,4,1405,1139,2509,2509,2509,449,2509,0.000%,.02641,0.01,0.00
GET /api/items/354,2,940,940,940,940,940,940,940,0.000%,.01451,0.01,0.00
PUT /api/items/229,1,724,724,724,724,724,724,724,0.000%,1.38122,0.62,0.40
PUT /api/items/765,1,750,750,750,750,750,750,750,0.000%,1.33333,0.60,0.39
PUT /api/items/162,2,1138,771,1505,1505,1505,771,1505,0.000%,.01807,0.01,0.01
GET /api/items/473,1,1168,1168,1168,1168,1168,1168,1168,0.000%,.85616,0.38,0.16
PUT /api/items/961,4,1113,743,1965,1965,1965,482,1965,0.000%,.02584,0.01,0.01
GET /api/items/051,4,1163,947,1961,1961,1961,517,1961,0.000%,.02539,0.01,0.00
PUT /api/items/026,1,831,831,831,831,831,831,831,0.000%,1.20337,0.54,0.35
GET /api/items/190,1,805,805,805,805,805,805,805,0.000%,1.24224,0.56,0.23
GET /api/items/322,2,825,824,826,826,826,824,826,0.000%,.48146,0.22,0.09
PUT /api/items/617,3,1044,1070,1545,1545,1545,517,1545,0.000%,.02312,0.01,0.01
PUT /api/items/588,3,1026,980,1225,1225,1225,875,1225,0.000%,.14269,0.06,0.04
PUT /api/items/807,3,1334,1440,1664,1664,1664,898,1664,0.000%,.02561,0.01,0.01
GET /api/items/425,6,993,871,1375,1478,1478,387,1478,0.000%,.03593,0.02,0.01
PUT /api/items/136,4,1467,1235,2563,2563,2563,819,2563,0.000%,.03289,0.01,0.01
GET /api/items/611,1,649,649,649,649,649,649,649,0.000%,1.54083,0.69,0.29
GET /api/items/781,1,651,651,651,651,651,651,651,0.000%,1.53610,0.69,0.29
PUT /api/items/541,2,1075,456,1694,1694,1694,456,1694,0.000%,.03064,0.01,0.01
PUT /api/items/431,2,969,764,1174,1174,1174,764,1174,0.000%,.04385,0.02,0.01
GET /api/items/993,2,640,575,705,705,705,575,705,0.000%,.01295,0.01,0.00
PUT /api/items/825,2,1161,713,1610,1610,1610,713,1610,0.000%,.01359,0.01,0.00
GET /api/items/434,3,1081,1074,1367,1367,1367,804,1367,0.000%,.02385,0.01,0.00
PUT /api/items/197,1,981,981,981,981,981,981,981,0.000%,1.01937,0.46,0.30
GET /api/items/360,4,1378,1436,1712,1712,1712,720,1712,0.000%,.04046,0.02,0.01
GET /api/items/788,2,1273,890,1656,1656,1656,890,1656,0.000%,.03025,0.01,0.01
PUT /api/items/384,2,1059,758,1361,1361,1361,758,1361,0.000%,.02558,0.01,0.01
GET /api/items/909,1,780,780,780,780,780,780,780,0.000%,1.28205,0.57,0.24
GET /api/items/698,1,740,740,740,740,740,740,740,0.000%,1.35135,0.60,0.25
GET /api/items/832,2,850,593,1107,1107,1107,593,1107,0.000%,.01266,0.01,0.00
PUT /api/items/441,3,1180,1164,1744,1744,1744,634,1744,0.000%,.03027,0.01,0.01
GET /api/items/491,4,994,802,1631,1631,1631,330,1631,0.000%,.02531,0.01,0.00
PUT /api/items/759,4,1086,752,1556,1556,1556,487,1556,0.000%,.02524,0.01,0.01
GET /api/items/599,1,963,963,963,963,963,963,963,0.000%,1.03842,0.46,0.19
GET /api/items/341,3,888,952,1171,1171,1171,542,1171,0.000%,.02406,0.01,0.00
GET /api/items/171,1,961,961,961,961,961,961,961,0.000%,1.04058,0.47,0.20
PUT /api/items/255,3,978,871,1195,1195,1195,868,1195,0.000%,.04535,0.02,0.01
GET /api/items/679,3,1005,776,1940,1940,1940,300,1940,0.000%,.01804,0.01,0.00
PUT /api/items/333,2,1374,732,2017,2017,2017,732,2017,0.000%,.02328,0.01,0.01
GET /api/items/540,2,1342,1005,1679,1679,1679,1005,1679,0.000%,.02722,0.01,0.01
PUT /api/items/123,3,1274,1260,1657,1657,1657,907,1657,0.000%,.04156,0.02,0.01
GET /api/items/455,3,1455,1436,2035,2035,2035,896,2035,0.000%,.02649,0.01,0.00
GET /api/items/282,1,771,771,771,771,771,771,771,0.000%,1.29702,0.58,0.24
PUT /api/items/180,2,596,390,802,802,802,390,802,0.000%,.01241,0.01,0.00
PUT /api/items/986,3,1087,1053,1317,1317,1317,891,1317,0.000%,.02298,0.01,0.01
PUT /api/items/611,2,962,932,993,993,993,932,993,0.000%,.25047,0.11,0.07
GET /api/items/564,2,1067,789,1346,1346,1346,789,1346,0.000%,.06884,0.03,0.01
PUT /api/items/300,4,1050,775,1505,1505,1505,773,1505,0.000%,.02846,0.01,0.01
PUT /api/items/219,3,1234,1411,1484,1484,1484,808,1484,0.000%,.02511,0.01,0.01
GET /api/items/041,4,731,715,1104,1104,1104,284,1104,0.000%,.02402,0.01,0.00
PUT /api/items/165,1,759,759,759,759,759,759,759,0.000%,1.31752,0.59,0.38
GET /api/items/711,3,1138,1196,1755,1755,1755,465,1755,0.000%,.02277,0.01,0.00
PUT /api/items/518,3,1217,1110,1594,1594,1594,949,1594,0.000%,.04835,0.02,0.01
GET /api/items/323,1,850,850,850,850,850,850,850,0.000%,1.17647,0.53,0.22
GET /api/items/099,2,1040,695,1386,1386,1386,695,1386,0.000%,.02158,0.01,0.00
PUT /api/items/488,3,1686,1550,2728,2728,2728,780,2728,0.000%,.05413,0.02,0.02
GET /api/items/367,2,933,760,1107,1107,1107,760,1107,0.000%,.12427,0.06,0.02
GET /api/items/750,4,1366,1200,1827,1827,1827,817,1827,0.000%,.03116,0.01,0.01
PUT /api/items/832,2,958,943,974,974,974,943,974,0.000%,.01567,0.01,0.00
PUT /api/items/192,2,1201,970,1432,1432,1432,970,1432,0.000%,.04889,0.02,0.01
GET /api/items/403,1,598,598,598,598,598,598,598,0.000%,1.67224,0.75,0.31
GET /api/items/166,6,1135,1028,1471,1657,1657,713,1657,0.000%,.04274,0.02,0.01
PUT /api/items/585,1,780,780,780,780,780,780,780,0.000%,1.28205,0.57,0.37
GET /api/items/647,1,451,451,451,451,451,451,451,0.000%,2.21729,0.99,0.42
GET /api/items/212,2,1024,817,1231,1231,1231,817,1231,0.000%,.01456,0.01,0.00
PUT /api/items/089,1,1050,1050,1050,1050,1050,1050,1050,0.000%,.95238,0.43,0.28
GET /api/items/088,2,1117,901,1334,1334,1334,901,1334,0.000%,.02154,0.01,0.00
PUT /api/items/927,2,616,564,668,668,668,564,668,0.000%,.10390,0.05,0.03
GET /api/items/732,2,1277,843,1711,1711,1711,843,1711,0.000%,.02592,0.01,0.00
PUT /api/items/752,3,1404,1548,1799,1799,1799,865,1799,0.000%,.04316,0.02,0.01
PUT /api/items/576,2,1245,882,1609,1609,1609,882,1609,0.000%,.01757,0.01,0.01
GET /api/items/289,1,736,736,736,736,736,736,736,0.000%,1.35870,0.61,0.25
GET /api/items/979,3,1083,1156,1262,1262,1262,832,1262,0.000%,.03116,0.01,0.01
GET /api/items/954,5,885,1121,1378,1405,1405,202,1405,0.000%,.02979,0.01,0.01
GET /api/items/464,2,1260,900,1621,1621,1621,900,1621,0.000%,.45475,0.20,0.09
PUT /api/items/385,1,1957,1957,1957,1957,1957,1957,1957,0.000%,.51099,0.23,0.15
PUT /api/items/456,1,1587,1587,1587,1587,1587,1587,1587,0.000%,.63012,0.28,0.18
PUT /api/items/378,2,1637,1622,1653,1653,1653,1622,1653,0.000%,.04801,0.02,0.01
GET /api/items/348,2,1023,719,1328,1328,1328,719,1328,0.000%,.20502,0.09,0.04
GET /api/items/863,2,1594,1399,1789,1789,1789,1399,1789,0.000%,.03368,0.02,0.01
GET /api/items/270,3,1076,1137,1717,1717,1717,374,1717,0.000%,.01911,0.01,0.00
PUT /api/items/757,4,1064,945,1677,1677,1677,416,1677,0.000%,.02997,0.01,0.01
GET /api/items/019,3,1273,1424,1592,1592,1592,805,1592,0.000%,.03408,0.02,0.01
GET /api/items/211,1,905,905,905,905,905,905,905,0.000%,1.10497,0.49,0.21
PUT /api/items/794,2,1479,876,2083,2083,2083,876,2083,0.000%,.02855,0.01,0.01
GET /api/items/414,3,740,913,1100,1100,1100,209,1100,0.000%,.01818,0.01,0.00
PUT /api/items/469,2,730,446,1015,1015,1015,446,1015,0.000%,.01346,0.01,0.00
GET /api/items/712,1,848,848,848,848,848,848,848,0.000%,1.17925,0.53,0.22
GET /api/items/417,3,1054,989,1408,1408,1408,765,1408,0.000%,.02297,0.01,0.00
PUT /api/items/479,4,1328,1048,1979,1979,1979,970,1979,0.000%,.03777,0.02,0.01
GET /api/items/269,3,924,980,1477,1477,1477,317,1477,0.000%,.01889,0.01,0.00
PUT /api/items/139,1,703,703,703,703,703,703,703,0.000%,1.42248,0.64,0.42
PUT /api/items/578,2,1157,589,1725,1725,1725,589,1725,0.000%,.02054,0.01,0.01
GET /api/items/280,4,1349,1205,1707,1707,1707,844,1707,0.000%,.02925,0.01,0.01
GET /api/items/295,3,1010,869,1512,1512,1512,651,1512,0.000%,.02328,0.01,0.00
GET /api/items/877,3,1239,1222,1671,1671,1671,824,1671,0.000%,.02953,0.01,0.01
PUT /api/items/866,1,714,714,714,714,714,714,714,0.000%,1.40056,0.63,0.41
PUT /api/items/371,1,972,972,972,972,972,972,972,0.000%,1.02881,0.46,0.30
PUT /api/items/128,2,1196,642,1751,1751,1751,642,1751,0.000%,.03027,0.01,0.01
PUT /api/items/550,6,1206,1011,1452,1781,1781,619,1781,0.000%,.04902,0.02,0.01
GET /api/items/591,1,964,964,964,964,964,964,964,0.000%,1.03734,0.46,0.19
GET /api/items/843,2,1152,926,1379,1379,1379,926,1379,0.000%,.03810,0.02,0.01
PUT /api/items/530,2,1656,1180,2133,2133,2133,1180,2133,0.000%,.02441,0.01,0.01
GET /api/items/297,2,1191,937,1445,1445,1445,937,1445,0.000%,.02514,0.01,0.00
GET /api/items/314,2,622,256,988,988,988,256,988,0.000%,.01233,0.01,0.00
PUT /api/items/658,1,1121,1121,1121,1121,1121,1121,1121,0.000%,.89206,0.40,0.26
GET /api/items/160,1,953,953,953,953,953,953,953,0.000%,1.04932,0.47,0.20
PUT /api/items/905,2,687,608,767,767,767,608,767,0.000%,.42626,0.19,0.12
GET /api/items/454,4,1408,991,3264,3264,3264,258,3264,0.000%,.02472,0.01,0.00
PUT /api/items/213,2,996,953,1039,1039,1039,953,1039,0.000%,.01711,0.01,0.00
PUT /api/items/964,2,932,745,1119,1119,1119,745,1119,0.000%,.01784,0.01,0.01
GET /api/items/741,2,1390,775,2005,2005,2005,775,2005,0.000%,.05134,0.02,0.01
PUT /api/items/764,3,1047,676,1859,1859,1859,607,1859,0.000%,.02189,0.01,0.01
GET /api/items/283,5,870,945,1105,1216,1216,416,1216,0.000%,.03427,0.02,0.01
GET /api/items/146,1,1049,1049,1049,1049,1049,1049,1049,0.000%,.95329,0.43,0.18
GET /api/items/443,5,1168,1450,1494,1605,1605,434,1605,0.000%,.03251,0.01,0.01
GET /api/items/533,1,948,948,948,948,948,948,948,0.000%,1.05485,0.47,0.20
PUT /api/items/206,4,1251,863,2085,2085,2085,761,2085,0.000%,.02622,0.01,0.01
GET /api/items/807,2,1071,875,1268,1268,1268,875,1268,0.000%,.01645,0.01,0.00
PUT /api/items/061,3,1093,1112,1798,1798,1798,369,1798,0.000%,.01910,0.01,0.01
GET /api/items/257,4,959,432,1988,1988,1988,203,1988,0.000%,.02450,0.01,0.00
PUT /api/items/448,3,920,956,964,964,964,841,964,0.000%,.21535,0.10,0.06
PUT /api/items/309,2,998,777,1220,1220,1220,777,1220,0.000%,.07543,0.03,0.02
GET /api/items/191,3,770,926,1099,1099,1099,286,1099,0.000%,.01887,0.01,0.00
GET /api/items/018,3,1465,1715,1738,1738,1738,942,1738,0.000%,.04188,0.02,0.01
PUT /api/items/822,1,940,940,940,940,940,940,940,0.000%,1.06383,0.48,0.31
GET /api/items/618,3,1333,1066,2036,2036,2036,897,2036,0.000%,.02117,0.01,0.00
GET /api/items/072,2,1151,1018,1285,1285,1285,1018,1285,0.000%,.01939,0.01,0.00
GET /api/items/513,1,949,949,949,949,949,949,949,0.000%,1.05374,0.47,0.20
PUT /api/items/225,1,885,885,885,885,885,885,885,0.000%,1.12994,0.51,0.33
GET /api/items/836,4,1444,1154,2191,2191,2191,1023,2191,0.000%,.05174,0.02,0.01
PUT /api/items/804,2,1327,941,1713,1713,1713,941,1713,0.000%,.08634,0.04,0.03
GET /api/items/636,1,869,869,869,869,869,869,869,0.000%,1.15075,0.51,0.22
PUT /api/items/592,1,800,800,800,800,800,800,800,0.000%,1.25000,0.56,0.36
PUT /api/items/159,3,1124,1392,1495,1495,1495,485,1495,0.000%,.03412,0.02,0.01
GET /api/items/477,2,774,666,882,882,882,666,882,0.000%,.01589,0.01,0.00
GET /api/items/096,2,1005,935,1075,1075,1075,935,1075,0.000%,.01533,0.01,0.00
GET /api/items/007,4,1381,1030,1824,1824,1824,957,1824,0.000%,.03654,0.02,0.01
PUT /api/items/778,2,1095,1059,1132,1132,1132,1059,1132,0.000%,.48674,0.22,0.14
PUT /api/items/976,3,1068,924,1917,1917,1917,364,1917,0.000%,.01984,0.01,0.01
PUT /api/items/268,1,965,965,965,965,965,965,965,0.000%,1.03627,0.46,0.30
PUT /api/items/337,3,1100,1095,1641,1641,1641,566,1641,0.000%,.02039,0.01,0.01
GET /api/items/528,1,1011,1011,1011,1011,1011,1011,1011,0.000%,.98912,0.44,0.19
GET /api/items/065,2,986,704,1268,1268,1268,704,1268,0.000%,.01375,0.01,0.00
GET /api/items/669,1,1171,1171,1171,1171,1171,1171,1171,0.000%,.85397,0.38,0.16
GET /api/items/643,2,1324,907,1741,1741,1741,907,1741,0.000%,.05265,0.02,0.01
PUT /api/items/430,1,844,844,844,844,844,844,844,0.000%,1.18483,0.53,0.35
PUT /api/items/833,1,819,819,819,819,819,819,819,0.000%,1.22100,0.55,0.36
GET /api/items/038,1,1277,1277,1277,1277,1277,1277,1277,0.000%,.78309,0.35,0.15
GET /api/items/309,3,1355,1420,1787,1787,1787,859,1787,0.000%,.04596,0.02,0.01
GET /api/items/438,1,784,784,784,784,784,784,784,0.000%,1.27551,0.57,0.24
PUT /api/items/510,2,1553,892,2215,2215,2215,892,2215,0.000%,.03027,0.01,0.01
PUT /api/items/257,4,896,808,1462,1462,1462,363,1462,0.000%,.02611,0.01,0.01
GET /api/items/719,4,1268,1117,1758,1758,1758,813,1758,0.000%,.02887,0.01,0.01
PUT /api/items/860,2,1104,945,1264,1264,1264,945,1264,0.000%,.03862,0.02,0.01
PUT /api/items/074,4,1176,899,1775,1775,1775,358,1775,0.000%,.02880,0.01,0.01
GET /api/items/267,1,870,870,870,870,870,870,870,0.000%,1.14943,0.51,0.22
GET /api/items/875,6,1067,866,1405,1776,1776,643,1776,0.000%,.04569,0.02,0.01
PUT /api/items/056,2,1021,662,1380,1380,1380,662,1380,0.000%,.11142,0.05,0.03
GET /api/items/159,3,1235,1347,1351,1351,1351,1008,1351,0.000%,.04312,0.02,0.01
PUT /api/items/137,1,651,651,651,651,651,651,651,0.000%,1.53610,0.69,0.45
GET /api/items/363,3,1318,1246,1620,1620,1620,1088,1620,0.000%,.02420,0.01,0.00
GET /api/items/188,2,1359,1255,1463,1463,1463,1255,1463,0.000%,.13094,0.06,0.02
GET /api/items/606,5,861,741,1185,1381,1381,392,1381,0.000%,.03499,0.02,0.01
GET /api/items/369,3,1654,1833,1838,1838,1838,1291,1838,0.000%,.03867,0.02,0.01
GET /api/items/842,1,1003,1003,1003,1003,1003,1003,1003,0.000%,.99701,0.45,0.19
PUT /api/items/872,1,1086,1086,1086,1086,1086,1086,1086,0.000%,.92081,0.41,0.27
PUT /api/items/387,4,1212,1007,1539,1539,1539,994,1539,0.000%,.03619,0.02,0.01
PUT /api/items/082,3,1357,1448,1974,1974,1974,650,1974,0.000%,.02726,0.01,0.01
GET /api/items/388,2,1362,1062,1662,1662,1662,1062,1662,0.000%,.01966,0.01,0.00
PUT /api/items/602,1,724,724,724,724,724,724,724,0.000%,1.38122,0.62,0.40
PUT /api/items/283,2,1094,1094,1095,1095,1095,1094,1095,0.000%,.01642,0.01,0.00
GET /api/items/163,3,947,1012,1255,1255,1255,575,1255,0.000%,.02045,0.01,0.00
GET /api/items/810,3,1464,1531,1543,1543,1543,1320,1543,0.000%,.04975,0.02,0.01
GET /api/items/420,3,1078,919,1789,1789,1789,527,1789,0.000%,.02075,0.01,0.00
GET /api/items/422,2,1316,700,1933,1933,1933,700,1933,0.000%,.03270,0.01,0.01
PUT /api/items/474,2,1135,633,1638,1638,1638,633,1638,0.000%,.02948,0.01,0.01
GET /api/items/809,2,1362,901,1823,1823,1823,901,1823,0.000%,.02614,0.01,0.00
PUT /api/items/233,3,1308,1256,1447,1447,1447,1221,1447,0.000%,.07505,0.03,0.02
GET /api/items/756,1,920,920,920,920,920,920,920,0.000%,1.08696,0.49,0.20
GET /api/items/100,2,936,625,1247,1247,1247,625,1247,0.000%,.11502,0.05,0.02
GET /api/items/566,1,1254,1254,1254,1254,1254,1254,1254,0.000%,.79745,0.36,0.15
PUT /api/items/535,4,1658,1520,2194,2194,2194,1197,2194,0.000%,.05101,0.02,0.01
GET /api/items/427,1,954,954,954,954,954,954,954,0.000%,1.04822,0.47,0.20
GET /api/items/739,1,1418,1418,1418,1418,1418,1418,1418,0.000%,.70522,0.32,0.13
PUT /api/items/335,2,1145,984,1307,1307,1307,984,1307,0.000%,.02009,0.01,0.01
GET /api/items/575,2,1117,1058,1177,1177,1177,1058,1177,0.000%,.01525,0.01,0.00
GET /api/items/412,2,1088,668,1509,1509,1509,668,1509,0.000%,.06896,0.03,0.01
PUT /api/items/606,2,1279,983,1576,1576,1576,983,1576,0.000%,.03221,0.01,0.01
PUT /api/items/446,3,851,649,1410,1410,1410,495,1410,0.000%,.02148,0.01,0.01
GET /api/items/010,4,1406,1092,2119,2119,2119,500,2119,0.000%,.02777,0.01,0.01
GET /api/items/450,4,1160,1098,1698,1698,1698,396,1698,0.000%,.02985,0.01,0.01
PUT /api/items/314,2,1278,1244,1312,1312,1312,1244,1312,0.000%,.02275,0.01,0.01
GET /api/items/913,3,1239,1227,1327,1327,1327,1165,1327,0.000%,.02377,0.01,0.00
GET /api/items/199,3,1404,1089,2112,2112,2112,1011,2112,0.000%,.02369,0.01,0.00
PUT /api/items/196,4,1107,750,1854,1854,1854,742,1854,0.000%,.03099,0.01,0.01
PUT /api/items/059,1,1246,1246,1246,1246,1246,1246,1246,0.000%,.80257,0.36,0.23
PUT /api/items/718,2,929,857,1002,1002,1002,857,1002,0.000%,.01847,0.01,0.01
GET /api/items/884,2,1523,1203,1844,1844,1844,1203,1844,0.000%,.03532,0.02,0.01
GET /api/items/205,2,1171,1106,1236,1236,1236,1106,1236,0.000%,.01503,0.01,0.00
PUT /api/items/641,2,1342,1272,1413,1413,1413,1272,1413,0.000%,.03527,0.02,0.01
GET /api/items/373,4,1202,1147,1391,1391,1391,997,1391,0.000%,.19222,0.09,0.04
GET /api/items/955,3,1106,1164,1817,1817,1817,339,1817,0.000%,.01987,0.01,0.00
GET /api/items/558,3,1341,1381,1398,1398,1398,1246,1398,0.000%,.07175,0.03,0.01
PUT /api/items/148,3,1337,1379,1438,1438,1438,1196,1438,0.000%,.03777,0.02,0.01
PUT /api/items/260,2,1423,928,1918,1918,1918,928,1918,0.000%,.02564,0.01,0.01
PUT /api/items/482,2,1055,740,1370,1370,1370,740,1370,0.000%,.06390,0.03,0.02
GET /api/items/736,1,1030,1030,1030,1030,1030,1030,1030,0.000%,.97087,0.43,0.18
PUT /api/items/667,2,1305,735,1875,1875,1875,735,1875,0.000%,.01852,0.01,0.01
GET /api/items/076,2,1179,1164,1194,1194,1194,1164,1194,0.000%,.13112,0.06,0.02
PUT /api/items/546,1,1043,1043,1043,1043,1043,1043,1043,0.000%,.95877,0.43,0.28
GET /api/items/217,3,1639,1837,2040,2040,2040,1040,2040,0.000%,.02212,0.01,0.00
PUT /api/items/869,2,1374,1028,1721,1721,1721,1028,1721,0.000%,.02901,0.01,0.01
PUT /api/items/234,1,1056,1056,1056,1056,1056,1056,1056,0.000%,.94697,0.42,0.28
GET /api/items/349,2,930,399,1461,1461,1461,399,1461,0.000%,.01388,0.01,0.00
PUT /api/items/432,3,1564,1593,1792,1792,1792,1309,1792,0.000%,.02473,0.01,0.01
GET /api/items/921,3,1226,1200,1427,1427,1427,1052,1427,0.000%,.02469,0.01,0.00
GET /api/items/666,2,1450,1216,1685,1685,1685,1216,1685,0.000%,.11961,0.05,0.02
PUT /api/items/746,1,1374,1374,1374,1374,1374,1374,1374,0.000%,.72780,0.33,0.21
GET /api/items/542,6,1324,1200,1725,1922,1922,658,1922,0.000%,.04491,0.02,0.01
GET /api/items/481,3,1311,1120,1941,1941,1941,872,1941,0.000%,.08884,0.04,0.02
GET /api/items/744,3,1443,1447,1464,1464,1464,1419,1464,0.000%,.04580,0.02,0.01
PUT /api/items/922,3,1414,1415,1631,1631,1631,1196,1631,0.000%,.03007,0.01,0.01
PUT /api/items/629,2,1285,1141,1429,1429,1429,1141,1429,0.000%,.02964,0.01,0.01
PUT /api/items/331,2,1155,624,1686,1686,1686,624,1686,0.000%,.03852,0.02,0.01
PUT /api/items/451,1,969,969,969,969,969,969,969,0.000%,1.03199,0.46,0.30
GET /api/items/947,3,1080,1068,1423,1423,1423,749,1423,0.000%,.02459,0.01,0.00
PUT /api/items/232,3,969,1196,1451,1451,1451,260,1451,0.000%,.02007,0.01,0.01
PUT /api/items/321,2,1311,999,1623,1623,1623,999,1623,0.000%,.02378,0.01,0.01
GET /api/items/982,4,1386,1255,1951,1951,1951,1069,1951,0.000%,.03063,0.01,0.01
PUT /api/items/216,2,891,446,1337,1337,1337,446,1337,0.000%,.01375,0.01,0.00
GET /api/items/129,3,1432,1190,1946,1946,1946,1161,1946,0.000%,.05950,0.03,0.01
PUT /api/items/802,2,981,747,1215,1215,1215,747,1215,0.000%,.08844,0.04,0.03
GET /api/items/707,2,1126,866,1387,1387,1387,866,1387,0.000%,.01756,0.01,0.00
GET /api/items/291,3,1274,1278,1792,1792,1792,753,1792,0.000%,.02617,0.01,0.00
PUT /api/items/014,2,772,713,832,832,832,713,832,0.000%,.01444,0.01,0.00
PUT /api/items/917,2,1371,1109,1633,1633,1633,1109,1633,0.000%,.07882,0.04,0.02
PUT /api/items/562,1,1265,1265,1265,1265,1265,1265,1265,0.000%,.79051,0.35,0.23
GET /api/items/441,2,939,590,1288,1288,1288,590,1288,0.000%,.01544,0.01,0.00
GET /api/items/895,3,1004,1248,1300,1300,1300,464,1300,0.000%,.02081,0.01,0.00
PUT /api/items/558,4,1489,1469,1687,1687,1687,1212,1687,0.000%,.04126,0.02,0.01
GET /api/items/722,2,1108,949,1267,1267,1267,949,1267,0.000%,.02027,0.01,0.00
PUT /api/items/503,2,1312,1195,1430,1430,1430,1195,1430,0.000%,.05647,0.03,0.02
PUT /api/items/274,3,746,514,1257,1257,1257,467,1257,0.000%,.02117,0.01,0.01
GET /api/items/001,3,1343,1311,1800,1800,1800,918,1800,0.000%,.04807,0.02,0.01
GET /api/items/095,2,708,349,1068,1068,1068,349,1068,0.000%,.01435,0.01,0.00
PUT /api/items/539,3,1378,1451,1556,1556,1556,1128,1556,0.000%,.03063,0.01,0.01
GET /api/items/796,5,1368,1403,1440,1650,1650,1073,1650,0.000%,.04724,0.02,0.01
GET /api/items/023,2,834,389,1279,1279,1279,389,1279,0.000%,.01376,0.01,0.00
GET /api/items/891,3,1442,1498,1551,1551,1551,1279,1551,0.000%,.05979,0.03,0.01
PUT /api/items/958,1,891,891,891,891,891,891,891,0.000%,1.12233,0.50,0.33
PUT /api/items/871,3,1485,1529,1677,1677,1677,1250,1677,0.000%,.06002,0.03,0.02
PUT /api/items/487,2,1219,1138,1300,1300,1300,1138,1300,0.000%,.02974,0.01,0.01
PUT /api/items/714,2,1185,914,1456,1456,1456,914,1456,0.000%,.01886,0.01,0.01
PUT /api/items/193,1,1124,1124,1124,1124,1124,1124,1124,0.000%,.88968,0.40,0.26
GET /api/items/761,1,1150,1150,1150,1150,1150,1150,1150,0.000%,.86957,0.39,0.16
GET /api/items/512,4,1104,1133,1202,1202,1202,931,1202,0.000%,.03994,0.02,0.01
GET /api/items/629,5,1348,1230,1552,2469,2469,456,2469,0.000%,.03495,0.02,0.01
GET /api/items/577,1,1354,1354,1354,1354,1354,1354,1354,0.000%,.73855,0.33,0.14
PUT /api/items/368,5,1181,1016,1507,1602,1602,788,1602,0.000%,.04360,0.02,0.01
GET /api/items/298,3,849,770,1251,1251,1251,527,1251,0.000%,.02302,0.01,0.00
GET /api/items/574,1,1305,1305,1305,1305,1305,1305,1305,0.000%,.76628,0.34,0.14
GET /api/items/989,4,1228,1105,1634,1634,1634,1026,1634,0.000%,.04971,0.02,0.01
GET /api/items/447,2,1054,785,1323,1323,1323,785,1323,0.000%,.23137,0.10,0.04
GET /api/items/063,2,889,682,1096,1096,1096,682,1096,0.000%,.18384,0.08,0.03
PUT /api/items/254,3,995,875,1841,1841,1841,269,1841,0.000%,.02059,0.01,0.01
PUT /api/items/965,2,1373,1024,1723,1723,1723,1024,1723,0.000%,.01929,0.01,0.01
GET /api/items/518,4,906,1014,1221,1221,1221,256,1221,0.000%,.02745,0.01,0.01
PUT /api/items/930,1,877,877,877,877,877,877,877,0.000%,1.14025,0.51,0.33
PUT /api/items/886,1,1406,1406,1406,1406,1406,1406,1406,0.000%,.71124,0.32,0.21
GET /api/items/413,3,1439,1363,1844,1844,1844,1112,1844,0.000%,.08547,0.04,0.02
GET /api/items/920,1,1590,1590,1590,1590,1590,1590,1590,0.000%,.62893,0.28,0.12
GET /api/items/467,3,1615,1468,1962,1962,1962,1415,1962,0.000%,.02410,0.01,0.00
GET /api/items/187,1,1210,1210,1210,1210,1210,1210,1210,0.000%,.82645,0.37,0.15
PUT /api/items/1000,1,1317,1317,1317,1317,1317,1317,1317,0.000%,.75930,0.34,0.22
PUT /api/items/273,3,1399,1163,1916,1916,1916,1119,1916,0.000%,.04809,0.02,0.01
PUT /api/items/743,3,881,1103,1271,1271,1271,270,1271,0.000%,.02074,0.01,0.01
PUT /api/items/795,1,1595,1595,1595,1595,1595,1595,1595,0.000%,.62696,0.28,0.18
GET /api/items/987,2,1622,1151,2094,2094,2094,1151,2094,0.000%,.06890,0.03,0.01
GET /api/items/507,3,1481,1583,1730,1730,1730,1132,1730,0.000%,.04928,0.02,0.01
PUT /api/items/304,1,1101,1101,1101,1101,1101,1101,1101,0.000%,.90827,0.41,0.27
PUT /api/items/189,3,1056,1020,1414,1414,1414,736,1414,0.000%,.02483,0.01,0.01
PUT /api/items/526,1,1141,1141,1141,1141,1141,1141,1141,0.000%,.87642,0.39,0.26
PUT /api/items/953,3,980,1117,1367,1367,1367,457,1367,0.000%,.02265,0.01,0.01
GET /api/items/544,4,1496,1260,2019,2019,2019,1231,2019,0.000%,.03050,0.01,0.01
GET /api/items/026,1,1282,1282,1282,1282,1282,1282,1282,0.000%,.78003,0.35,0.15
GET /api/items/194,1,1234,1234,1234,1234,1234,1234,1234,0.000%,.81037,0.36,0.15
PUT /api/items/490,2,650,409,892,892,892,409,892,0.000%,.01455,0.01,0.00
GET /api/items/665,2,1416,1158,1674,1674,1674,1158,1674,0.000%,.03983,0.02,0.01
GET /api/items/198,2,1206,1165,1247,1247,1247,1165,1247,0.000%,.02411,0.01,0.00
PUT /api/items/409,2,1305,1302,1308,1308,1308,1302,1308,0.000%,.04729,0.02,0.01
PUT /api/items/477,1,1487,1487,1487,1487,1487,1487,1487,0.000%,.67249,0.30,0.20
GET /api/items/271,2,1364,1236,1492,1492,1492,1236,1492,0.000%,.03878,0.02,0.01
PUT /api/items/132,2,1185,995,1375,1375,1375,995,1375,0.000%,.01708,0.01,0.00
GET /api/items/973,3,1502,1103,2419,2419,2419,986,2419,0.000%,.06533,0.03,0.01
PUT /api/items/762,2,1024,488,1561,1561,1561,488,1561,0.000%,.01439,0.01,0.00
PUT /api/items/317,1,1312,1312,1312,1312,1312,1312,1312,0.000%,.76220,0.34,0.22
GET /api/items/576,2,1497,1373,1621,1621,1621,1373,1621,0.000%,.02087,0.01,0.00
PUT /api/items/971,1,1251,1251,1251,1251,1251,1251,1251,0.000%,.79936,0.36,0.23
PUT /api/items/134,2,1236,1047,1425,1425,1425,1047,1425,0.000%,.02124,0.01,0.01
PUT /api/items/249,1,1007,1007,1007,1007,1007,1007,1007,0.000%,.99305,0.44,0.29
PUT /api/items/373,1,1357,1357,1357,1357,1357,1357,1357,0.000%,.73692,0.33,0.22
GET /api/items/624,3,1349,1402,1468,1468,1468,1179,1468,0.000%,.02387,0.01,0.00
PUT /api/items/670,3,1028,1005,1165,1165,1165,916,1165,0.000%,.02812,0.01,0.01
GET /api/items/890,3,1091,1141,1268,1268,1268,865,1268,0.000%,.02396,0.01,0.00
GET /api/items/907,2,1271,1088,1454,1454,1454,1088,1454,0.000%,.26943,0.12,0.05
GET /api/items/161,1,1327,1327,1327,1327,1327,1327,1327,0.000%,.75358,0.34,0.14
PUT /api/items/065,2,1183,1056,1310,1310,1310,1056,1310,0.000%,.01741,0.01,0.01
PUT /api/items/624,1,1276,1276,1276,1276,1276,1276,1276,0.000%,.78370,0.35,0.23
PUT /api/items/395,1,1413,1413,1413,1413,1413,1413,1413,0.000%,.70771,0.32,0.21
GET /api/items/988,3,1436,1319,1737,1737,1737,1254,1737,0.000%,.03395,0.02,0.01
GET /api/items/470,2,1462,1153,1772,1772,1772,1153,1772,0.000%,.02473,0.01,0.00
PUT /api/items/946,2,1026,923,1129,1129,1129,923,1129,0.000%,.02034,0.01,0.01
PUT /api/items/654,1,865,865,865,865,865,865,865,0.000%,1.15607,0.52,0.34
GET /api/items/950,1,1374,1374,1374,1374,1374,1374,1374,0.000%,.72780,0.33,0.14
GET /api/items/584,3,922,952,1011,1011,1011,803,1011,0.000%,.02372,0.01,0.00
GET /api/items/959,4,940,778,1405,1405,1405,555,1405,0.000%,.02944,0.01,0.01
GET /api/items/882,2,1387,1116,1659,1659,1659,1116,1659,0.000%,.08374,0.04,0.02
PUT /api/items/124,1,1351,1351,1351,1351,1351,1351,1351,0.000%,.74019,0.33,0.22
GET /api/items/351,6,1603,1475,1861,2432,2432,988,2432,0.000%,.05203,0.02,0.01
GET /api/items/071,2,1269,1268,1270,1270,1270,1268,1270,0.000%,.32547,0.15,0.06
GET /api/items/706,3,996,988,1552,1552,1552,448,1552,0.000%,.02182,0.01,0.00
PUT /api/items/918,1,1206,1206,1206,1206,1206,1206,1206,0.000%,.82919,0.37,0.24
PUT /api/items/175,1,1031,1031,1031,1031,1031,1031,1031,0.000%,.96993,0.43,0.28
GET /api/items/805,3,1630,1478,2197,2197,2197,1215,2197,0.000%,.08998,0.04,0.02
GET /api/items/572,2,1194,914,1474,1474,1474,914,1474,0.000%,.01725,0.01,0.00
PUT /api/items/212,2,1637,1625,1649,1649,1649,1625,1649,0.000%,.03239,0.01,0.01
GET /api/items/509,2,1623,1491,1755,1755,1755,1491,1755,0.000%,.03460,0.02,0.01
GET /api/items/717,1,1470,1470,1470,1470,1470,1470,1470,0.000%,.68027,0.30,0.13
GET /api/items/164,4,1196,1096,1439,1439,1439,858,1439,0.000%,.04263,0.02,0.01
PUT /api/items/447,2,1293,1258,1328,1328,1328,1258,1328,0.000%,.02330,0.01,0.01
GET /api/items/342,4,1084,1067,1421,1421,1421,486,1421,0.000%,.03251,0.01,0.01
PUT /api/items/217,1,927,927,927,927,927,927,927,0.000%,1.07875,0.48,0.31
PUT /api/items/586,1,1349,1349,1349,1349,1349,1349,1349,0.000%,.74129,0.33,0.22
GET /api/items/752,2,1240,1143,1337,1337,1337,1143,1337,0.000%,.04489,0.02,0.01
GET /api/items/195,3,1070,1005,1323,1323,1323,884,1323,0.000%,.02385,0.01,0.00
PUT /api/items/947,2,1328,1279,1378,1378,1378,1279,1378,0.000%,.01690,0.01,0.00
PUT /api/items/322,1,1245,1245,1245,1245,1245,1245,1245,0.000%,.80321,0.36,0.23
GET /api/items/926,1,1249,1249,1249,1249,1249,1249,1249,0.000%,.80064,0.36,0.15
GET /api/items/704,2,1080,766,1394,1394,1394,766,1394,0.000%,.01927,0.01,0.00
GET /api/items/277,2,1577,1476,1678,1678,1678,1476,1678,0.000%,.03378,0.02,0.01
GET /api/items/549,2,1834,1530,2139,2139,2139,1530,2139,0.000%,.04677,0.02,0.01
PUT /api/items/237,2,1420,1405,1435,1435,1435,1405,1435,0.000%,.03170,0.01,0.01
PUT /api/items/870,1,1587,1587,1587,1587,1587,1587,1587,0.000%,.63012,0.28,0.18
GET /api/items/303,1,1618,1618,1618,1618,1618,1618,1618,0.000%,.61805,0.28,0.12
GET /api/items/210,2,1234,846,1622,1622,1622,846,1622,0.000%,.04397,0.02,0.01
PUT /api/items/361,2,1052,857,1248,1248,1248,857,1248,0.000%,.01933,0.01,0.01
PUT /api/items/749,1,1382,1382,1382,1382,1382,1382,1382,0.000%,.72359,0.32,0.21
PUT /api/items/461,1,1225,1225,1225,1225,1225,1225,1225,0.000%,.81633,0.37,0.24
PUT /api/items/981,1,1261,1261,1261,1261,1261,1261,1261,0.000%,.79302,0.35,0.23
GET /api/items/519,1,1091,1091,1091,1091,1091,1091,1091,0.000%,.91659,0.41,0.17
PUT /api/items/100,1,999,999,999,999,999,999,999,0.000%,1.00100,0.45,0.29
PUT /api/items/856,4,1448,1265,1909,1909,1909,1030,1909,0.000%,.04263,0.02,0.01
PUT /api/items/067,3,973,1345,1381,1381,1381,195,1381,0.000%,.02113,0.01,0.01
GET /api/items/551,1,1144,1144,1144,1144,1144,1144,1144,0.000%,.87413,0.39,0.16
GET /api/items/485,1,1654,1654,1654,1654,1654,1654,1654,0.000%,.60459,0.27,0.11
GET /api/items/328,1,1382,1382,1382,1382,1382,1382,1382,0.000%,.72359,0.32,0.14
PUT /api/items/183,1,1280,1280,1280,1280,1280,1280,1280,0.000%,.78125,0.35,0.23
PUT /api/items/581,2,1546,1286,1807,1807,1807,1286,1807,0.000%,.02361,0.01,0.01
PUT /api/items/563,2,810,188,1432,1432,1432,188,1432,0.000%,.01447,0.01,0.00
GET /api/items/226,2,1657,1098,2216,2216,2216,1098,2216,0.000%,.02780,0.01,0.01
GET /api/items/935,4,1370,1014,1921,1921,1921,851,1921,0.000%,.03560,0.02,0.01
PUT /api/items/660,1,1345,1345,1345,1345,1345,1345,1345,0.000%,.74349,0.33,0.22
PUT /api/items/669,1,1294,1294,1294,1294,1294,1294,1294,0.000%,.77280,0.35,0.23
PUT /api/items/362,1,1475,1475,1475,1475,1475,1475,1475,0.000%,.67797,0.30,0.20
PUT /api/items/984,1,1650,1650,1650,1650,1650,1650,1650,0.000%,.60606,0.27,0.18
GET /api/items/983,2,1317,992,1642,1642,1642,992,1642,0.000%,.04388,0.02,0.01
GET /api/items/073,2,1084,862,1306,1306,1306,862,1306,0.000%,.02080,0.01,0.00
PUT /api/items/215,2,1738,1359,2117,2117,2117,1359,2117,0.000%,.10715,0.05,0.03
PUT /api/items/907,2,1140,825,1455,1455,1455,825,1455,0.000%,.01886,0.01,0.01
PUT /api/items/987,1,1336,1336,1336,1336,1336,1336,1336,0.000%,.74850,0.33,0.22
GET /api/items/245,2,1282,1097,1468,1468,1468,1097,1468,0.000%,.02819,0.01,0.01
GET /api/items/006,4,1564,1379,2022,2022,2022,1277,2022,0.000%,.04763,0.02,0.01
PUT /api/items/001,2,1403,1260,1546,1546,1546,1260,1546,0.000%,.37432,0.17,0.11
PUT /api/items/367,1,1755,1755,1755,1755,1755,1755,1755,0.000%,.56980,0.25,0.17
PUT /api/items/542,2,1170,992,1349,1349,1349,992,1349,0.000%,.03099,0.01,0.01
GET /api/items/256,4,1596,1032,2863,2863,2863,904,2863,0.000%,.04544,0.02,0.01
GET /api/items/605,3,1295,1349,1398,1398,1398,1140,1398,0.000%,.03538,0.02,0.01
PUT /api/items/069,1,1553,1553,1553,1553,1553,1553,1553,0.000%,.64392,0.29,0.19
PUT /api/items/287,3,1729,1782,1863,1863,1863,1544,1863,0.000%,.04432,0.02,0.01
GET /api/items/054,1,1408,1408,1408,1408,1408,1408,1408,0.000%,.71023,0.32,0.13
GET /api/items/839,3,1817,2121,2167,2167,2167,1165,2167,0.000%,.10840,0.05,0.02
PUT /api/items/151,1,1120,1120,1120,1120,1120,1120,1120,0.000%,.89286,0.40,0.26
PUT /api/items/750,2,1292,1000,1585,1585,1585,1000,1585,0.000%,.01792,0.01,0.01
GET /api/items/589,1,1204,1204,1204,1204,1204,1204,1204,0.000%,.83056,0.37,0.16
PUT /api/items/651,2,1545,1502,1588,1588,1588,1502,1588,0.000%,.78278,0.35,0.23
PUT /api/items/672,1,1774,1774,1774,1774,1774,1774,1774,0.000%,.56370,0.25,0.16
PUT /api/items/034,2,1281,1279,1283,1283,1283,1279,1283,0.000%,.02616,0.01,0.01
GET /api/items/607,2,1439,1339,1539,1539,1539,1339,1539,0.000%,.05096,0.02,0.01
GET /api/items/633,1,1751,1751,1751,1751,1751,1751,1751,0.000%,.57110,0.26,0.11
GET /api/items/598,2,1256,1005,1507,1507,1507,1005,1507,0.000%,.03587,0.02,0.01
GET /api/items/715,1,1707,1707,1707,1707,1707,1707,1707,0.000%,.58582,0.26,0.11
GET /api/items/343,4,1785,1440,2612,2612,2612,1311,2612,0.000%,.08009,0.04,0.02
GET /api/items/532,2,1324,1188,1460,1460,1460,1188,1460,0.000%,.02261,0.01,0.00
PUT /api/items/495,1,1783,1783,1783,1783,1783,1783,1783,0.000%,.56085,0.25,0.16
PUT /api/items/489,1,1534,1534,1534,1534,1534,1534,1534,0.000%,.65189,0.29,0.19
PUT /api/items/318,1,1456,1456,1456,1456,1456,1456,1456,0.000%,.68681,0.31,0.20
PUT /api/items/561,1,1511,1511,1511,1511,1511,1511,1511,0.000%,.66181,0.30,0.19
GET /api/items/225,3,1598,1505,1917,1917,1917,1372,1917,0.000%,.04397,0.02,0.01
PUT /api/items/982,1,1505,1505,1505,1505,1505,1505,1505,0.000%,.66445,0.30,0.19
GET /api/items/053,1,1521,1521,1521,1521,1521,1521,1521,0.000%,.65746,0.29,0.12
GET /api/items/440,1,1164,1164,1164,1164,1164,1164,1164,0.000%,.85911,0.38,0.16
PUT /api/items/425,3,1260,1230,1492,1492,1492,1059,1492,0.000%,.02546,0.01,0.01
GET /api/items/931,1,1241,1241,1241,1241,1241,1241,1241,0.000%,.80580,0.36,0.15
GET /api/items/386,2,971,429,1514,1514,1514,429,1514,0.000%,.01578,0.01,0.00
GET /api/items/131,1,1673,1673,1673,1673,1673,1673,1673,0.000%,.59773,0.27,0.11
PUT /api/items/544,3,1212,1320,1331,1331,1331,987,1331,0.000%,.03452,0.02,0.01
GET /api/items/800,3,1244,1263,1571,1571,1571,899,1571,0.000%,.02737,0.01,0.01
GET /api/items/596,2,1573,1548,1598,1598,1598,1548,1598,0.000%,.03234,0.01,0.01
PUT /api/items/172,1,1620,1620,1620,1620,1620,1620,1620,0.000%,.61728,0.28,0.18
PUT /api/items/072,1,1572,1572,1572,1572,1572,1572,1572,0.000%,.63613,0.28,0.19
GET /api/items/222,2,1583,1491,1675,1675,1675,1491,1675,0.000%,.12990,0.06,0.02
PUT /api/items/619,1,1180,1180,1180,1180,1180,1180,1180,0.000%,.84746,0.38,0.25
GET /api/items/663,2,1978,1671,2286,2286,2286,1671,2286,0.000%,.03725,0.02,0.01
GET /api/items/306,3,1547,1554,1840,1840,1840,1247,1840,0.000%,.04708,0.02,0.01
PUT /api/items/627,1,1361,1361,1361,1361,1361,1361,1361,0.000%,.73475,0.33,0.21
GET /api/items/852,3,1182,1328,1602,1602,1602,616,1602,0.000%,.02735,0.01,0.01
GET /api/items/115,3,1526,1595,1714,1714,1714,1271,1714,0.000%,.13381,0.06,0.03
GET /api/items/586,2,1255,1123,1388,1388,1388,1123,1388,0.000%,.34656,0.16,0.06
PUT /api/items/814,2,1251,1227,1276,1276,1276,1227,1276,0.000%,.02184,0.01,0.01
PUT /api/items/501,2,1178,703,1653,1653,1653,703,1653,0.000%,.01921,0.01,0.01
GET /api/items/180,1,1340,1340,1340,1340,1340,1340,1340,0.000%,.74627,0.33,0.14
GET /api/items/305,2,1748,1357,2140,2140,2140,1357,2140,0.000%,.06705,0.03,0.01
PUT /api/items/811,2,1664,1242,2087,2087,2087,1242,2087,0.000%,.11788,0.05,0.03
GET /api/items/981,3,1413,1279,1980,1980,1980,982,1980,0.000%,.02809,0.01,0.01
GET /api/items/964,2,1233,897,1569,1569,1569,897,1569,0.000%,.02216,0.01,0.00
GET /api/items/613,3,1116,1262,1849,1849,1849,237,1849,0.000%,.02301,0.01,0.00
GET /api/items/628,2,1229,1094,1364,1364,1364,1094,1364,0.000%,.02322,0.01,0.00
PUT /api/items/824,2,1183,660,1707,1707,1707,660,1707,0.000%,.01719,0.01,0.01
PUT /api/items/875,1,1538,1538,1538,1538,1538,1538,1538,0.000%,.65020,0.29,0.19
GET /api/items/116,1,1752,1752,1752,1752,1752,1752,1752,0.000%,.57078,0.26,0.11
PUT /api/items/564,2,1465,1437,1493,1493,1493,1437,1493,0.000%,.03418,0.02,0.01
GET /api/items/641,3,1620,1737,1770,1770,1770,1354,1770,0.000%,.04427,0.02,0.01
PUT /api/items/835,1,1605,1605,1605,1605,1605,1605,1605,0.000%,.62305,0.28,0.18
PUT /api/items/772,2,1561,1518,1604,1604,1604,1518,1604,0.000%,.05098,0.02,0.01
GET /api/items/445,5,1251,1233,1662,1860,1860,376,1860,0.000%,.03969,0.02,0.01
PUT /api/items/042,3,1389,1272,1630,1630,1630,1267,1630,0.000%,.03397,0.02,0.01
GET /api/items/243,4,1533,1216,2149,2149,2149,1171,2149,0.000%,.04048,0.02,0.01
GET /api/items/025,2,1477,1351,1603,1603,1603,1351,1603,0.000%,.05409,0.02,0.01
PUT /api/items/305,3,1311,1338,1370,1370,1370,1227,1370,0.000%,.03552,0.02,0.01
GET /api/items/371,2,1442,1442,1443,1443,1443,1442,1443,0.000%,.03179,0.01,0.01
GET /api/items/819,2,1877,1239,2515,2515,2515,1239,2515,0.000%,.06034,0.03,0.01
PUT /api/items/241,3,1160,949,1593,1593,1593,940,1593,0.000%,.04077,0.02,0.01
PUT /api/items/597,1,1240,1240,1240,1240,1240,1240,1240,0.000%,.80645,0.36,0.24
PUT /api/items/895,3,1186,1397,1638,1638,1638,523,1638,0.000%,.02485,0.01,0.01
PUT /api/items/688,5,1278,1401,1447,1536,1536,698,1536,0.000%,.05045,0.02,0.01
PUT /api/items/571,3,1295,1494,1565,1565,1565,826,1565,0.000%,.03099,0.01,0.01
PUT /api/items/492,1,1297,1297,1297,1297,1297,1297,1297,0.000%,.77101,0.34,0.23
GET /api/items/046,2,1548,1280,1816,1816,1816,1280,1816,0.000%,.02288,0.01,0.00
GET /api/items/458,4,1592,1595,1973,1973,1973,947,1973,0.000%,.04991,0.02,0.01
GET /api/items/757,1,1495,1495,1495,1495,1495,1495,1495,0.000%,.66890,0.30,0.13
GET /api/items/092,4,1188,1115,1902,1902,1902,184,1902,0.000%,.03100,0.01,0.01
PUT /api/items/228,1,1390,1390,1390,1390,1390,1390,1390,0.000%,.71942,0.32,0.21
GET /api/items/364,5,1410,1316,1508,1904,1904,1143,1904,0.000%,.04896,0.02,0.01
PUT /api/items/890,3,1147,1086,1453,1453,1453,904,1453,0.000%,.03061,0.01,0.01
GET /api/items/114,4,1471,1569,1709,1709,1709,899,1709,0.000%,.03878,0.02,0.01
GET /api/items/978,1,1459,1459,1459,1459,1459,1459,1459,0.000%,.68540,0.31,0.13
GET /api/items/683,2,891,321,1462,1462,1462,321,1462,0.000%,.01611,0.01,0.00
GET /api/items/435,1,1823,1823,1823,1823,1823,1823,1823,0.000%,.54855,0.25,0.10
GET /api/items/758,2,1067,255,1879,1879,1879,255,1879,0.000%,.01581,0.01,0.00
PUT /api/items/313,1,1272,1272,1272,1272,1272,1272,1272,0.000%,.78616,0.35,0.23
PUT /api/items/460,4,1997,1744,2395,2395,2395,1556,2395,0.000%,.05770,0.03,0.02
GET /api/items/033,1,1254,1254,1254,1254,1254,1254,1254,0.000%,.79745,0.36,0.15
GET /api/items/745,2,1885,1855,1916,1916,1916,1855,1916,0.000%,.42052,0.19,0.08
PUT /api/items/742,2,1680,1328,2032,2032,2032,1328,2032,0.000%,.03044,0.01,0.01
PUT /api/items/758,1,1722,1722,1722,1722,1722,1722,1722,0.000%,.58072,0.26,0.17
GET /api/items/957,3,1577,1590,1609,1609,1609,1534,1609,0.000%,.03583,0.02,0.01
GET /api/items/503,1,1580,1580,1580,1580,1580,1580,1580,0.000%,.63291,0.28,0.12
PUT /api/items/364,1,1965,1965,1965,1965,1965,1965,1965,0.000%,.50891,0.23,0.15
PUT /api/items/761,1,1467,1467,1467,1467,1467,1467,1467,0.000%,.68166,0.30,0.20
PUT /api/items/591,2,1592,1511,1673,1673,1673,1511,1673,0.000%,.19972,0.09,0.06
GET /api/items/822,1,1543,1543,1543,1543,1543,1543,1543,0.000%,.64809,0.29,0.12
GET /api/items/353,1,1770,1770,1770,1770,1770,1770,1770,0.000%,.56497,0.25,0.11
PUT /api/items/205,2,859,351,1367,1367,1367,351,1367,0.000%,.01647,0.01,0.00
GET /api/items/851,3,1645,1585,2078,2078,2078,1274,2078,0.000%,.13985,0.06,0.03
GET /api/items/177,3,1283,1516,1878,1878,1878,455,1878,0.000%,.02677,0.01,0.01
PUT /api/items/150,3,1517,1324,1950,1950,1950,1278,1950,0.000%,.04057,0.02,0.01
PUT /api/items/496,3,1577,1497,1843,1843,1843,1392,1843,0.000%,.08137,0.04,0.02
GET /api/items/911,3,1608,1352,2193,2193,2193,1280,2193,0.000%,.03398,0.02,0.01
GET /api/items/515,2,1117,838,1397,1397,1397,838,1397,0.000%,.01929,0.01,0.00
PUT /api/items/326,1,1314,1314,1314,1314,1314,1314,1314,0.000%,.76104,0.34,0.22
PUT /api/items/016,3,1547,1550,1751,1751,1751,1342,1751,0.000%,.03981,0.02,0.01
GET /api/items/172,2,1419,1347,1491,1491,1491,1347,1491,0.000%,.02284,0.01,0.00
PUT /api/items/842,3,1667,1700,1768,1768,1768,1534,1768,0.000%,.05795,0.03,0.02
PUT /api/items/467,1,1951,1951,1951,1951,1951,1951,1951,0.000%,.51256,0.23,0.15
PUT /api/items/565,1,1363,1363,1363,1363,1363,1363,1363,0.000%,.73368,0.33,0.21
PUT /api/items/493,1,1446,1446,1446,1446,1446,1446,1446,0.000%,.69156,0.31,0.20
PUT /api/items/733,1,1716,1716,1716,1716,1716,1716,1716,0.000%,.58275,0.26,0.17
PUT /api/items/830,2,1298,1139,1457,1457,1457,1139,1457,0.000%,.13512,0.06,0.04
PUT /api/items/640,1,1154,1154,1154,1154,1154,1154,1154,0.000%,.86655,0.39,0.25
GET /api/items/142,1,1912,1912,1912,1912,1912,1912,1912,0.000%,.52301,0.23,0.10
GET /api/items/626,2,1466,1389,1544,1544,1544,1389,1544,0.000%,.03035,0.01,0.01
GET /api/items/141,2,1141,675,1607,1607,1607,675,1607,0.000%,.02173,0.01,0.00
GET /api/items/181,2,1594,1497,1691,1691,1691,1497,1691,0.000%,.08122,0.04,0.02
GET /api/items/615,2,1133,982,1284,1284,1284,982,1284,0.000%,.02404,0.01,0.00
PUT /api/items/923,2,1459,1407,1511,1511,1511,1407,1511,0.000%,.08834,0.04,0.03
PUT /api/items/024,1,1208,1208,1208,1208,1208,1208,1208,0.000%,.82781,0.37,0.24
GET /api/items/594,2,1390,1388,1393,1393,1393,1388,1393,0.000%,.28645,0.13,0.05
GET /api/items/265,5,1369,1473,1575,1885,1885,597,1885,0.000%,.04735,0.02,0.01
GET /api/items/801,1,1731,1731,1731,1731,1731,1731,1731,0.000%,.57770,0.26,0.11
PUT /api/items/169,3,1501,1695,1702,1702,1702,1108,1702,0.000%,.03985,0.02,0.01
PUT /api/items/689,2,1623,1568,1678,1678,1678,1568,1678,0.000%,.03991,0.02,0.01
PUT /api/items/851,5,900,1023,1241,1593,1593,202,1593,0.000%,.04027,0.02,0.01
PUT /api/items/505,2,2009,1691,2327,2327,2327,1691,2327,0.000%,.10875,0.05,0.03
GET /api/items/381,2,1671,1432,1910,1910,1910,1432,1910,0.000%,.07192,0.03,0.01
GET /api/items/871,1,1956,1956,1956,1956,1956,1956,1956,0.000%,.51125,0.23,0.10
GET /api/items/755,1,2137,2137,2137,2137,2137,2137,2137,0.000%,.46795,0.21,0.09
PUT /api/items/969,2,1385,1104,1666,1666,1666,1104,1666,0.000%,.03157,0.01,0.01
GET /api/items/423,2,1669,1166,2172,2172,2172,1166,2172,0.000%,.02099,0.01,0.00
PUT /api/items/548,1,1612,1612,1612,1612,1612,1612,1612,0.000%,.62035,0.28,0.18
GET /api/items/823,5,1521,1531,1653,1957,1957,1075,1957,0.000%,.05265,0.02,0.01
GET /api/items/687,4,1425,1208,1778,1778,1778,1162,1778,0.000%,.03738,0.02,0.01
GET /api/items/218,2,1478,1374,1583,1583,1583,1374,1583,0.000%,.36036,0.16,0.07
PUT /api/items/382,2,1539,1264,1815,1815,1815,1264,1815,0.000%,.13732,0.06,0.04
GET /api/items/901,1,1422,1422,1422,1422,1422,1422,1422,0.000%,.70323,0.31,0.13
GET /api/items/565,3,1033,1133,1347,1347,1347,620,1347,0.000%,.02806,0.01,0.01
PUT /api/items/443,2,1846,1715,1978,1978,1978,1715,1978,0.000%,.02273,0.01,0.01
PUT /api/items/094,2,1518,1042,1994,1994,1994,1042,1994,0.000%,.01950,0.01,0.01
GET /api/items/287,1,1785,1785,1785,1785,1785,1785,1785,0.000%,.56022,0.25,0.11
PUT /api/items/912,3,2194,2044,2695,2695,2695,1843,2695,0.000%,.03805,0.02,0.01
PUT /api/items/694,1,1897,1897,1897,1897,1897,1897,1897,0.000%,.52715,0.24,0.15
PUT /api/items/386,1,1995,1995,1995,1995,1995,1995,1995,0.000%,.50125,0.22,0.15
GET /api/items/505,1,3663,3663,3663,3663,3663,3663,3663,0.000%,.27300,0.12,0.05
PUT /api/items/622,3,1545,1773,1862,1862,1862,1002,1862,0.000%,.03525,0.02,0.01
GET /api/items/201,2,1724,1658,1790,1790,1790,1658,1790,0.000%,.07217,0.03,0.01
PUT /api/items/810,4,1684,1623,2003,2003,2003,1199,2003,0.000%,.09276,0.04,0.03
GET /api/items/127,4,1246,1120,1756,1756,1756,838,1756,0.000%,.03732,0.02,0.01
GET /api/items/853,3,1625,1340,2406,2406,2406,1131,2406,0.000%,.07166,0.03,0.01
PUT /api/items/181,1,1423,1423,1423,1423,1423,1423,1423,0.000%,.70274,0.31,0.21
GET /api/items/867,1,1562,1562,1562,1562,1562,1562,1562,0.000%,.64020,0.29,0.12
PUT /api/items/359,1,1343,1343,1343,1343,1343,1343,1343,0.000%,.74460,0.33,0.22
GET /api/items/202,1,1696,1696,1696,1696,1696,1696,1696,0.000%,.58962,0.26,0.11
GET /api/items/637,3,1529,1542,1929,1929,1929,1116,1929,0.000%,.03515,0.02,0.01
PUT /api/items/353,3,986,842,1633,1633,1633,485,1633,0.000%,.02992,0.01,0.01
GET /api/items/803,2,1273,911,1635,1635,1635,911,1635,0.000%,.02170,0.01,0.00
PUT /api/items/465,1,1407,1407,1407,1407,1407,1407,1407,0.000%,.71073,0.32,0.21
PUT /api/items/077,1,1404,1404,1404,1404,1404,1404,1404,0.000%,.71225,0.32,0.21
GET /api/items/040,2,1501,1486,1517,1517,1517,1486,1517,0.000%,.02350,0.01,0.00
PUT /api/items/642,4,1753,1935,2315,2315,2315,497,2315,0.000%,.03719,0.02,0.01
PUT /api/items/250,3,1638,1542,2144,2144,2144,1230,2144,0.000%,.06097,0.03,0.02
PUT /api/items/582,3,1116,1211,1634,1634,1634,505,1634,0.000%,.02668,0.01,0.01
GET /api/items/879,2,1435,1148,1722,1722,1722,1148,1722,0.000%,.02569,0.01,0.00
GET /api/items/538,2,1137,924,1351,1351,1351,924,1351,0.000%,.02545,0.01,0.00
PUT /api/items/085,1,1145,1145,1145,1145,1145,1145,1145,0.000%,.87336,0.39,0.26
PUT /api/items/797,2,1985,1738,2233,2233,2233,1738,2233,0.000%,.07405,0.03,0.02
PUT /api/items/112,1,1628,1628,1628,1628,1628,1628,1628,0.000%,.61425,0.27,0.18
GET /api/items/135,1,1923,1923,1923,1923,1923,1923,1923,0.000%,.52002,0.23,0.10
GET /api/items/495,3,1474,1524,1728,1728,1728,1172,1728,0.000%,.05024,0.02,0.01
PUT /api/items/963,2,1505,1444,1566,1566,1566,1444,1566,0.000%,.04817,0.02,0.01
GET /api/items/446,2,1671,1594,1749,1749,1749,1594,1749,0.000%,.03767,0.02,0.01
GET /api/items/476,3,1382,1799,1861,1861,1861,488,1861,0.000%,.03491,0.02,0.01
PUT /api/items/439,2,1357,756,1959,1959,1959,756,1959,0.000%,.02513,0.01,0.01
GET /api/items/290,1,1571,1571,1571,1571,1571,1571,1571,0.000%,.63654,0.28,0.12
PUT /api/items/299,2,1393,707,2079,2079,2079,707,2079,0.000%,.02309,0.01,0.01
GET /api/items/631,2,1485,1352,1619,1619,1619,1352,1619,0.000%,.03451,0.02,0.01
GET /api/items/590,2,1349,1275,1424,1424,1424,1275,1424,0.000%,.07446,0.03,0.01
GET /api/items/953,3,1527,1400,1859,1859,1859,1324,1859,0.000%,.04501,0.02,0.01
PUT /api/items/514,1,1814,1814,1814,1814,1814,1814,1814,0.000%,.55127,0.25,0.16
GET /api/items/974,1,2247,2247,2247,2247,2247,2247,2247,0.000%,.44504,0.20,0.08
PUT /api/items/125,1,1827,1827,1827,1827,1827,1827,1827,0.000%,.54735,0.24,0.16
PUT /api/items/336,2,1798,1633,1963,1963,1963,1633,1963,0.000%,.04431,0.02,0.01
PUT /api/items/512,1,1468,1468,1468,1468,1468,1468,1468,0.000%,.68120,0.30,0.20
GET /api/items/462,2,1514,1305,1724,1724,1724,1305,1724,0.000%,.10020,0.04,0.02
PUT /api/items/638,1,1881,1881,1881,1881,1881,1881,1881,0.000%,.53163,0.24,0.16
PUT /api/items/030,2,1461,1359,1563,1563,1563,1359,1563,0.000%,.52370,0.23,0.15
PUT /api/items/521,3,1663,1657,1700,1700,1700,1632,1700,0.000%,.11011,0.05,0.03
PUT /api/items/553,3,1416,1287,2006,2006,2006,957,2006,0.000%,.03907,0.02,0.01
GET /api/items/125,3,1653,1761,1764,1764,1764,1435,1764,0.000%,.05525,0.02,0.01
GET /api/items/639,1,1397,1397,1397,1397,1397,1397,1397,0.000%,.71582,0.32,0.13
GET /api/items/338,1,2069,2069,2069,2069,2069,2069,2069,0.000%,.48333,0.22,0.09
GET /api/items/385,3,791,620,1399,1399,1399,354,1399,0.000%,.03064,0.01,0.01
GET /api/items/471,1,2310,2310,2310,2310,2310,2310,2310,0.000%,.43290,0.19,0.08
GET /api/items/390,3,1434,1236,2259,2259,2259,807,2259,0.000%,.03168,0.01,0.01
PUT /api/items/613,2,1398,625,2172,2172,2172,625,2172,0.000%,.02170,0.01,0.01
PUT /api/items/292,1,1653,1653,1653,1653,1653,1653,1653,0.000%,.60496,0.27,0.18
GET /api/items/252,2,1907,1810,2005,2005,2005,1810,2005,0.000%,.51760,0.23,0.10
GET /api/items/337,2,1834,1813,1855,1855,1855,1813,1855,0.000%,.12466,0.06,0.02
PUT /api/items/157,4,1456,1329,1675,1675,1675,1210,1675,0.000%,.06709,0.03,0.02
PUT /api/items/600,1,1588,1588,1588,1588,1588,1588,1588,0.000%,.62972,0.28,0.18
GET /api/items/215,3,1565,1556,1779,1779,1779,1362,1779,0.000%,.05268,0.02,0.01
GET /api/items/787,3,1168,1328,1583,1583,1583,595,1583,0.000%,.02984,0.01,0.01
PUT /api/items/106,2,1614,1364,1864,1864,1864,1364,1864,0.000%,.12012,0.05,0.04
GET /api/items/124,1,1689,1689,1689,1689,1689,1689,1689,0.000%,.59207,0.26,0.11
PUT /api/items/113,2,1791,1712,1871,1871,1871,1712,1871,0.000%,.04553,0.02,0.01
PUT /api/items/537,1,1464,1464,1464,1464,1464,1464,1464,0.000%,.68306,0.31,0.20
PUT /api/items/480,1,1633,1633,1633,1633,1633,1633,1633,0.000%,.61237,0.27,0.18
PUT /api/items/111,2,1837,1524,2151,2151,2151,1524,2151,0.000%,.05607,0.03,0.02
GET /api/items/263,1,1341,1341,1341,1341,1341,1341,1341,0.000%,.74571,0.33,0.14
GET /api/items/110,2,1531,1380,1682,1682,1682,1380,1682,0.000%,.03421,0.02,0.01
PUT /api/items/143,1,1820,1820,1820,1820,1820,1820,1820,0.000%,.54945,0.25,0.16
GET /api/items/900,1,1342,1342,1342,1342,1342,1342,1342,0.000%,.74516,0.33,0.14
PUT /api/items/344,1,1328,1328,1328,1328,1328,1328,1328,0.000%,.75301,0.34,0.22
GET /api/items/685,2,1651,1440,1862,1862,1862,1440,1862,0.000%,.04565,0.02,0.01
GET /api/items/345,4,1541,1314,1894,1894,1894,1310,1894,0.000%,.05503,0.02,0.01
PUT /api/items/365,2,1470,909,2031,2031,2031,909,2031,0.000%,.02526,0.01,0.01
PUT /api/items/127,1,1673,1673,1673,1673,1673,1673,1673,0.000%,.59773,0.27,0.17
PUT /api/items/755,1,1475,1475,1475,1475,1475,1475,1475,0.000%,.67797,0.30,0.20
GET /api/items/174,2,1564,1378,1750,1750,1750,1378,1750,0.000%,.05383,0.02,0.01
PUT /api/items/996,2,1111,931,1291,1291,1291,931,1291,0.000%,.02956,0.01,0.01
PUT /api/items/524,1,1397,1397,1397,1397,1397,1397,1397,0.000%,.71582,0.32,0.21
PUT /api/items/777,1,1555,1555,1555,1555,1555,1555,1555,0.000%,.64309,0.29,0.19
GET /api/items/721,6,1258,1321,1503,1928,1928,354,1928,0.000%,.06267,0.03,0.01
PUT /api/items/527,1,1371,1371,1371,1371,1371,1371,1371,0.000%,.72939,0.33,0.21
GET /api/items/1000,7,1463,1382,1741,2087,2087,991,2087,0.000%,.10481,0.05,0.02
GET /api/items/553,1,1943,1943,1943,1943,1943,1943,1943,0.000%,.51467,0.23,0.10
GET /api/items/952,2,1730,1262,2198,2198,2198,1262,2198,0.000%,.02742,0.01,0.01
PUT /api/items/865,1,1812,1812,1812,1812,1812,1812,1812,0.000%,.55188,0.25,0.16
GET /api/items/930,3,978,745,1918,1918,1918,272,1918,0.000%,.02812,0.01,0.01
GET /api/items/093,2,1624,1591,1657,1657,1657,1591,1657,0.000%,.08475,0.04,0.02
GET /api/items/045,1,1459,1459,1459,1459,1459,1459,1459,0.000%,.68540,0.31,0.13
PUT /api/items/555,3,1531,1684,1760,1760,1760,1151,1760,0.000%,.03659,0.02,0.01
GET /api/items/568,1,1985,1985,1985,1985,1985,1985,1985,0.000%,.50378,0.23,0.09
GET /api/items/883,3,1433,1411,2134,2134,2134,756,2134,0.000%,.03426,0.02,0.01
GET /api/items/346,2,1537,1428,1647,1647,1647,1428,1647,0.000%,.09168,0.04,0.02
GET /api/items/645,3,1721,1423,2656,2656,2656,1086,2656,0.000%,.05178,0.02,0.01
PUT /api/items/552,1,1641,1641,1641,1641,1641,1641,1641,0.000%,.60938,0.27,0.18
PUT /api/items/774,3,1671,1746,2149,2149,2149,1119,2149,0.000%,.04503,0.02,0.01
PUT /api/items/656,1,1849,1849,1849,1849,1849,1849,1849,0.000%,.54083,0.24,0.16
GET /api/items/248,1,2030,2030,2030,2030,2030,2030,2030,0.000%,.49261,0.22,0.09
PUT /api/items/276,3,1255,1148,1583,1583,1583,1034,1583,0.000%,.04309,0.02,0.01
GET /api/items/185,2,1803,1695,1912,1912,1912,1695,1912,0.000%,.03318,0.01,0.01
PUT /api/items/741,2,1271,943,1599,1599,1599,943,1599,0.000%,.02677,0.01,0.01
GET /api/items/743,2,942,425,1460,1460,1460,425,1460,0.000%,.02010,0.01,0.00
GET /api/items/013,2,1695,1437,1954,1954,1954,1437,1954,0.000%,.10130,0.05,0.02
GET /api/items/402,2,1470,1283,1658,1658,1658,1283,1658,0.000%,.12538,0.06,0.02
GET /api/items/407,3,1253,1622,1675,1675,1675,462,1675,0.000%,.03338,0.01,0.01
GET /api/items/674,2,1656,1473,1839,1839,1839,1473,1839,0.000%,.09546,0.04,0.02
GET /api/items/498,1,1423,1423,1423,1423,1423,1423,1423,0.000%,.70274,0.31,0.13
PUT /api/items/595,2,1472,1208,1736,1736,1736,1208,1736,0.000%,.03342,0.01,0.01
GET /api/items/475,3,1334,1312,1869,1869,1869,821,1869,0.000%,.04178,0.02,0.01
GET /api/items/919,4,1111,970,1699,1699,1699,789,1699,0.000%,.04392,0.02,0.01
GET /api/items/106,2,953,513,1393,1393,1393,513,1393,0.000%,.02392,0.01,0.00
PUT /api/items/823,2,1718,1247,2189,2189,2189,1247,2189,0.000%,.05878,0.03,0.02
PUT /api/items/633,3,1668,1639,2247,2247,2247,1119,2247,0.000%,.05046,0.02,0.01
GET /api/items/468,1,1254,1254,1254,1254,1254,1254,1254,0.000%,.79745,0.36,0.15
PUT /api/items/200,1,1243,1243,1243,1243,1243,1243,1243,0.000%,.80451,0.36,0.23
GET /api/items/762,2,1221,1215,1227,1227,1227,1215,1227,0.000%,.03204,0.01,0.01
PUT /api/items/697,2,1050,869,1232,1232,1232,869,1232,0.000%,.04084,0.02,0.01
PUT /api/items/115,3,1596,1462,2046,2046,2046,1281,2046,0.000%,.40231,0.18,0.12
PUT /api/items/863,1,1609,1609,1609,1609,1609,1609,1609,0.000%,.62150,0.28,0.18
GET /api/items/858,2,1323,1269,1377,1377,1377,1269,1377,0.000%,.03407,0.02,0.01
PUT /api/items/376,3,1190,1219,1491,1491,1491,862,1491,0.000%,.03551,0.02,0.01
GET /api/items/457,2,1801,1744,1859,1859,1859,1744,1859,0.000%,.08986,0.04,0.02
PUT /api/items/977,2,1593,1417,1770,1770,1770,1417,1770,0.000%,.09160,0.04,0.03
PUT /api/items/109,3,1779,1710,2081,2081,2081,1547,2081,0.000%,.18318,0.08,0.05
PUT /api/items/341,1,1543,1543,1543,1543,1543,1543,1543,0.000%,.64809,0.29,0.19
GET /api/items/621,3,1253,1110,1961,1961,1961,689,1961,0.000%,.03792,0.02,0.01
GET /api/items/797,2,1890,1611,2170,2170,2170,1611,2170,0.000%,.07529,0.03,0.01
GET /api/items/872,2,1651,1341,1962,1962,1962,1341,1962,0.000%,.13589,0.06,0.03
PUT /api/items/906,1,1720,1720,1720,1720,1720,1720,1720,0.000%,.58140,0.26,0.17
GET /api/items/179,3,1202,1439,1793,1793,1793,375,1793,0.000%,.03156,0.01,0.01
PUT /api/items/242,2,1735,1339,2132,2132,2132,1339,2132,0.000%,.05822,0.03,0.02
GET /api/items/661,3,973,1104,1596,1596,1596,221,1596,0.000%,.02964,0.01,0.01
GET /api/items/937,1,2058,2058,2058,2058,2058,2058,2058,0.000%,.48591,0.22,0.09
GET /api/items/044,1,1407,1407,1407,1407,1407,1407,1407,0.000%,.71073,0.32,0.13
PUT /api/items/949,2,1505,1504,1507,1507,1507,1504,1507,0.000%,.09222,0.04,0.03
PUT /api/items/793,1,1595,1595,1595,1595,1595,1595,1595,0.000%,.62696,0.28,0.18
PUT /api/items/166,2,1755,1433,2077,2077,2077,1433,2077,0.000%,.09847,0.04,0.03
PUT /api/items/038,3,1211,1381,1654,1654,1654,600,1654,0.000%,.03704,0.02,0.01
GET /api/items/995,2,1569,1339,1799,1799,1799,1339,1799,0.000%,.03543,0.02,0.01
PUT /api/items/245,3,1523,1939,2341,2341,2341,291,2341,0.000%,.03032,0.01,0.01
GET /api/items/189,2,1742,1716,1769,1769,1769,1716,1769,0.000%,.06290,0.03,0.01
GET /api/items/352,1,1623,1623,1623,1623,1623,1623,1623,0.000%,.61614,0.28,0.12
GET /api/items/789,1,2081,2081,2081,2081,2081,2081,2081,0.000%,.48054,0.21,0.09
GET /api/items/815,1,1644,1644,1644,1644,1644,1644,1644,0.000%,.60827,0.27,0.11
PUT /api/items/864,1,1713,1713,1713,1713,1713,1713,1713,0.000%,.58377,0.26,0.17
PUT /api/items/522,1,1503,1503,1503,1503,1503,1503,1503,0.000%,.66534,0.30,0.19
PUT /api/items/259,2,1710,1709,1711,1711,1711,1709,1711,0.000%,.07133,0.03,0.02
GET /api/items/862,3,1616,1572,1855,1855,1855,1422,1855,0.000%,.09544,0.04,0.02
PUT /api/items/324,2,1954,1899,2010,2010,2010,1899,2010,0.000%,.09042,0.04,0.03
GET /api/items/653,3,1508,1497,1953,1953,1953,1076,1953,0.000%,.05818,0.03,0.01
GET /api/items/716,3,1264,1435,1788,1788,1788,569,1788,0.000%,.03293,0.01,0.01
PUT /api/items/554,2,1322,1097,1548,1548,1548,1097,1548,0.000%,.03387,0.02,0.01
PUT /api/items/044,1,1411,1411,1411,1411,1411,1411,1411,0.000%,.70872,0.32,0.21
PUT /api/items/312,1,1821,1821,1821,1821,1821,1821,1821,0.000%,.54915,0.25,0.16
GET /api/items/798,5,1429,1651,1779,1803,1803,412,1803,0.000%,.06418,0.03,0.01
GET /api/items/192,3,1925,2161,2161,2161,2161,1453,2161,0.000%,.19491,0.09,0.04
GET /api/items/237,1,1624,1624,1624,1624,1624,1624,1624,0.000%,.61576,0.28,0.12
GET /api/items/260,1,1669,1669,1669,1669,1669,1669,1669,0.000%,.59916,0.27,0.11
GET /api/items/492,3,1396,1326,2307,2307,2307,555,2307,0.000%,.03676,0.02,0.01
GET /api/items/893,1,1561,1561,1561,1561,1561,1561,1561,0.000%,.64061,0.29,0.12
GET /api/items/915,1,2101,2101,2101,2101,2101,2101,2101,0.000%,.47596,0.21,0.09
PUT /api/items/705,1,2029,2029,2029,2029,2029,2029,2029,0.000%,.49285,0.22,0.14
PUT /api/items/422,2,1776,1222,2331,2331,2331,1222,2331,0.000%,.03505,0.02,0.01
GET /api/items/383,1,1476,1476,1476,1476,1476,1476,1476,0.000%,.67751,0.30,0.13
PUT /api/items/073,1,1642,1642,1642,1642,1642,1642,1642,0.000%,.60901,0.27,0.18
GET /api/items/840,5,1181,1237,1830,1989,1989,202,1989,0.000%,.05181,0.02,0.01
GET /api/items/008,1,1654,1654,1654,1654,1654,1654,1654,0.000%,.60459,0.27,0.11
GET /api/items/009,2,1672,1464,1880,1880,1880,1464,1880,0.000%,.39223,0.17,0.07
PUT /api/items/960,2,1148,304,1992,1992,1992,304,1992,0.000%,.02381,0.01,0.01
GET /api/items/358,1,1423,1423,1423,1423,1423,1423,1423,0.000%,.70274,0.31,0.13
PUT /api/items/262,1,1764,1764,1764,1764,1764,1764,1764,0.000%,.56689,0.25,0.17
PUT /api/items/372,2,1473,1373,1573,1573,1573,1373,1573,0.000%,.24885,0.11,0.07
GET /api/items/209,2,1509,1297,1722,1722,1722,1297,1722,0.000%,.02795,0.01,0.01
GET /api/items/261,1,1513,1513,1513,1513,1513,1513,1513,0.000%,.66094,0.30,0.12
PUT /api/items/799,2,1726,1554,1899,1899,1899,1554,1899,0.000%,.06452,0.03,0.02
PUT /api/items/891,2,1599,1573,1626,1626,1626,1573,1626,0.000%,.25484,0.11,0.07
GET /api/items/169,2,1236,794,1678,1678,1678,794,1678,0.000%,.03274,0.01,0.01
PUT /api/items/840,1,2308,2308,2308,2308,2308,2308,2308,0.000%,.43328,0.19,0.13
GET /api/items/264,2,1512,1476,1549,1549,1549,1476,1549,0.000%,.22264,0.10,0.04
GET /api/items/332,2,1570,1357,1784,1784,1784,1357,1784,0.000%,.12641,0.06,0.02
GET /api/items/496,2,1619,1379,1860,1860,1860,1379,1860,0.000%,.18065,0.08,0.03
GET /api/items/764,2,1656,1649,1664,1664,1664,1649,1664,0.000%,.31319,0.14,0.06
GET /api/items/108,2,1628,1607,1649,1649,1649,1607,1649,0.000%,.07333,0.03,0.01
PUT /api/items/278,2,1314,1233,1395,1395,1395,1233,1395,0.000%,.24239,0.11,0.07
GET /api/items/253,2,1180,805,1555,1555,1555,805,1555,0.000%,.02597,0.01,0.00
GET /api/items/370,1,1667,1667,1667,1667,1667,1667,1667,0.000%,.59988,0.27,0.11
GET /api/items/050,1,1923,1923,1923,1923,1923,1923,1923,0.000%,.52002,0.23,0.10
GET /api/items/794,1,2064,2064,2064,2064,2064,2064,2064,0.000%,.48450,0.22,0.09
PUT /api/items/626,1,1776,1776,1776,1776,1776,1776,1776,0.000%,.56306,0.25,0.16
GET /api/items/152,1,1712,1712,1712,1712,1712,1712,1712,0.000%,.58411,0.26,0.11
PUT /api/items/086,1,1588,1588,1588,1588,1588,1588,1588,0.000%,.62972,0.28,0.18
PUT /api/items/246,1,1207,1207,1207,1207,1207,1207,1207,0.000%,.82850,0.37,0.24
GET /api/items/484,1,1613,1613,1613,1613,1613,1613,1613,0.000%,.61996,0.28,0.12
GET /api/items/688,1,1780,1780,1780,1780,1780,1780,1780,0.000%,.56180,0.25,0.11
GET /api/items/878,2,1349,1092,1607,1607,1607,1092,1607,0.000%,.05214,0.02,0.01
PUT /api/items/311,1,1604,1604,1604,1604,1604,1604,1604,0.000%,.62344,0.28,0.18
PUT /api/items/701,3,1451,1484,1600,1600,1600,1271,1600,0.000%,.06221,0.03,0.02
PUT /api/items/791,1,1525,1525,1525,1525,1525,1525,1525,0.000%,.65574,0.29,0.19
PUT /api/items/932,1,1499,1499,1499,1499,1499,1499,1499,0.000%,.66711,0.30,0.19
PUT /api/items/880,1,1705,1705,1705,1705,1705,1705,1705,0.000%,.58651,0.26,0.17
PUT /api/items/334,1,1684,1684,1684,1684,1684,1684,1684,0.000%,.59382,0.27,0.17
GET /api/items/083,2,917,525,1309,1309,1309,525,1309,0.000%,.02838,0.01,0.01
PUT /api/items/603,2,952,282,1622,1622,1622,282,1622,0.000%,.02297,0.01,0.01
GET /api/items/429,2,1223,1138,1308,1308,1308,1138,1308,0.000%,.04349,0.02,0.01
PUT /api/items/247,1,2064,2064,2064,2064,2064,2064,2064,0.000%,.48450,0.22,0.14
GET /api/items/751,1,1497,1497,1497,1497,1497,1497,1497,0.000%,.66800,0.30,0.13
GET /api/items/405,1,1851,1851,1851,1851,1851,1851,1851,0.000%,.54025,0.24,0.10
PUT /api/items/103,3,1817,1502,2690,2690,2690,1261,2690,0.000%,.04771,0.02,0.01
PUT /api/items/590,1,1679,1679,1679,1679,1679,1679,1679,0.000%,.59559,0.27,0.17
PUT /api/items/970,2,1261,774,1748,1748,1748,774,1748,0.000%,.02742,0.01,0.01
GET /api/items/029,3,1341,1494,1498,1498,1498,1032,1498,0.000%,.06857,0.03,0.01
PUT /api/items/152,1,1482,1482,1482,1482,1482,1482,1482,0.000%,.67476,0.30,0.20
GET /api/items/702,2,1453,1309,1598,1598,1598,1309,1598,0.000%,.04479,0.02,0.01
PUT /api/items/507,3,1132,1411,1690,1690,1690,295,1690,0.000%,.03522,0.02,0.01
PUT /api/items/934,2,1164,960,1369,1369,1369,960,1369,0.000%,.07467,0.03,0.02
GET /api/items/855,1,1849,1849,1849,1849,1849,1849,1849,0.000%,.54083,0.24,0.10
GET /api/items/699,1,1566,1566,1566,1566,1566,1566,1566,0.000%,.63857,0.29,0.12
PUT /api/items/459,2,1541,1230,1853,1853,1853,1230,1853,0.000%,.31481,0.14,0.09
PUT /api/items/779,3,1079,1166,1777,1777,1777,294,1777,0.000%,.03556,0.02,0.01
PUT /api/items/920,2,1739,1474,2005,2005,2005,1474,2005,0.000%,.05379,0.02,0.02
PUT /api/items/466,3,1197,1383,1761,1761,1761,449,1761,0.000%,.03849,0.02,0.01
GET /api/items/961,2,1858,1570,2147,2147,2147,1570,2147,0.000%,.42150,0.19,0.08
PUT /api/items/509,1,1399,1399,1399,1399,1399,1399,1399,0.000%,.71480,0.32,0.21
GET /api/items/055,1,1457,1457,1457,1457,1457,1457,1457,0.000%,.68634,0.31,0.13
PUT /api/items/928,1,1452,1452,1452,1452,1452,1452,1452,0.000%,.68871,0.31,0.20
PUT /api/items/532,1,1963,1963,1963,1963,1963,1963,1963,0.000%,.50942,0.23,0.15
PUT /api/items/171,1,1543,1543,1543,1543,1543,1543,1543,0.000%,.64809,0.29,0.19
GET /api/items/493,3,1151,1221,1386,1386,1386,847,1386,0.000%,.06303,0.03,0.01
GET /api/items/197,2,1275,333,2217,2217,2217,333,2217,0.000%,.02460,0.01,0.00
GET /api/items/175,2,1557,1111,2004,2004,2004,1111,2004,0.000%,.05636,0.03,0.01
GET /api/items/859,2,1498,1235,1761,1761,1761,1235,1761,0.000%,.05740,0.03,0.01
PUT /api/items/596,1,1638,1638,1638,1638,1638,1638,1638,0.000%,.61050,0.27,0.18
PUT /api/items/736,1,1671,1671,1671,1671,1671,1671,1671,0.000%,.59844,0.27,0.17
PUT /api/items/879,2,1177,765,1590,1590,1590,765,1590,0.000%,.04728,0.02,0.01
GET /api/items/326,2,1691,1651,1732,1732,1732,1651,1732,0.000%,.09736,0.04,0.02
GET /api/items/778,2,1773,1572,1974,1974,1974,1572,1974,0.000%,.18965,0.08,0.04
PUT /api/items/625,1,1897,1897,1897,1897,1897,1897,1897,0.000%,.52715,0.24,0.15
PUT /api/items/798,2,1643,1569,1717,1717,1717,1569,1717,0.000%,.03639,0.02,0.01
PUT /api/items/211,2,1003,396,1610,1610,1610,396,1610,0.000%,.02684,0.01,0.01
PUT /api/items/485,2,1197,604,1790,1790,1790,604,1790,0.000%,.03182,0.01,0.01
GET /api/items/703,1,1330,1330,1330,1330,1330,1330,1330,0.000%,.75188,0.34,0.14
PUT /api/items/351,2,2110,1953,2267,2267,2267,1953,2267,0.000%,.05522,0.02,0.02
GET /api/items/153,2,1830,1796,1865,1865,1865,1796,1865,0.000%,.07236,0.03,0.01
GET /api/items/113,3,1057,1209,1456,1456,1456,508,1456,0.000%,.04037,0.02,0.01
PUT /api/items/117,1,1577,1577,1577,1577,1577,1577,1577,0.000%,.63412,0.28,0.19
PUT /api/items/589,1,1665,1665,1665,1665,1665,1665,1665,0.000%,.60060,0.27,0.18
PUT /api/items/033,1,1678,1678,1678,1678,1678,1678,1678,0.000%,.59595,0.27,0.17
GET /api/items/753,3,1414,1301,1853,1853,1853,1089,1853,0.000%,.41505,0.19,0.08
PUT /api/items/325,1,1275,1275,1275,1275,1275,1275,1275,0.000%,.78431,0.35,0.23
PUT /api/items/848,1,1255,1255,1255,1255,1255,1255,1255,0.000%,.79681,0.36,0.23
GET /api/items/319,1,1925,1925,1925,1925,1925,1925,1925,0.000%,.51948,0.23,0.10
GET /api/items/220,1,1744,1744,1744,1744,1744,1744,1744,0.000%,.57339,0.26,0.11
GET /api/items/117,3,1010,1023,1283,1283,1283,726,1283,0.000%,.04622,0.02,0.01
GET /api/items/747,1,1914,1914,1914,1914,1914,1914,1914,0.000%,.52247,0.23,0.10
PUT /api/items/883,2,1168,918,1418,1418,1418,918,1418,0.000%,.09764,0.04,0.03
PUT /api/items/612,2,1257,1042,1472,1472,1472,1042,1472,0.000%,.04834,0.02,0.01
PUT /api/items/097,2,904,374,1434,1434,1434,374,1434,0.000%,.02664,0.01,0.01
GET /api/items/539,2,1283,1202,1364,1364,1364,1202,1364,0.000%,.53220,0.24,0.10
GET /api/items/214,1,1330,1330,1330,1330,1330,1330,1330,0.000%,.75188,0.34,0.14
GET /api/items/300,2,973,462,1485,1485,1485,462,1485,0.000%,.02901,0.01,0.01
GET /api/items/158,1,1486,1486,1486,1486,1486,1486,1486,0.000%,.67295,0.30,0.13
PUT /api/items/610,1,2086,2086,2086,2086,2086,2086,2086,0.000%,.47939,0.21,0.14
PUT /api/items/144,1,2651,2651,2651,2651,2651,2651,2651,0.000%,.37722,0.17,0.11
PUT /api/items/214,4,1241,964,1944,1944,1944,886,1944,0.000%,.05785,0.03,0.02
PUT /api/items/784,2,1021,715,1327,1327,1327,715,1327,0.000%,.03356,0.02,0.01
PUT /api/items/135,1,2036,2036,2036,2036,2036,2036,2036,0.000%,.49116,0.22,0.14
GET /api/items/156,1,1354,1354,1354,1354,1354,1354,1354,0.000%,.73855,0.33,0.14
GET /api/items/149,3,1425,1318,1805,1805,1805,1152,1805,0.000%,.05143,0.02,0.01
PUT /api/items/195,2,739,484,995,995,995,484,995,0.000%,.02779,0.01,0.01
GET /api/items/971,2,982,505,1460,1460,1460,505,1460,0.000%,.03031,0.01,0.01
PUT /api/items/921,1,1195,1195,1195,1195,1195,1195,1195,0.000%,.83682,0.37,0.24
PUT /api/items/813,2,1364,1044,1684,1684,1684,1044,1684,0.000%,.04153,0.02,0.01
GET /api/items/581,1,1631,1631,1631,1631,1631,1631,1631,0.000%,.61312,0.27,0.11
GET /api/items/275,2,1158,473,1844,1844,1844,473,1844,0.000%,.03151,0.01,0.01
PUT /api/items/055,2,1331,1140,1523,1523,1523,1140,1523,0.000%,.05219,0.02,0.02
GET /api/items/395,2,1466,1354,1579,1579,1579,1354,1579,0.000%,.06663,0.03,0.01
PUT /api/items/902,1,1733,1733,1733,1733,1733,1733,1733,0.000%,.57703,0.26,0.17
PUT /api/items/792,2,1709,1268,2150,2150,2150,1268,2150,0.000%,.04361,0.02,0.01
PUT /api/items/182,1,2792,2792,2792,2792,2792,2792,2792,0.000%,.35817,0.16,0.10
PUT /api/items/104,1,1524,1524,1524,1524,1524,1524,1524,0.000%,.65617,0.29,0.19
PUT /api/items/855,2,1598,1319,1878,1878,1878,1319,1878,0.000%,.06131,0.03,0.02
GET /api/items/670,1,1774,1774,1774,1774,1774,1774,1774,0.000%,.56370,0.25,0.11
PUT /api/items/444,5,734,538,1131,1300,1300,326,1300,0.000%,.06840,0.03,0.02
PUT /api/items/727,1,1629,1629,1629,1629,1629,1629,1629,0.000%,.61387,0.27,0.18
GET /api/items/236,3,964,968,1558,1558,1558,367,1558,0.000%,.04230,0.02,0.01
GET /api/items/968,2,1481,1281,1681,1681,1681,1281,1681,0.000%,.63755,0.29,0.12
PUT /api/items/408,2,1664,1231,2097,2097,2097,1231,2097,0.000%,.15555,0.07,0.05
GET /api/items/167,3,949,1275,1299,1299,1299,275,1299,0.000%,.04109,0.02,0.01
GET /api/items/524,2,1356,1128,1585,1585,1585,1128,1585,0.000%,.52329,0.23,0.10
GET /api/items/623,1,1370,1370,1370,1370,1370,1370,1370,0.000%,.72993,0.33,0.14
PUT /api/items/739,2,1163,703,1623,1623,1623,703,1623,0.000%,.03493,0.02,0.01
PUT /api/items/013,1,1681,1681,1681,1681,1681,1681,1681,0.000%,.59488,0.27,0.17
GET /api/items/648,5,793,462,1141,1766,1766,298,1766,0.000%,.06934,0.03,0.01
GET /api/items/375,1,2266,2266,2266,2266,2266,2266,2266,0.000%,.44131,0.20,0.08
PUT /api/items/936,1,1424,1424,1424,1424,1424,1424,1424,0.000%,.70225,0.31,0.21
GET /api/items/416,2,1589,1214,1965,1965,1965,1214,1965,0.000%,.03467,0.02,0.01
PUT /api/items/975,1,1800,1800,1800,1800,1800,1800,1800,0.000%,.55556,0.25,0.16
GET /api/items/391,2,1244,964,1524,1524,1524,964,1524,0.000%,.05353,0.02,0.01
PUT /api/items/307,2,1280,867,1693,1693,1693,867,1693,0.000%,.08151,0.04,0.02
GET /api/items/430,1,1757,1757,1757,1757,1757,1757,1757,0.000%,.56915,0.25,0.11
GET /api/items/004,1,1408,1408,1408,1408,1408,1408,1408,0.000%,.71023,0.32,0.13
GET /api/items/060,1,1325,1325,1325,1325,1325,1325,1325,0.000%,.75472,0.34,0.14
PUT /api/items/452,1,1507,1507,1507,1507,1507,1507,1507,0.000%,.66357,0.30,0.19
GET /api/items/310,1,1689,1689,1689,1689,1689,1689,1689,0.000%,.59207,0.26,0.11
PUT /api/items/753,2,1823,1675,1971,1971,1971,1675,1971,0.000%,.11217,0.05,0.03
GET /api/items/067,2,1172,915,1429,1429,1429,915,1429,0.000%,.04880,0.02,0.01
GET /api/items/368,2,901,383,1420,1420,1420,383,1420,0.000%,.03663,0.02,0.01
PUT /api/items/010,1,1428,1428,1428,1428,1428,1428,1428,0.000%,.70028,0.31,0.20
GET /api/items/118,2,1481,890,2073,2073,2073,890,2073,0.000%,.03762,0.02,0.01
GET /api/items/120,1,1680,1680,1680,1680,1680,1680,1680,0.000%,.59524,0.27,0.11
PUT /api/items/849,1,1111,1111,1111,1111,1111,1111,1111,0.000%,.90009,0.40,0.26
GET /api/items/782,2,712,378,1046,1046,1046,378,1046,0.000%,.03591,0.02,0.01
PUT /api/items/323,1,1042,1042,1042,1042,1042,1042,1042,0.000%,.95969,0.43,0.28
PUT /api/items/084,4,1175,1023,1792,1792,1792,402,1792,0.000%,.07868,0.04,0.02
PUT /api/items/039,1,1413,1413,1413,1413,1413,1413,1413,0.000%,.70771,0.32,0.21
PUT /api/items/176,3,797,723,1330,1330,1330,340,1330,0.000%,.04495,0.02,0.01
PUT /api/items/839,1,1546,1546,1546,1546,1546,1546,1546,0.000%,.64683,0.29,0.19
PUT /api/items/567,2,819,379,1260,1260,1260,379,1260,0.000%,.03040,0.01,0.01
GET /api/items/545,1,1563,1563,1563,1563,1563,1563,1563,0.000%,.63980,0.29,0.12
GET /api/items/945,1,1348,1348,1348,1348,1348,1348,1348,0.000%,.74184,0.33,0.14
GET /api/items/627,1,1860,1860,1860,1860,1860,1860,1860,0.000%,.53763,0.24,0.10
GET /api/items/112,1,1593,1593,1593,1593,1593,1593,1593,0.000%,.62775,0.28,0.12
GET /api/items/873,2,1267,997,1538,1538,1538,997,1538,0.000%,.17770,0.08,0.03
GET /api/items/552,1,1497,1497,1497,1497,1497,1497,1497,0.000%,.66800,0.30,0.13
GET /api/items/693,2,1383,1380,1386,1386,1386,1380,1386,0.000%,.04466,0.02,0.01
PUT /api/items/179,1,2583,2583,2583,2583,2583,2583,2583,0.000%,.38715,0.17,0.11
PUT /api/items/885,1,1112,1112,1112,1112,1112,1112,1112,0.000%,.89928,0.40,0.26
GET /api/items/854,1,1708,1708,1708,1708,1708,1708,1708,0.000%,.58548,0.26,0.11
GET /api/items/266,1,1503,1503,1503,1503,1503,1503,1503,0.000%,.66534,0.30,0.12
PUT /api/items/808,2,992,816,1169,1169,1169,816,1169,0.000%,.05138,0.02,0.02
PUT /api/items/573,2,939,681,1197,1197,1197,681,1197,0.000%,.05202,0.02,0.02
GET /api/items/818,1,1209,1209,1209,1209,1209,1209,1209,0.000%,.82713,0.37,0.16
GET /api/items/327,1,1520,1520,1520,1520,1520,1520,1520,0.000%,.65789,0.29,0.12
GET /api/items/483,5,1219,1180,1327,1404,1404,1082,1404,0.000%,.13192,0.06,0.02
PUT /api/items/696,1,2921,2921,2921,2921,2921,2921,2921,0.000%,.34235,0.15,0.10
PUT /api/items/342,2,2089,1562,2616,2616,2616,1562,2616,0.000%,.11064,0.05,0.03
GET /api/items/585,1,1589,1589,1589,1589,1589,1589,1589,0.000%,.62933,0.28,0.12
PUT /api/items/690,1,2400,2400,2400,2400,2400,2400,2400,0.000%,.41667,0.19,0.12
PUT /api/items/560,1,2930,2930,2930,2930,2930,2930,2930,0.000%,.34130,0.15,0.10
GET /api/items/866,2,1210,1181,1239,1239,1239,1181,1239,0.000%,.04847,0.02,0.01
GET /api/items/737,1,1267,1267,1267,1267,1267,1267,1267,0.000%,.78927,0.35,0.15
PUT /api/items/188,2,1755,1490,2021,2021,2021,1490,2021,0.000%,.35032,0.16,0.10
PUT /api/items/146,2,1079,962,1197,1197,1197,962,1197,0.000%,.07151,0.03,0.02
PUT /api/items/418,4,1200,1141,1523,1523,1523,700,1523,0.000%,.08967,0.04,0.03
PUT /api/items/297,1,1526,1526,1526,1526,1526,1526,1526,0.000%,.65531,0.29,0.19
PUT /api/items/682,1,1430,1430,1430,1430,1430,1430,1430,0.000%,.69930,0.31,0.20
GET /api/items/612,1,1344,1344,1344,1344,1344,1344,1344,0.000%,.74405,0.33,0.14
GET /api/items/048,2,1179,528,1831,1831,1831,528,1831,0.000%,.03865,0.02,0.01
GET /api/items/119,1,1647,1647,1647,1647,1647,1647,1647,0.000%,.60716,0.27,0.11
GET /api/items/556,2,2046,1502,2590,2590,2590,1502,2590,0.000%,.21626,0.10,0.04
GET /api/items/186,2,1421,1395,1447,1447,1447,1395,1447,0.000%,.05085,0.02,0.01
GET /api/items/350,1,1397,1397,1397,1397,1397,1397,1397,0.000%,.71582,0.32,0.13
PUT /api/items/659,2,1126,1036,1217,1217,1217,1036,1217,0.000%,.04801,0.02,0.01
PUT /api/items/110,2,1382,1185,1579,1579,1579,1185,1579,0.000%,.10174,0.05,0.03
GET /api/items/203,1,1017,1017,1017,1017,1017,1017,1017,0.000%,.98328,0.44,0.18
GET /api/items/490,2,1274,336,2212,2212,2212,336,2212,0.000%,.03260,0.01,0.01
PUT /api/items/787,2,677,258,1096,1096,1096,258,1096,0.000%,.03205,0.01,0.01
GET /api/items/912,1,2236,2236,2236,2236,2236,2236,2236,0.000%,.44723,0.20,0.08
PUT /api/items/666,1,1238,1238,1238,1238,1238,1238,1238,0.000%,.80775,0.36,0.24
GET /api/items/331,2,1015,956,1074,1074,1074,956,1074,0.000%,.04682,0.02,0.01
PUT /api/items/820,1,1593,1593,1593,1593,1593,1593,1593,0.000%,.62775,0.28,0.18
PUT /api/items/816,1,1442,1442,1442,1442,1442,1442,1442,0.000%,.69348,0.31,0.20
GET /api/items/392,2,1040,545,1536,1536,1536,545,1536,0.000%,.03643,0.02,0.01
PUT /api/items/933,1,1576,1576,1576,1576,1576,1576,1576,0.000%,.63452,0.28,0.19
PUT /api/items/609,1,1259,1259,1259,1259,1259,1259,1259,0.000%,.79428,0.36,0.23
GET /api/items/644,3,1146,1163,1226,1226,1226,1051,1226,0.000%,.14536,0.07,0.03
PUT /api/items/853,1,1301,1301,1301,1301,1301,1301,1301,0.000%,.76864,0.34,0.22
GET /api/items/138,3,1398,1430,1461,1461,1461,1303,1461,0.000%,.08438,0.04,0.02
PUT /api/items/285,1,1910,1910,1910,1910,1910,1910,1910,0.000%,.52356,0.23,0.15
PUT /api/items/421,2,752,213,1291,1291,1291,213,1291,0.000%,.03281,0.01,0.01
GET /api/items/799,1,1232,1232,1232,1232,1232,1232,1232,0.000%,.81169,0.36,0.15
GET /api/items/151,1,1416,1416,1416,1416,1416,1416,1416,0.000%,.70621,0.32,0.13
PUT /api/items/226,2,1124,684,1564,1564,1564,684,1564,0.000%,.04014,0.02,0.01
GET /api/items/059,1,1573,1573,1573,1573,1573,1573,1573,0.000%,.63573,0.28,0.12
PUT /api/items/990,1,1267,1267,1267,1267,1267,1267,1267,0.000%,.78927,0.35,0.23
PUT /api/items/412,2,1193,1171,1216,1216,1216,1171,1216,0.000%,.09231,0.04,0.03
GET /api/items/488,2,1271,1140,1403,1403,1403,1140,1403,0.000%,.05460,0.02,0.01
GET /api/items/967,1,864,864,864,864,864,864,864,0.000%,1.15741,0.52,0.22
GET /api/items/140,1,1248,1248,1248,1248,1248,1248,1248,0.000%,.80128,0.36,0.15
PUT /api/items/868,1,1253,1253,1253,1253,1253,1253,1253,0.000%,.79808,0.36,0.23
GET /api/items/109,1,1761,1761,1761,1761,1761,1761,1761,0.000%,.56786,0.25,0.11
PUT /api/items/330,2,1317,985,1649,1649,1649,985,1649,0.000%,.07938,0.04,0.02
PUT /api/items/116,1,1174,1174,1174,1174,1174,1174,1174,0.000%,.85179,0.38,0.25
GET /api/items/527,2,1224,1139,1310,1310,1310,1139,1310,0.000%,.34066,0.15,0.06
PUT /api/items/924,1,1583,1583,1583,1583,1583,1583,1583,0.000%,.63171,0.28,0.18
PUT /api/items/145,3,1060,1293,1300,1300,1300,589,1300,0.000%,.05744,0.03,0.02
PUT /api/items/126,1,1073,1073,1073,1073,1073,1073,1073,0.000%,.93197,0.42,0.27
PUT /api/items/050,1,1616,1616,1616,1616,1616,1616,1616,0.000%,.61881,0.28,0.18
GET /api/items/602,1,1219,1219,1219,1219,1219,1219,1219,0.000%,.82034,0.37,0.15
PUT /api/items/756,1,1090,1090,1090,1090,1090,1090,1090,0.000%,.91743,0.41,0.27
GET /api/items/411,2,923,497,1350,1350,1350,497,1350,0.000%,.04656,0.02,0.01
GET /api/items/667,2,1129,813,1446,1446,1446,813,1446,0.000%,.05367,0.02,0.01
GET /api/items/746,1,1841,1841,1841,1841,1841,1841,1841,0.000%,.54318,0.24,0.10
PUT /api/items/716,3,1035,773,1802,1802,1802,531,1802,0.000%,.06287,0.03,0.02
PUT /api/items/884,2,595,183,1007,1007,1007,183,1007,0.000%,.03438,0.02,0.01
GET /api/items/991,2,1224,885,1564,1564,1564,885,1564,0.000%,.20606,0.09,0.04
PUT /api/items/293,1,1253,1253,1253,1253,1253,1253,1253,0.000%,.79808,0.36,0.23
GET /api/items/827,2,934,517,1352,1352,1352,517,1352,0.000%,.05226,0.02,0.01
GET /api/items/103,1,1141,1141,1141,1141,1141,1141,1141,0.000%,.87642,0.39,0.16
GET /api/items/043,2,958,580,1336,1336,1336,580,1336,0.000%,.04626,0.02,0.01
GET /api/items/334,2,1358,1133,1584,1584,1584,1133,1584,0.000%,.05810,0.03,0.01
PUT /api/items/831,1,1420,1420,1420,1420,1420,1420,1420,0.000%,.70423,0.31,0.21
PUT /api/items/041,2,1131,642,1620,1620,1620,642,1620,0.000%,.08250,0.04,0.02
PUT /api/items/941,1,1290,1290,1290,1290,1290,1290,1290,0.000%,.77519,0.35,0.23
PUT /api/items/940,1,1267,1267,1267,1267,1267,1267,1267,0.000%,.78927,0.35,0.23
GET /api/items/730,2,1694,1498,1891,1891,1891,1498,1891,0.000%,.05965,0.03,0.01
PUT /api/items/857,1,1422,1422,1422,1422,1422,1422,1422,0.000%,.70323,0.31,0.21
GET /api/items/466,1,1267,1267,1267,1267,1267,1267,1267,0.000%,.78927,0.35,0.15
GET /api/items/733,1,1752,1752,1752,1752,1752,1752,1752,0.000%,.57078,0.26,0.11
PUT /api/items/096,1,1228,1228,1228,1228,1228,1228,1228,0.000%,.81433,0.36,0.24
PUT /api/items/464,1,1337,1337,1337,1337,1337,1337,1337,0.000%,.74794,0.33,0.22
GET /api/items/956,1,1234,1234,1234,1234,1234,1234,1234,0.000%,.81037,0.36,0.15
PUT /api/items/308,1,1072,1072,1072,1072,1072,1072,1072,0.000%,.93284,0.42,0.27
GET /api/items/426,1,1144,1144,1144,1144,1144,1144,1144,0.000%,.87413,0.39,0.16
PUT /api/items/973,2,997,945,1049,1049,1049,945,1049,0.000%,.05574,0.02,0.02
GET /api/items/856,1,1551,1551,1551,1551,1551,1551,1551,0.000%,.64475,0.29,0.12
GET /api/items/231,1,1164,1164,1164,1164,1164,1164,1164,0.000%,.85911,0.38,0.16
GET /api/items/928,1,1323,1323,1323,1323,1323,1323,1323,0.000%,.75586,0.34,0.14
GET /api/items/536,1,1326,1326,1326,1326,1326,1326,1326,0.000%,.75415,0.34,0.14
PUT /api/items/261,1,1146,1146,1146,1146,1146,1146,1146,0.000%,.87260,0.39,0.25
PUT /api/items/360,2,1216,1107,1325,1325,1325,1107,1325,0.000%,.38895,0.17,0.11
PUT /api/items/730,1,1374,1374,1374,1374,1374,1374,1374,0.000%,.72780,0.33,0.21
PUT /api/items/803,3,1188,1340,1416,1416,1416,810,1416,0.000%,.09854,0.04,0.03
PUT /api/items/782,1,1250,1250,1250,1250,1250,1250,1250,0.000%,.80000,0.36,0.23
PUT /api/items/790,1,1367,1367,1367,1367,1367,1367,1367,0.000%,.73153,0.33,0.21
PUT /api/items/256,1,1323,1323,1323,1323,1323,1323,1323,0.000%,.75586,0.34,0.22
PUT /api/items/483,2,1545,1317,1773,1773,1773,1317,1773,0.000%,.07437,0.03,0.02
GET /api/items/837,2,1067,794,1340,1340,1340,794,1340,0.000%,.45015,0.20,0.08
GET /api/items/279,1,1748,1748,1748,1748,1748,1748,1748,0.000%,.57208,0.26,0.11
GET /api/items/869,1,1538,1538,1538,1538,1538,1538,1538,0.000%,.65020,0.29,0.12
PUT /api/items/417,2,669,614,725,725,725,614,725,0.000%,.06012,0.03,0.02
PUT /api/items/680,1,1026,1026,1026,1026,1026,1026,1026,0.000%,.97466,0.44,0.28
PUT /api/items/319,1,1109,1109,1109,1109,1109,1109,1109,0.000%,.90171,0.40,0.26
PUT /api/items/236,1,1384,1384,1384,1384,1384,1384,1384,0.000%,.72254,0.32,0.21
GET /api/items/896,1,1145,1145,1145,1145,1145,1145,1145,0.000%,.87336,0.39,0.16
PUT /api/items/735,1,1144,1144,1144,1144,1144,1144,1144,0.000%,.87413,0.39,0.26
PUT /api/items/087,1,1445,1445,1445,1445,1445,1445,1445,0.000%,.69204,0.31,0.20
PUT /api/items/411,1,843,843,843,843,843,843,843,0.000%,1.18624,0.53,0.35
PUT /api/items/155,2,1276,961,1591,1591,1591,961,1591,0.000%,.24919,0.11,0.07
GET /api/items/469,1,1058,1058,1058,1058,1058,1058,1058,0.000%,.94518,0.42,0.18
GET /api/items/885,2,753,602,905,905,905,602,905,0.000%,.05029,0.02,0.01
PUT /api/items/691,1,1029,1029,1029,1029,1029,1029,1029,0.000%,.97182,0.43,0.28
GET /api/items/729,2,696,499,893,893,893,499,893,0.000%,.07920,0.04,0.01
PUT /api/items/720,1,1016,1016,1016,1016,1016,1016,1016,0.000%,.98425,0.44,0.29
PUT /api/items/992,1,995,995,995,995,995,995,995,0.000%,1.00503,0.45,0.29
GET /api/items/206,1,1176,1176,1176,1176,1176,1176,1176,0.000%,.85034,0.38,0.16
PUT /api/items/381,3,668,634,1071,1071,1071,299,1071,0.000%,.07307,0.03,0.02
GET /api/items/849,1,1106,1106,1106,1106,1106,1106,1106,0.000%,.90416,0.40,0.17
GET /api/items/767,1,972,972,972,972,972,972,972,0.000%,1.02881,0.46,0.19
PUT /api/items/646,1,1048,1048,1048,1048,1048,1048,1048,0.000%,.95420,0.43,0.28
GET /api/items/939,1,1493,1493,1493,1493,1493,1493,1493,0.000%,.66979,0.30,0.13
GET /api/items/144,2,1370,1158,1582,1582,1582,1158,1582,0.000%,.12775,0.06,0.02
GET /api/items/567,1,1239,1239,1239,1239,1239,1239,1239,0.000%,.80710,0.36,0.15
GET /api/items/604,1,1121,1121,1121,1121,1121,1121,1121,0.000%,.89206,0.40,0.17
PUT /api/items/534,1,1211,1211,1211,1211,1211,1211,1211,0.000%,.82576,0.37,0.24
GET /api/items/579,1,1187,1187,1187,1187,1187,1187,1187,0.000%,.84246,0.38,0.16
GET /api/items/242,1,804,804,804,804,804,804,804,0.000%,1.24378,0.56,0.23
GET /api/items/384,1,1059,1059,1059,1059,1059,1059,1059,0.000%,.94429,0.42,0.18
PUT /api/items/678,1,837,837,837,837,837,837,837,0.000%,1.19474,0.53,0.35
PUT /api/items/098,1,833,833,833,833,833,833,833,0.000%,1.20048,0.54,0.35
GET /api/items/656,2,1409,904,1914,1914,1914,904,1914,0.000%,.13164,0.06,0.02
GET /api/items/691,1,1003,1003,1003,1003,1003,1003,1003,0.000%,.99701,0.45,0.19
PUT /api/items/207,1,1382,1382,1382,1382,1382,1382,1382,0.000%,.72359,0.32,0.21
GET /api/items/910,4,1007,833,1489,1489,1489,537,1489,0.000%,.12835,0.06,0.02
GET /api/items/902,1,1137,1137,1137,1137,1137,1137,1137,0.000%,.87951,0.39,0.16
PUT /api/items/859,1,935,935,935,935,935,935,935,0.000%,1.06952,0.48,0.31
GET /api/items/811,3,1005,948,1158,1158,1158,911,1158,0.000%,.30804,0.14,0.06
GET /api/items/601,1,1624,1624,1624,1624,1624,1624,1624,0.000%,.61576,0.28,0.12
PUT /api/items/819,1,839,839,839,839,839,839,839,0.000%,1.19190,0.53,0.35
PUT /api/items/805,1,862,862,862,862,862,862,862,0.000%,1.16009,0.52,0.34
PUT /api/items/080,1,888,888,888,888,888,888,888,0.000%,1.12613,0.50,0.33
GET /api/items/772,1,1234,1234,1234,1234,1234,1234,1234,0.000%,.81037,0.36,0.15
PUT /api/items/876,1,913,913,913,913,913,913,913,0.000%,1.09529,0.49,0.32
PUT /api/items/029,1,1082,1082,1082,1082,1082,1082,1082,0.000%,.92421,0.41,0.27
PUT /api/items/948,2,1136,350,1923,1923,1923,350,1923,0.000%,.06122,0.03,0.02
PUT /api/items/650,1,1230,1230,1230,1230,1230,1230,1230,0.000%,.81301,0.36,0.24
PUT /api/items/230,1,765,765,765,765,765,765,765,0.000%,1.30719,0.58,0.38
PUT /api/items/652,1,1096,1096,1096,1096,1096,1096,1096,0.000%,.91241,0.41,0.27
PUT /api/items/637,1,867,867,867,867,867,867,867,0.000%,1.15340,0.52,0.34
PUT /api/items/549,1,1598,1598,1598,1598,1598,1598,1598,0.000%,.62578,0.28,0.18
PUT /api/items/763,2,658,298,1018,1018,1018,298,1018,0.000%,.06431,0.03,0.02
GET /api/items/999,1,986,986,986,986,986,986,986,0.000%,1.01420,0.45,0.19
PUT /api/items/481,1,940,940,940,940,940,940,940,0.000%,1.06383,0.48,0.31
GET /api/items/522,1,979,979,979,979,979,979,979,0.000%,1.02145,0.46,0.19
GET /api/items/449,2,1330,1020,1640,1640,1640,1020,1640,0.000%,.11283,0.05,0.02
GET /api/items/424,1,937,937,937,937,937,937,937,0.000%,1.06724,0.48,0.20
PUT /api/items/846,2,615,515,716,716,716,515,716,0.000%,.08455,0.04,0.02
GET /api/items/652,1,1365,1365,1365,1365,1365,1365,1365,0.000%,.73260,0.33,0.14
GET /api/items/204,1,1177,1177,1177,1177,1177,1177,1177,0.000%,.84962,0.38,0.16
PUT /api/items/272,1,1101,1101,1101,1101,1101,1101,1101,0.000%,.90827,0.41,0.27
GET /api/items/825,2,1209,1185,1233,1233,1233,1185,1233,0.000%,.38662,0.17,0.07
GET /api/items/676,3,510,430,892,892,892,208,892,0.000%,.09369,0.04,0.02
GET /api/items/658,1,1145,1145,1145,1145,1145,1145,1145,0.000%,.87336,0.39,0.16
PUT /api/items/423,2,980,960,1001,1001,1001,960,1001,0.000%,.48709,0.22,0.14
GET /api/items/504,1,797,797,797,797,797,797,797,0.000%,1.25471,0.56,0.24
PUT /api/items/788,1,1045,1045,1045,1045,1045,1045,1045,0.000%,.95694,0.43,0.28
PUT /api/items/194,1,884,884,884,884,884,884,884,0.000%,1.13122,0.51,0.33
GET /api/items/571,1,1308,1308,1308,1308,1308,1308,1308,0.000%,.76453,0.34,0.14
PUT /api/items/438,1,1089,1089,1089,1089,1089,1089,1089,0.000%,.91827,0.41,0.27
GET /api/items/057,1,1774,1774,1774,1774,1774,1774,1774,0.000%,.56370,0.25,0.11
PUT /api/items/473,1,802,802,802,802,802,802,802,0.000%,1.24688,0.56,0.36
PUT /api/items/957,2,868,831,906,906,906,831,906,0.000%,.15340,0.07,0.04
PUT /api/items/053,1,727,727,727,727,727,727,727,0.000%,1.37552,0.61,0.40
GET /api/items/336,1,1187,1187,1187,1187,1187,1187,1187,0.000%,.84246,0.38,0.16
PUT /api/items/780,2,965,377,1554,1554,1554,377,1554,0.000%,.09787,0.04,0.03
GET /api/items/934,1,1370,1370,1370,1370,1370,1370,1370,0.000%,.72993,0.33,0.14
GET /api/items/255,1,1442,1442,1442,1442,1442,1442,1442,0.000%,.69348,0.31,0.13
PUT /api/items/909,1,900,900,900,900,900,900,900,0.000%,1.11111,0.50,0.32
PUT /api/items/643,1,761,761,761,761,761,761,761,0.000%,1.31406,0.59,0.38
GET /api/items/642,2,583,330,837,837,837,330,837,0.000%,.09548,0.04,0.02
PUT /api/items/616,1,501,501,501,501,501,501,501,0.000%,1.99601,0.89,0.58
PUT /api/items/723,1,972,972,972,972,972,972,972,0.000%,1.02881,0.46,0.30
GET /api/items/814,1,819,819,819,819,819,819,819,0.000%,1.22100,0.55,0.23
PUT /api/items/734,1,648,648,648,648,648,648,648,0.000%,1.54321,0.69,0.45
GET /api/items/701,1,1616,1616,1616,1616,1616,1616,1616,0.000%,.61881,0.28,0.12
PUT /api/items/812,1,556,556,556,556,556,556,556,0.000%,1.79856,0.80,0.53
GET /api/items/463,1,726,726,726,726,726,726,726,0.000%,1.37741,0.62,0.26
PUT /api/items/699,1,1177,1177,1177,1177,1177,1177,1177,0.000%,.84962,0.38,0.25
PUT /api/items/662,1,507,507,507,507,507,507,507,0.000%,1.97239,0.88,0.58
GET /api/items/233,1,715,715,715,715,715,715,715,0.000%,1.39860,0.63,0.26
PUT /api/items/649,1,562,562,562,562,562,562,562,0.000%,1.77936,0.80,0.52
PUT /api/items/286,1,948,948,948,948,948,948,948,0.000%,1.05485,0.47,0.31
GET /api/items/622,1,409,409,409,409,409,409,409,0.000%,2.44499,1.09,0.46
PUT /api/items/107,1,474,474,474,474,474,474,474,0.000%,2.10970,0.94,0.62
PUT /api/items/665,1,836,836,836,836,836,836,836,0.000%,1.19617,0.54,0.35
GET /api/items/657,2,735,360,1110,1110,1110,360,1110,0.000%,.15376,0.07,0.03
GET /api/items/228,1,759,759,759,759,759,759,759,0.000%,1.31752,0.59,0.25
PUT /api/items/427,1,1010,1010,1010,1010,1010,1010,1010,0.000%,.99010,0.44,0.29
GET /api/items/625,1,470,470,470,470,470,470,470,0.000%,2.12766,0.95,0.40
PUT /api/items/999,1,547,547,547,547,547,547,547,0.000%,1.82815,0.82,0.53
PUT /api/items/101,2,464,405,523,523,523,405,523,0.000%,.26168,0.12,0.08
GET /api/items/396,1,608,608,608,608,608,608,608,0.000%,1.64474,0.74,0.31
PUT /api/items/271,2,461,205,718,718,718,205,718,0.000%,.10607,0.05,0.03
PUT /api/items/919,3,355,418,440,440,440,207,440,0.000%,.16523,0.07,0.05
GET /api/items/980,1,837,837,837,837,837,837,837,0.000%,1.19474,0.53,0.22
PUT /api/items/684,1,474,474,474,474,474,474,474,0.000%,2.10970,0.94,0.62
GET /api/items/790,1,384,384,384,384,384,384,384,0.000%,2.60417,1.16,0.49
PUT /api/items/356,1,599,599,599,599,599,599,599,0.000%,1.66945,0.75,0.49
PUT /api/items/052,1,583,583,583,583,583,583,583,0.000%,1.71527,0.77,0.50
PUT /api/items/945,1,383,383,383,383,383,383,383,0.000%,2.61097,1.17,0.76
PUT /api/items/147,1,1074,1074,1074,1074,1074,1074,1074,0.000%,.93110,0.42,0.27
PUT /api/items/328,1,641,641,641,641,641,641,641,0.000%,1.56006,0.70,0.46
PUT /api/items/315,1,1400,1400,1400,1400,1400,1400,1400,0.000%,.71429,0.32,0.21
PUT /api/items/281,1,372,372,372,372,372,372,372,0.000%,2.68817,1.20,0.78
PUT /api/items/374,1,377,377,377,377,377,377,377,0.000%,2.65252,1.19,0.77
PUT /api/items/343,1,527,527,527,527,527,527,527,0.000%,1.89753,0.85,0.55
PUT /api/items/773,1,1190,1190,1190,1190,1190,1190,1190,0.000%,.84034,0.38,0.25
PUT /api/items/402,1,554,554,554,554,554,554,554,0.000%,1.80505,0.81,0.53
GET /api/items/340,2,436,340,532,532,532,340,532,0.000%,1.83824,0.82,0.34
GET /api/items/461,1,1061,1061,1061,1061,1061,1061,1061,0.000%,.94251,0.42,0.18
GET /api/items/700,1,349,349,349,349,349,349,349,0.000%,2.86533,1.28,0.54
PUT /api/items/458,1,550,550,550,550,550,550,550,0.000%,1.81818,0.81,0.53
PUT /api/items/156,1,314,314,314,314,314,314,314,0.000%,3.18471,1.42,0.93
GET /api/items/938,1,314,314,314,314,314,314,314,0.000%,3.18471,1.42,0.60
GET /api/items/977,1,447,447,447,447,447,447,447,0.000%,2.23714,1.00,0.42
GET /api/items/155,3,586,470,959,959,959,330,959,0.000%,.36492,0.16,0.07
PUT /api/items/914,1,635,635,635,635,635,635,635,0.000%,1.57480,0.70,0.46
PUT /api/items/218,1,505,505,505,505,505,505,505,0.000%,1.98020,0.89,0.58
PUT /api/items/282,1,338,338,338,338,338,338,338,0.000%,2.95858,1.32,0.86
PUT /api/items/711,1,383,383,383,383,383,383,383,0.000%,2.61097,1.17,0.76
GET /api/items/659,1,925,925,925,925,925,925,925,0.000%,1.08108,0.48,0.20
PUT /api/items/937,1,735,735,735,735,735,735,735,0.000%,1.36054,0.61,0.40
GET /api/items/557,1,719,719,719,719,719,719,719,0.000%,1.39082,0.62,0.26
GET /api/items/318,1,327,327,327,327,327,327,327,0.000%,3.05810,1.37,0.57
GET /api/items/456,1,629,629,629,629,629,629,629,0.000%,1.58983,0.71,0.30
GET /api/items/325,1,670,670,670,670,670,670,670,0.000%,1.49254,0.67,0.28
PUT /api/items/158,1,409,409,409,409,409,409,409,0.000%,2.44499,1.09,0.71
PUT /api/items/380,1,515,515,515,515,515,515,515,0.000%,1.94175,0.87,0.57
PUT /api/items/419,1,403,403,403,403,403,403,403,0.000%,2.48139,1.11,0.72
GET /api/items/077,2,387,351,424,424,424,351,424,0.000%,3.75940,1.68,0.70
PUT /api/items/528,1,487,487,487,487,487,487,487,0.000%,2.05339,0.92,0.60
PUT /api/items/434,1,526,526,526,526,526,526,526,0.000%,1.90114,0.85,0.56
GET /api/items/689,2,364,312,416,416,416,312,416,0.000%,1.82983,0.82,0.34
PUT /api/items/235,1,428,428,428,428,428,428,428,0.000%,2.33645,1.05,0.68
GET /api/items/963,2,294,187,401,401,401,187,401,0.000%,.20111,0.09,0.04
PUT /api/items/122,1,445,445,445,445,445,445,445,0.000%,2.24719,1.01,0.66
PUT /api/items/806,1,336,336,336,336,336,336,336,0.000%,2.97619,1.33,0.87
PUT /api/items/504,1,341,341,341,341,341,341,341,0.000%,2.93255,1.31,0.86
PUT /api/items/545,1,371,371,371,371,371,371,371,0.000%,2.69542,1.21,0.79
PUT /api/items/966,1,318,318,318,318,318,318,318,0.000%,3.14465,1.41,0.92
GET /api/items/969,1,321,321,321,321,321,321,321,0.000%,3.11526,1.39,0.58
GET /api/items/089,1,281,281,281,281,281,281,281,0.000%,3.55872,1.59,0.67
PUT /api/items/462,1,271,271,271,271,271,271,271,0.000%,3.69004,1.65,1.08
GET /api/items/168,1,242,242,242,242,242,242,242,0.000%,4.13223,1.85,0.77
PUT /api/items/133,1,247,247,247,247,247,247,247,0.000%,4.04858,1.81,1.18
GET /api/items/301,1,236,236,236,236,236,236,236,0.000%,4.23729,1.90,0.79
PUT /api/items/316,1,248,248,248,248,248,248,248,0.000%,4.03226,1.80,1.18
PUT /api/items/476,1,236,236,236,236,236,236,236,0.000%,4.23729,1.90,1.24
GET /api/items/359,1,211,211,211,211,211,211,211,0.000%,4.73934,2.12,0.89
PUT /api/items/187,1,202,202,202,202,202,202,202,0.000%,4.95050,2.21,1.45
TOTAL,10000,1177,1217,1862,2056,2439,174,3789,0.000%,45.85389,5867.06,9.98
