Label,# Samples,Average,Median,90% Line,95% Line,99% Line,Min,Max,Error %,Throughput,Received KB/sec,Sent KB/sec
GET /api/items,5000,235,225,362,393,475,56,2101,0.000%,41.69898,9626.30,7.49
GET /api/items/517,3,180,118,333,333,333,89,333,0.000%,.02736,0.01,0.01
POST /api/items,1500,250,232,377,417,762,59,2237,0.000%,12.56460,5.84,3.68
PUT /api/items/148,3,217,261,330,330,330,60,330,0.000%,.03651,0.02,0.01
GET /api/items/127,3,243,260,369,369,369,102,369,0.000%,.04217,0.02,0.01
PUT /api/items/441,3,116,135,141,141,141,74,141,0.000%,.04903,0.02,0.01
GET /api/items/369,3,203,213,316,316,316,81,316,0.000%,.04809,0.02,0.01
PUT /api/items/663,2,247,83,411,411,411,83,411,0.000%,.02004,0.01,0.01
GET /api/items/381,1,95,95,95,95,95,95,95,0.000%,10.52632,5.29,1.93
GET /api/items/253,5,153,129,168,310,310,78,310,0.000%,.05675,0.03,0.01
PUT /api/items/471,4,195,178,306,306,306,80,306,0.000%,.03540,0.02,0.01
GET /api/items/265,3,174,159,292,292,292,73,292,0.000%,.04602,0.02,0.01
PUT /api/items/483,2,145,85,205,205,205,85,205,0.000%,.09422,0.05,0.03
GET /api/items/969,5,226,237,296,301,301,61,301,0.000%,.05690,0.03,0.01
PUT /api/items/541,4,151,137,199,199,199,77,199,0.000%,.09505,0.05,0.03
GET /api/items/183,3,256,239,471,471,471,60,471,0.000%,.03057,0.02,0.01
GET /api/items/238,1,62,62,62,62,62,62,62,0.000%,16.12903,8.13,2.96
GET /api/items/451,2,82,78,86,86,86,78,86,0.000%,.20365,0.10,0.04
PUT /api/items/417,3,206,191,369,369,369,59,369,0.000%,.03299,0.02,0.01
GET /api/items/562,3,122,133,162,162,162,73,162,0.000%,.02632,0.01,0.00
PUT /api/items/125,2,84,70,99,99,99,70,99,0.000%,.19068,0.10,0.05
PUT /api/items/568,3,126,120,183,183,183,77,183,0.000%,.03353,0.02,0.01
GET /api/items/220,4,236,172,411,411,411,71,411,0.000%,.04879,0.02,0.01
GET /api/items/968,5,159,120,251,263,263,74,263,0.000%,.07685,0.04,0.01
PUT /api/items/150,2,144,75,214,214,214,75,214,0.000%,.02269,0.01,0.01
GET /api/items/714,4,193,175,263,263,263,77,263,0.000%,.03694,0.02,0.01
GET /api/items/092,3,508,333,1111,1111,1111,80,1111,0.000%,.06575,0.03,0.01
PUT /api/items/679,2,140,86,195,195,195,86,195,0.000%,.03096,0.02,0.01
PUT /api/items/638,5,158,134,193,294,294,65,294,0.000%,.04497,0.02,0.01
GET /api/items/920,2,99,79,119,119,119,79,119,0.000%,.09584,0.05,0.02
GET /api/items/470,2,160,80,240,240,240,80,240,0.000%,.03885,0.02,0.01
GET /api/items/459,1,73,73,73,73,73,73,73,0.000%,13.69863,6.89,2.51
PUT /api/items/175,2,115,84,147,147,147,84,147,0.000%,.01786,0.01,0.01
GET /api/items/501,4,139,97,214,214,214,88,214,0.000%,.03511,0.02,0.01
PUT /api/items/518,3,118,97,181,181,181,78,181,0.000%,.02752,0.01,0.01
GET /api/items/231,4,153,120,245,245,245,61,245,0.000%,.07875,0.04,0.01
GET /api/items/676,2,155,63,248,248,248,63,248,0.000%,.02912,0.01,0.01
PUT /api/items/203,2,116,63,170,170,170,63,170,0.000%,.01817,0.01,0.01
GET /api/items/513,3,152,134,250,250,250,74,250,0.000%,.02695,0.01,0.00
PUT /api/items/582,3,236,316,327,327,327,65,327,0.000%,.03238,0.02,0.01
PUT /api/items/640,1,66,66,66,66,66,66,66,0.000%,15.15152,7.62,4.36
GET /api/items/836,2,208,78,338,338,338,78,338,0.000%,.02245,0.01,0.00
GET /api/items/091,5,201,214,219,313,313,76,313,0.000%,.05172,0.03,0.01
GET /api/items/750,1,61,61,61,61,61,61,61,0.000%,16.39344,8.24,3.01
PUT /api/items/860,2,192,98,287,287,287,98,287,0.000%,.03118,0.02,0.01
GET /api/items/751,3,187,109,355,355,355,97,355,0.000%,.02733,0.01,0.01
GET /api/items/666,3,220,238,339,339,339,84,339,0.000%,.03555,0.02,0.01
PUT /api/items/601,4,199,156,379,379,379,102,379,0.000%,.04610,0.02,0.01
PUT /api/items/827,2,190,105,275,275,275,105,275,0.000%,.01897,0.01,0.01
GET /api/items/548,2,166,89,244,244,244,89,244,0.000%,.03815,0.02,0.01
PUT /api/items/780,2,114,79,149,149,149,79,149,0.000%,.08726,0.04,0.03
GET /api/items/400,3,176,149,292,292,292,89,292,0.000%,.02748,0.01,0.01
GET /api/items/506,2,165,99,232,232,232,99,232,0.000%,.01983,0.01,0.00
GET /api/items/843,1,87,87,87,87,87,87,87,0.000%,11.49425,5.78,2.11
PUT /api/items/681,4,225,142,349,349,349,83,349,0.000%,.03612,0.02,0.01
PUT /api/items/268,2,213,95,331,331,331,95,331,0.000%,.03020,0.02,0.01
GET /api/items/747,2,130,68,193,193,193,68,193,0.000%,.02931,0.01,0.01
GET /api/items/224,3,175,176,268,268,268,81,268,0.000%,.09454,0.05,0.02
PUT /api/items/796,3,122,147,148,148,148,72,148,0.000%,.06254,0.03,0.02
GET /api/items/862,4,178,122,265,265,265,78,265,0.000%,.04850,0.02,0.01
PUT /api/items/366,1,84,84,84,84,84,84,84,0.000%,11.90476,5.99,3.43
PUT /api/items/656,4,131,99,236,236,236,77,236,0.000%,.06786,0.03,0.02
GET /api/items/891,2,120,109,131,131,131,109,131,0.000%,.13528,0.07,0.02
GET /api/items/149,2,108,80,137,137,137,80,137,0.000%,.07514,0.04,0.01
PUT /api/items/596,2,149,77,221,221,221,77,221,0.000%,.03436,0.02,0.01
GET /api/items/286,3,188,131,355,355,355,80,355,0.000%,.03321,0.02,0.01
GET /api/items/587,3,203,209,310,310,310,90,310,0.000%,.04107,0.02,0.01
GET /api/items/053,4,228,172,370,370,370,79,370,0.000%,.04446,0.02,0.01
PUT /api/items/674,3,196,230,272,272,272,86,272,0.000%,.03806,0.02,0.01
PUT /api/items/661,2,133,71,195,195,195,71,195,0.000%,.04090,0.02,0.01
GET /api/items/505,3,189,195,303,303,303,69,303,0.000%,.03385,0.02,0.01
GET /api/items/945,2,155,126,184,184,184,126,184,0.000%,.01956,0.01,0.00
GET /api/items/533,4,184,154,296,296,296,84,296,0.000%,.10262,0.05,0.02
GET /api/items/372,4,201,96,456,456,456,91,456,0.000%,.04595,0.02,0.01
PUT /api/items/897,1,72,72,72,72,72,72,72,0.000%,13.88889,6.99,4.00
PUT /api/items/549,2,137,94,181,181,181,94,181,0.000%,.12953,0.07,0.04
GET /api/items/302,1,100,100,100,100,100,100,100,0.000%,10.00000,5.03,1.84
PUT /api/items/419,3,209,220,316,316,316,91,316,0.000%,.03137,0.02,0.01
GET /api/items/343,4,228,176,340,340,340,90,340,0.000%,.05454,0.03,0.01
GET /api/items/774,2,197,83,311,311,311,83,311,0.000%,.04828,0.02,0.01
PUT /api/items/480,1,73,73,73,73,73,73,73,0.000%,13.69863,6.89,3.95
PUT /api/items/426,2,93,91,96,96,96,91,96,0.000%,.98135,0.49,0.28
GET /api/items/873,3,285,380,390,390,390,86,390,0.000%,.03254,0.02,0.01
GET /api/items/810,6,214,196,303,352,352,88,352,0.000%,.06244,0.03,0.01
PUT /api/items/510,5,234,226,229,407,407,93,407,0.000%,.04826,0.02,0.01
GET /api/items/494,4,247,236,345,345,345,75,345,0.000%,.03874,0.02,0.01
GET /api/items/389,1,85,85,85,85,85,85,85,0.000%,11.76471,5.92,2.16
PUT /api/items/588,2,152,81,223,223,223,81,223,0.000%,.05385,0.03,0.02
PUT /api/items/245,3,191,202,287,287,287,84,287,0.000%,.03537,0.02,0.01
PUT /api/items/453,4,189,178,248,248,248,88,248,0.000%,.08424,0.04,0.02
GET /api/items/335,4,295,319,433,433,433,107,433,0.000%,.04212,0.02,0.01
GET /api/items/163,3,304,362,458,458,458,94,458,0.000%,.03278,0.02,0.01
GET /api/items/918,4,213,97,427,427,427,81,427,0.000%,.06740,0.03,0.01
GET /api/items/637,4,258,222,409,409,409,93,409,0.000%,.06103,0.03,0.01
PUT /api/items/422,2,221,95,348,348,348,95,348,0.000%,.02414,0.01,0.01
PUT /api/items/906,5,239,143,311,526,526,88,526,0.000%,.05113,0.03,0.01
PUT /api/items/495,3,223,249,341,341,341,80,341,0.000%,.04008,0.02,0.01
GET /api/items/002,3,201,171,340,340,340,92,340,0.000%,.03895,0.02,0.01
GET /api/items/421,2,196,120,273,273,273,120,273,0.000%,.02912,0.01,0.01
GET /api/items/639,5,292,321,332,407,407,94,407,0.000%,.06052,0.03,0.01
GET /api/items/743,6,228,116,339,386,386,94,386,0.000%,.05605,0.03,0.01
PUT /api/items/118,2,205,89,321,321,321,89,321,0.000%,.03950,0.02,0.01
PUT /api/items/315,1,88,88,88,88,88,88,88,0.000%,11.36364,5.72,3.27
PUT /api/items/447,2,174,82,266,266,266,82,266,0.000%,.05577,0.03,0.02
GET /api/items/611,2,476,131,822,822,822,131,822,0.000%,.23129,0.12,0.04
GET /api/items/390,1,93,93,93,93,93,93,93,0.000%,10.75269,5.41,1.97
PUT /api/items/559,1,71,71,71,71,71,71,71,0.000%,14.08451,7.08,4.06
GET /api/items/923,1,116,116,116,116,116,116,116,0.000%,8.62069,4.34,1.58
PUT /api/items/965,2,121,99,144,144,144,99,144,0.000%,.06341,0.03,0.02
PUT /api/items/199,4,149,129,223,223,223,89,223,0.000%,.08865,0.04,0.03
GET /api/items/688,1,101,101,101,101,101,101,101,0.000%,9.90099,4.98,1.82
GET /api/items/769,3,158,131,270,270,270,74,270,0.000%,.03460,0.02,0.01
PUT /api/items/874,5,166,94,192,373,373,79,373,0.000%,.04527,0.02,0.01
PUT /api/items/385,4,205,137,407,407,407,98,407,0.000%,.06208,0.03,0.02
GET /api/items/371,4,225,147,356,356,356,83,356,0.000%,.04375,0.02,0.01
GET /api/items/175,2,252,120,385,385,385,120,385,0.000%,.03420,0.02,0.01
PUT /api/items/352,3,159,136,242,242,242,100,242,0.000%,.06246,0.03,0.02
GET /api/items/735,1,128,128,128,128,128,128,128,0.000%,7.81250,3.93,1.43
GET /api/items/018,4,182,101,391,391,391,78,391,0.000%,.03621,0.02,0.01
PUT /api/items/666,1,97,97,97,97,97,97,97,0.000%,10.30928,5.18,2.97
PUT /api/items/028,2,132,98,167,167,167,98,167,0.000%,.01869,0.01,0.01
GET /api/items/546,2,115,111,120,120,120,111,120,0.000%,.09266,0.05,0.02
GET /api/items/712,4,202,160,334,334,334,101,334,0.000%,.04015,0.02,0.01
PUT /api/items/695,2,238,98,378,378,378,98,378,0.000%,.02543,0.01,0.01
GET /api/items/991,3,228,286,312,312,312,86,312,0.000%,.03192,0.02,0.01
GET /api/items/729,2,169,124,214,214,214,124,214,0.000%,.06819,0.03,0.01
GET /api/items/579,2,236,111,362,362,362,111,362,0.000%,.02673,0.01,0.00
PUT /api/items/561,2,201,106,297,297,297,106,297,0.000%,.02889,0.01,0.01
GET /api/items/899,4,212,128,423,423,423,76,423,0.000%,.04472,0.02,0.01
PUT /api/items/160,2,182,128,236,236,236,128,236,0.000%,.04757,0.02,0.01
GET /api/items/563,6,216,190,293,368,368,94,368,0.000%,.05612,0.03,0.01
GET /api/items/255,3,198,209,291,291,291,96,291,0.000%,.03604,0.02,0.01
GET /api/items/420,3,197,224,270,270,270,99,270,0.000%,.03935,0.02,0.01
PUT /api/items/660,2,110,88,132,132,132,88,132,0.000%,.01864,0.01,0.01
PUT /api/items/274,4,205,179,289,289,289,97,289,0.000%,.05803,0.03,0.02
PUT /api/items/281,1,81,81,81,81,81,81,81,0.000%,12.34568,6.21,3.56
GET /api/items/549,5,304,326,361,391,391,141,391,0.000%,.05365,0.03,0.01
GET /api/items/722,2,172,119,225,225,225,119,225,0.000%,.05683,0.03,0.01
GET /api/items/925,5,152,128,185,235,235,104,235,0.000%,.07959,0.04,0.01
PUT /api/items/909,1,102,102,102,102,102,102,102,0.000%,9.80392,4.93,2.82
PUT /api/items/003,1,103,103,103,103,103,103,103,0.000%,9.70874,4.86,2.80
GET /api/items/597,2,116,91,142,142,142,91,142,0.000%,.23560,0.12,0.04
PUT /api/items/720,3,183,179,275,275,275,97,275,0.000%,.07466,0.04,0.02
GET /api/items/826,3,203,150,355,355,355,106,355,0.000%,.05392,0.03,0.01
GET /api/items/980,6,355,222,363,895,895,123,895,0.000%,.06153,0.03,0.01
GET /api/items/720,2,197,119,275,275,275,119,275,0.000%,.01972,0.01,0.00
PUT /api/items/208,3,213,154,374,374,374,111,374,0.000%,.03173,0.02,0.01
PUT /api/items/329,1,90,90,90,90,90,90,90,0.000%,11.11111,5.59,3.20
GET /api/items/785,1,113,113,113,113,113,113,113,0.000%,8.84956,4.45,1.62
GET /api/items/320,2,164,80,249,249,249,80,249,0.000%,.05222,0.03,0.01
PUT /api/items/849,2,123,122,125,125,125,122,125,0.000%,.14775,0.07,0.04
GET /api/items/830,5,249,291,308,314,314,93,314,0.000%,.04969,0.03,0.01
PUT /api/items/832,5,216,201,278,345,345,87,345,0.000%,.07903,0.04,0.02
GET /api/items/278,3,183,217,232,232,232,101,232,0.000%,.06766,0.03,0.01
GET /api/items/971,5,265,275,379,430,430,101,430,0.000%,.05915,0.03,0.01
PUT /api/items/649,3,253,245,395,395,395,120,395,0.000%,.03139,0.02,0.01
GET /api/items/282,5,272,291,328,400,400,95,400,0.000%,.04837,0.02,0.01
GET /api/items/828,4,150,107,270,270,270,104,270,0.000%,.03636,0.02,0.01
GET /api/items/993,2,256,127,386,386,386,127,386,0.000%,.02721,0.01,0.00
PUT /api/items/678,1,97,97,97,97,97,97,97,0.000%,10.30928,5.18,2.97
GET /api/items/952,1,121,121,121,121,121,121,121,0.000%,8.26446,4.16,1.52
PUT /api/items/374,2,140,122,158,158,158,122,158,0.000%,.17701,0.09,0.05
PUT /api/items/239,2,212,111,313,313,313,111,313,0.000%,.02912,0.01,0.01
GET /api/items/161,3,243,314,315,315,315,100,315,0.000%,.03144,0.02,0.01
GET /api/items/296,2,165,102,229,229,229,102,229,0.000%,.04246,0.02,0.01
PUT /api/items/859,4,204,210,258,258,258,103,258,0.000%,.06245,0.03,0.02
PUT /api/items/038,2,105,90,120,120,120,90,120,0.000%,.01873,0.01,0.01
GET /api/items/325,4,164,114,289,289,289,87,289,0.000%,.03916,0.02,0.01
PUT /api/items/976,2,152,105,200,200,200,105,200,0.000%,.05788,0.03,0.02
GET /api/items/399,3,183,173,243,243,243,133,243,0.000%,.04724,0.02,0.01
GET /api/items/885,3,205,240,263,263,263,112,263,0.000%,.02991,0.02,0.01
PUT /api/items/316,6,237,188,389,457,457,90,457,0.000%,.07978,0.04,0.02
GET /api/items/275,4,244,126,435,435,435,101,435,0.000%,.03667,0.02,0.01
GET /api/items/103,3,215,184,347,347,347,114,347,0.000%,.03768,0.02,0.01
PUT /api/items/025,1,102,102,102,102,102,102,102,0.000%,9.80392,4.92,2.82
GET /api/items/934,2,182,126,238,238,238,126,238,0.000%,.02201,0.01,0.00
PUT /api/items/785,3,166,165,187,187,187,147,187,0.000%,.09284,0.05,0.03
GET /api/items/897,1,154,154,154,154,154,154,154,0.000%,6.49351,3.27,1.19
GET /api/items/188,3,252,281,321,321,321,156,321,0.000%,.04959,0.02,0.01
GET /api/items/306,3,175,112,313,313,313,102,313,0.000%,.02844,0.01,0.01
PUT /api/items/179,2,163,147,180,180,180,147,180,0.000%,.02047,0.01,0.01
PUT /api/items/314,2,188,118,259,259,259,118,259,0.000%,.04490,0.02,0.01
PUT /api/items/046,4,221,217,332,332,332,112,332,0.000%,.04966,0.02,0.01
GET /api/items/212,5,148,140,168,206,206,101,206,0.000%,.05141,0.03,0.01
GET /api/items/195,2,154,89,219,219,219,89,219,0.000%,.04404,0.02,0.01
GET /api/items/519,2,136,118,155,155,155,118,155,0.000%,.07001,0.03,0.01
GET /api/items/950,1,120,120,120,120,120,120,120,0.000%,8.33333,4.19,1.53
PUT /api/items/050,2,112,96,129,129,129,96,129,0.000%,.28877,0.14,0.08
GET /api/items/204,3,156,181,193,193,193,94,193,0.000%,.02898,0.01,0.01
PUT /api/items/992,3,150,129,230,230,230,91,230,0.000%,.03426,0.02,0.01
PUT /api/items/051,4,237,209,347,347,347,117,347,0.000%,.05747,0.03,0.02
GET /api/items/813,2,274,126,422,422,422,126,422,0.000%,.02233,0.01,0.00
GET /api/items/344,4,198,208,299,299,299,77,299,0.000%,.04201,0.02,0.01
GET /api/items/507,4,223,189,332,332,332,112,332,0.000%,.05316,0.03,0.01
PUT /api/items/579,2,125,124,126,126,126,124,126,0.000%,.17060,0.09,0.05
GET /api/items/136,2,208,123,293,293,293,123,293,0.000%,.02578,0.01,0.00
PUT /api/items/170,2,159,135,184,184,184,135,184,0.000%,.07897,0.04,0.02
PUT /api/items/446,5,257,259,293,317,317,200,317,0.000%,.07090,0.04,0.02
GET /api/items/073,4,227,165,406,406,406,92,406,0.000%,.04369,0.02,0.01
GET /api/items/367,2,141,104,179,179,179,104,179,0.000%,.04661,0.02,0.01
PUT /api/items/044,3,228,263,322,322,322,101,322,0.000%,.03030,0.02,0.01
PUT /api/items/250,4,267,294,333,333,333,116,333,0.000%,.05711,0.03,0.02
GET /api/items/536,5,228,296,308,344,344,95,344,0.000%,.06408,0.03,0.01
GET /api/items/137,3,170,154,242,242,242,116,242,0.000%,.02982,0.02,0.01
PUT /api/items/729,3,183,140,288,288,288,123,288,0.000%,.11004,0.06,0.03
GET /api/items/595,2,207,85,329,329,329,85,329,0.000%,.05698,0.03,0.01
GET /api/items/882,4,165,130,296,296,296,107,296,0.000%,.05172,0.03,0.01
PUT /api/items/815,2,164,95,234,234,234,95,234,0.000%,.02340,0.01,0.01
GET /api/items/447,1,88,88,88,88,88,88,88,0.000%,11.36364,5.72,2.09
GET /api/items/987,4,252,168,464,464,464,119,464,0.000%,.04188,0.02,0.01
GET /api/items/651,3,235,222,356,356,356,129,356,0.000%,.04533,0.02,0.01
GET /api/items/929,4,298,294,441,441,441,125,441,0.000%,.05657,0.03,0.01
PUT /api/items/862,1,100,100,100,100,100,100,100,0.000%,10.00000,5.03,2.88
GET /api/items/111,4,214,161,355,355,355,110,355,0.000%,.06591,0.03,0.01
PUT /api/items/368,2,168,88,248,248,248,88,248,0.000%,.06985,0.04,0.02
GET /api/items/973,1,82,82,82,82,82,82,82,0.000%,12.19512,6.13,2.24
PUT /api/items/931,2,182,119,245,245,245,119,245,0.000%,.02016,0.01,0.01
GET /api/items/782,2,198,90,307,307,307,90,307,0.000%,.02258,0.01,0.00
PUT /api/items/348,2,137,111,164,164,164,111,164,0.000%,.10268,0.05,0.03
GET /api/items/762,2,211,138,285,285,285,138,285,0.000%,.02524,0.01,0.00
GET /api/items/227,1,74,74,74,74,74,74,74,0.000%,13.51351,6.80,2.48
GET /api/items/160,1,111,111,111,111,111,111,111,0.000%,9.00901,4.53,1.65
PUT /api/items/808,1,110,110,110,110,110,110,110,0.000%,9.09091,4.57,2.62
GET /api/items/458,6,184,148,215,345,345,104,345,0.000%,.05860,0.03,0.01
GET /api/items/561,2,113,96,130,130,130,96,130,0.000%,.10516,0.05,0.02
PUT /api/items/736,3,240,183,436,436,436,101,436,0.000%,.05626,0.03,0.02
GET /api/items/098,2,189,101,277,277,277,101,277,0.000%,.02545,0.01,0.00
PUT /api/items/727,3,235,197,356,356,356,152,356,0.000%,.04803,0.02,0.01
GET /api/items/089,1,101,101,101,101,101,101,101,0.000%,9.90099,4.97,1.82
GET /api/items/985,2,122,97,148,148,148,97,148,0.000%,.10251,0.05,0.02
GET /api/items/347,3,164,135,239,239,239,120,239,0.000%,.02960,0.01,0.01
PUT /api/items/066,1,88,88,88,88,88,88,88,0.000%,11.36364,5.70,3.27
PUT /api/items/015,2,230,84,377,377,377,84,377,0.000%,.02381,0.01,0.01
PUT /api/items/452,1,121,121,121,121,121,121,121,0.000%,8.26446,4.16,2.38
GET /api/items/936,1,156,156,156,156,156,156,156,0.000%,6.41026,3.22,1.18
GET /api/items/350,4,199,137,299,299,299,110,299,0.000%,.03805,0.02,0.01
GET /api/items/725,4,270,304,378,378,378,85,378,0.000%,.04066,0.02,0.01
GET /api/items/577,3,205,195,344,344,344,78,344,0.000%,.03622,0.02,0.01
PUT /api/items/184,2,178,125,231,231,231,125,231,0.000%,.04765,0.02,0.01
PUT /api/items/637,1,128,128,128,128,128,128,128,0.000%,7.81250,3.93,2.25
PUT /api/items/328,1,108,108,108,108,108,108,108,0.000%,9.25926,4.66,2.67
GET /api/items/427,4,194,160,254,254,254,121,254,0.000%,.06123,0.03,0.01
GET /api/items/634,6,186,153,304,314,314,62,314,0.000%,.05641,0.03,0.01
GET /api/items/610,4,208,205,302,302,302,95,302,0.000%,.06759,0.03,0.01
GET /api/items/269,2,217,98,336,336,336,98,336,0.000%,.02502,0.01,0.00
PUT /api/items/369,2,110,97,123,123,123,97,123,0.000%,.11058,0.06,0.03
PUT /api/items/197,3,238,173,442,442,442,100,442,0.000%,.03886,0.02,0.01
PUT /api/items/435,2,235,122,348,348,348,122,348,0.000%,.02720,0.01,0.01
GET /api/items/247,1,86,86,86,86,86,86,86,0.000%,11.62791,5.85,2.13
GET /api/items/734,2,231,109,353,353,353,109,353,0.000%,.02294,0.01,0.00
PUT /api/items/603,1,117,117,117,117,117,117,117,0.000%,8.54701,4.29,2.46
GET /api/items/444,1,113,113,113,113,113,113,113,0.000%,8.84956,4.46,1.62
PUT /api/items/968,1,125,125,125,125,125,125,125,0.000%,8.00000,4.02,2.30
PUT /api/items/606,3,229,209,356,356,356,124,356,0.000%,.03213,0.02,0.01
GET /api/items/512,2,160,93,227,227,227,93,227,0.000%,.05028,0.03,0.01
GET /api/items/115,4,245,209,352,352,352,150,352,0.000%,.04846,0.02,0.01
PUT /api/items/196,3,265,206,444,444,444,147,444,0.000%,.04610,0.02,0.01
PUT /api/items/716,3,223,264,294,294,294,113,294,0.000%,.08872,0.04,0.03
PUT /api/items/799,2,137,125,150,150,150,125,150,0.000%,.13792,0.07,0.04
GET /api/items/063,5,267,280,315,419,419,123,419,0.000%,.05087,0.03,0.01
GET /api/items/356,1,123,123,123,123,123,123,123,0.000%,8.13008,4.09,1.49
GET /api/items/559,2,133,98,169,169,169,98,169,0.000%,.06712,0.03,0.01
GET /api/items/585,4,252,203,393,393,393,96,393,0.000%,.05692,0.03,0.01
PUT /api/items/387,2,123,91,155,155,155,91,155,0.000%,.35474,0.18,0.10
PUT /api/items/463,2,179,112,247,247,247,112,247,0.000%,.02038,0.01,0.01
PUT /api/items/711,5,227,180,307,378,378,102,378,0.000%,.05426,0.03,0.02
GET /api/items/552,4,187,153,257,257,257,113,257,0.000%,.09388,0.05,0.02
GET /api/items/029,1,128,128,128,128,128,128,128,0.000%,7.81250,3.92,1.43
GET /api/items/581,2,264,97,432,432,432,97,432,0.000%,.02328,0.01,0.00
PUT /api/items/372,2,91,78,104,104,104,78,104,0.000%,.01921,0.01,0.01
GET /api/items/983,1,115,115,115,115,115,115,115,0.000%,8.69565,4.37,1.60
PUT /api/items/760,4,195,125,356,356,356,114,356,0.000%,.05984,0.03,0.02
GET /api/items/845,4,234,237,319,319,319,107,319,0.000%,.06712,0.03,0.01
GET /api/items/437,3,238,274,320,320,320,121,320,0.000%,.03236,0.02,0.01
PUT /api/items/577,2,116,87,146,146,146,87,146,0.000%,2.22222,1.12,0.64
PUT /api/items/584,4,199,179,321,321,321,102,321,0.000%,.04029,0.02,0.01
GET /api/items/425,5,227,271,315,315,315,116,315,0.000%,.06041,0.03,0.01
GET /api/items/629,3,154,135,217,217,217,111,217,0.000%,.03939,0.02,0.01
GET /api/items/046,7,249,288,325,331,331,130,331,0.000%,.09836,0.05,0.02
PUT /api/items/813,2,171,111,232,232,232,111,232,0.000%,.04777,0.02,0.01
GET /api/items/429,3,242,257,333,333,333,137,333,0.000%,.04713,0.02,0.01
PUT /api/items/394,2,133,111,155,155,155,111,155,0.000%,.51020,0.26,0.15
GET /api/items/772,1,155,155,155,155,155,155,155,0.000%,6.45161,3.24,1.18
GET /api/items/904,4,238,221,335,335,335,117,335,0.000%,.05239,0.03,0.01
PUT /api/items/845,1,113,113,113,113,113,113,113,0.000%,8.84956,4.45,2.55
PUT /api/items/941,5,210,195,262,326,326,96,326,0.000%,.05707,0.03,0.02
GET /api/items/678,3,108,96,147,147,147,82,147,0.000%,.02916,0.01,0.01
GET /api/items/859,2,205,124,287,287,287,124,287,0.000%,.02268,0.01,0.00
GET /api/items/128,1,101,101,101,101,101,101,101,0.000%,9.90099,4.98,1.82
PUT /api/items/457,2,294,137,451,451,451,137,451,0.000%,.03962,0.02,0.01
GET /api/items/771,3,161,127,236,236,236,122,236,0.000%,.03260,0.02,0.01
PUT /api/items/421,2,121,88,154,154,154,88,154,0.000%,1.04384,0.52,0.30
GET /api/items/532,3,110,116,128,128,128,88,128,0.000%,.02918,0.01,0.01
PUT /api/items/063,1,101,101,101,101,101,101,101,0.000%,9.90099,4.97,2.85
GET /api/items/689,3,166,164,222,222,222,112,222,0.000%,.03062,0.02,0.01
GET /api/items/060,2,184,94,274,274,274,94,274,0.000%,.02061,0.01,0.00
GET /api/items/295,3,214,204,269,269,269,171,269,0.000%,.03044,0.02,0.01
PUT /api/items/990,3,300,285,458,458,458,157,458,0.000%,.04074,0.02,0.01
PUT /api/items/242,2,304,265,344,344,344,265,344,0.000%,.03725,0.02,0.01
GET /api/items/246,3,277,205,491,491,491,135,491,0.000%,.03023,0.02,0.01
GET /api/items/760,5,200,170,304,307,307,84,307,0.000%,.04851,0.02,0.01
GET /api/items/412,3,188,122,331,331,331,112,331,0.000%,.02970,0.01,0.01
PUT /api/items/126,2,145,104,187,187,187,104,187,0.000%,.02656,0.01,0.01
PUT /api/items/276,3,227,238,320,320,320,123,320,0.000%,.05267,0.03,0.02
GET /api/items/187,1,153,153,153,153,153,153,153,0.000%,6.53595,3.29,1.20
GET /api/items/290,1,109,109,109,109,109,109,109,0.000%,9.17431,4.61,1.68
PUT /api/items/332,1,1215,1215,1215,1215,1215,1215,1215,0.000%,.82305,0.42,0.24
PUT /api/items/459,1,125,125,125,125,125,125,125,0.000%,8.00000,4.02,2.30
GET /api/items/401,2,501,357,646,646,646,357,646,0.000%,.02995,0.02,0.01
GET /api/items/105,5,397,192,286,1214,1214,141,1214,0.000%,.05114,0.03,0.01
GET /api/items/883,1,114,114,114,114,114,114,114,0.000%,8.77193,4.41,1.61
PUT /api/items/424,3,166,120,274,274,274,105,274,0.000%,.09159,0.05,0.03
PUT /api/items/509,2,166,153,180,180,180,153,180,0.000%,.07490,0.04,0.02
GET /api/items/331,1,172,172,172,172,172,172,172,0.000%,5.81395,2.92,1.07
GET /api/items/189,2,211,105,317,317,317,105,317,0.000%,.05022,0.03,0.01
GET /api/items/591,3,180,159,300,300,300,81,300,0.000%,.08264,0.04,0.02
PUT /api/items/951,1,184,184,184,184,184,184,184,0.000%,5.43478,2.74,1.57
PUT /api/items/777,1,121,121,121,121,121,121,121,0.000%,8.26446,4.16,2.38
GET /api/items/031,1,133,133,133,133,133,133,133,0.000%,7.51880,3.77,1.38
GET /api/items/042,3,215,159,344,344,344,142,344,0.000%,.03062,0.02,0.01
PUT /api/items/607,3,153,140,199,199,199,122,199,0.000%,.12530,0.06,0.04
PUT /api/items/381,2,313,173,453,453,453,173,453,0.000%,.03377,0.02,0.01
GET /api/items/462,2,166,146,186,186,186,146,186,0.000%,.02705,0.01,0.00
PUT /api/items/297,2,400,110,690,690,690,110,690,0.000%,.02889,0.01,0.01
PUT /api/items/062,2,180,101,260,260,260,101,260,0.000%,.03072,0.02,0.01
GET /api/items/054,2,156,88,224,224,224,88,224,0.000%,.02077,0.01,0.00
GET /api/items/058,2,188,181,196,196,196,181,196,0.000%,.18263,0.09,0.03
PUT /api/items/838,3,190,201,260,260,260,111,260,0.000%,.03179,0.02,0.01
PUT /api/items/103,3,156,154,169,169,169,145,169,0.000%,.17558,0.09,0.05
PUT /api/items/768,4,176,115,244,244,244,103,244,0.000%,.04205,0.02,0.01
GET /api/items/311,4,292,268,361,361,361,215,361,0.000%,.05284,0.03,0.01
GET /api/items/351,5,233,207,321,375,375,124,375,0.000%,.06563,0.03,0.01
GET /api/items/869,3,129,115,166,166,166,106,166,0.000%,.28708,0.14,0.05
GET /api/items/855,1,175,175,175,175,175,175,175,0.000%,5.71429,2.87,1.05
GET /api/items/864,2,1101,119,2084,2084,2084,119,2084,0.000%,.04642,0.02,0.01
GET /api/items/523,3,233,229,350,350,350,120,350,0.000%,.04541,0.02,0.01
PUT /api/items/341,2,247,147,348,348,348,147,348,0.000%,.02621,0.01,0.01
PUT /api/items/337,2,140,136,144,144,144,136,144,0.000%,.08351,0.04,0.02
PUT /api/items/809,3,159,191,201,201,201,87,201,0.000%,.03013,0.02,0.01
GET /api/items/699,2,149,123,175,175,175,123,175,0.000%,3.74532,1.88,0.69
GET /api/items/330,4,248,259,327,327,327,117,327,0.000%,.05719,0.03,0.01
PUT /api/items/481,4,233,210,320,320,320,163,320,0.000%,.07101,0.04,0.02
PUT /api/items/249,2,226,129,324,324,324,129,324,0.000%,.02226,0.01,0.01
GET /api/items/209,3,186,146,302,302,302,110,302,0.000%,.05865,0.03,0.01
GET /api/items/140,4,243,189,352,352,352,131,352,0.000%,.06749,0.03,0.01
GET /api/items/249,3,217,173,383,383,383,96,383,0.000%,.03661,0.02,0.01
GET /api/items/248,3,294,177,583,583,583,123,583,0.000%,.03531,0.02,0.01
PUT /api/items/392,4,225,194,340,340,340,164,340,0.000%,.05284,0.03,0.02
PUT /api/items/095,4,220,141,346,346,346,133,346,0.000%,.04500,0.02,0.01
GET /api/items/158,4,261,247,345,345,345,140,345,0.000%,.06274,0.03,0.01
GET /api/items/123,3,176,174,219,219,219,136,219,0.000%,.03596,0.02,0.01
PUT /api/items/553,3,229,174,389,389,389,125,389,0.000%,.05514,0.03,0.02
PUT /api/items/318,2,181,144,218,218,218,144,218,0.000%,.10254,0.05,0.03
GET /api/items/402,4,215,113,332,332,332,104,332,0.000%,.04006,0.02,0.01
GET /api/items/074,2,217,208,226,226,226,208,226,0.000%,.06034,0.03,0.01
GET /api/items/340,2,262,179,346,346,346,179,346,0.000%,.02294,0.01,0.00
GET /api/items/551,3,179,161,237,237,237,140,237,0.000%,.10376,0.05,0.02
PUT /api/items/685,1,120,120,120,120,120,120,120,0.000%,8.33333,4.19,2.40
PUT /api/items/847,2,235,117,354,354,354,117,354,0.000%,.02432,0.01,0.01
GET /api/items/926,1,117,117,117,117,117,117,117,0.000%,8.54701,4.30,1.57
GET /api/items/130,2,243,116,371,371,371,116,371,0.000%,.03072,0.02,0.01
PUT /api/items/700,2,236,145,328,328,328,145,328,0.000%,.02516,0.01,0.01
PUT /api/items/758,1,111,111,111,111,111,111,111,0.000%,9.00901,4.53,2.60
GET /api/items/909,5,202,164,274,296,296,135,296,0.000%,.06630,0.03,0.01
GET /api/items/573,4,225,200,346,346,346,116,346,0.000%,.04365,0.02,0.01
PUT /api/items/734,3,149,144,174,174,174,130,174,0.000%,.36145,0.18,0.10
GET /api/items/252,4,275,176,418,418,418,98,418,0.000%,.04018,0.02,0.01
GET /api/items/300,3,152,124,214,214,214,119,214,0.000%,.03421,0.02,0.01
PUT /api/items/870,1,112,112,112,112,112,112,112,0.000%,8.92857,4.49,2.57
GET /api/items/628,2,228,145,311,311,311,145,311,0.000%,.02946,0.01,0.01
PUT /api/items/636,5,201,151,293,312,312,113,312,0.000%,.06243,0.03,0.02
GET /api/items/984,2,130,126,134,134,134,126,134,0.000%,.38351,0.19,0.07
GET /api/items/715,3,158,152,173,173,173,149,173,0.000%,.10508,0.05,0.02
PUT /api/items/930,2,153,133,174,174,174,133,174,0.000%,2.76625,1.39,0.80
GET /api/items/795,3,290,291,405,405,405,174,405,0.000%,.04636,0.02,0.01
GET /api/items/560,2,162,143,181,181,181,143,181,0.000%,.02390,0.01,0.00
PUT /api/items/317,3,213,163,317,317,317,160,317,0.000%,.03760,0.02,0.01
GET /api/items/044,3,215,205,277,277,277,165,277,0.000%,.04204,0.02,0.01
PUT /api/items/482,3,156,165,184,184,184,121,184,0.000%,.11282,0.06,0.03
GET /api/items/022,5,207,195,224,360,360,122,360,0.000%,.07290,0.04,0.01
GET /api/items/538,1,110,110,110,110,110,110,110,0.000%,9.09091,4.57,1.67
PUT /api/items/702,1,132,132,132,132,132,132,132,0.000%,7.57576,3.81,2.18
PUT /api/items/861,2,169,117,222,222,222,117,222,0.000%,.07780,0.04,0.02
PUT /api/items/158,2,289,157,422,422,422,157,422,0.000%,.03023,0.02,0.01
GET /api/items/858,1,143,143,143,143,143,143,143,0.000%,6.99301,3.51,1.28
GET /api/items/219,1,187,187,187,187,187,187,187,0.000%,5.34759,2.69,0.98
PUT /api/items/336,2,267,182,352,352,352,182,352,0.000%,.02757,0.01,0.01
PUT /api/items/709,1,131,131,131,131,131,131,131,0.000%,7.63359,3.84,2.20
GET /api/items/986,4,241,261,303,303,303,129,303,0.000%,.05612,0.03,0.01
GET /api/items/334,5,214,219,237,338,338,113,338,0.000%,.07076,0.04,0.01
GET /api/items/550,3,188,206,213,213,213,147,213,0.000%,.08651,0.04,0.02
GET /api/items/045,3,174,176,216,216,216,130,216,0.000%,.14143,0.07,0.03
GET /api/items/118,3,257,285,340,340,340,146,340,0.000%,.04000,0.02,0.01
PUT /api/items/885,3,253,310,330,330,330,120,330,0.000%,.03820,0.02,0.01
GET /api/items/416,3,179,195,198,198,198,145,198,0.000%,2.84091,1.43,0.52
PUT /api/items/477,1,232,232,232,232,232,232,232,0.000%,4.31034,2.17,1.24
PUT /api/items/748,3,217,184,332,332,332,136,332,0.000%,.05016,0.03,0.01
PUT /api/items/014,2,154,154,155,155,155,154,155,0.000%,2.68097,1.35,0.77
GET /api/items/405,2,174,131,217,217,217,131,217,0.000%,.02198,0.01,0.00
PUT /api/items/512,3,276,298,386,386,386,145,386,0.000%,.03910,0.02,0.01
GET /api/items/099,3,186,145,287,287,287,127,287,0.000%,.03646,0.02,0.01
PUT /api/items/002,3,170,140,237,237,237,134,237,0.000%,.03472,0.02,0.01
GET /api/items/049,4,268,249,384,384,384,157,384,0.000%,.06532,0.03,0.01
PUT /api/items/092,4,205,138,400,400,400,89,400,0.000%,.04020,0.02,0.01
PUT /api/items/114,2,296,221,372,372,372,221,372,0.000%,.02396,0.01,0.01
PUT /api/items/963,1,168,168,168,168,168,168,168,0.000%,5.95238,3.00,1.71
GET /api/items/840,3,116,120,124,124,124,105,124,0.000%,.41923,0.21,0.08
PUT /api/items/004,2,145,132,159,159,159,132,159,0.000%,.96108,0.48,0.28
PUT /api/items/323,3,212,207,282,282,282,148,282,0.000%,.13979,0.07,0.04
GET /api/items/254,6,285,310,323,400,400,123,400,0.000%,.09369,0.05,0.02
PUT /api/items/918,2,155,142,168,168,168,142,168,0.000%,.34650,0.17,0.10
GET /api/items/618,3,261,254,352,352,352,179,352,0.000%,.06410,0.03,0.01
PUT /api/items/608,1,167,167,167,167,167,167,167,0.000%,5.98802,3.01,1.73
GET /api/items/360,2,225,143,307,307,307,143,307,0.000%,.02700,0.01,0.00
PUT /api/items/667,1,154,154,154,154,154,154,154,0.000%,6.49351,3.27,1.87
GET /api/items/627,1,163,163,163,163,163,163,163,0.000%,6.13497,3.09,1.13
GET /api/items/995,5,246,220,358,371,371,113,371,0.000%,.05194,0.03,0.01
PUT /api/items/841,1,105,105,105,105,105,105,105,0.000%,9.52381,4.79,2.74
GET /api/items/732,5,265,299,375,380,380,108,380,0.000%,.06407,0.03,0.01
GET /api/items/876,5,198,208,209,310,310,121,310,0.000%,.06322,0.03,0.01
GET /api/items/001,3,213,145,368,368,368,128,368,0.000%,.04519,0.02,0.01
PUT /api/items/079,2,183,116,250,250,250,116,250,0.000%,.06624,0.03,0.02
GET /api/items/780,4,202,208,254,254,254,123,254,0.000%,.04408,0.02,0.01
PUT /api/items/024,3,170,178,201,201,201,131,201,0.000%,.13328,0.07,0.04
GET /api/items/694,1,121,121,121,121,121,121,121,0.000%,8.26446,4.16,1.52
PUT /api/items/548,1,155,155,155,155,155,155,155,0.000%,6.45161,3.25,1.86
PUT /api/items/034,2,190,131,250,250,250,131,250,0.000%,.06665,0.03,0.02
PUT /api/items/724,6,230,220,289,343,343,100,343,0.000%,.06678,0.03,0.02
GET /api/items/314,5,276,306,310,416,416,101,416,0.000%,.06226,0.03,0.01
GET /api/items/326,3,195,220,264,264,264,103,264,0.000%,.04082,0.02,0.01
GET /api/items/057,6,241,230,283,399,399,101,399,0.000%,.08902,0.04,0.02
PUT /api/items/383,2,296,147,446,446,446,147,446,0.000%,.04618,0.02,0.01
PUT /api/items/420,3,218,182,355,355,355,119,355,0.000%,.05603,0.03,0.02
GET /api/items/353,5,250,206,351,402,402,115,402,0.000%,.05313,0.03,0.01
PUT /api/items/048,2,166,146,186,186,186,146,186,0.000%,.02153,0.01,0.01
GET /api/items/168,1,139,139,139,139,139,139,139,0.000%,7.19424,3.62,1.32
GET /api/items/370,1,141,141,141,141,141,141,141,0.000%,7.09220,3.57,1.30
PUT /api/items/334,1,155,155,155,155,155,155,155,0.000%,6.45161,3.24,1.86
GET /api/items/865,3,234,297,300,300,300,106,300,0.000%,.03602,0.02,0.01
GET /api/items/154,4,216,213,268,268,268,124,268,0.000%,.08255,0.04,0.02
GET /api/items/625,1,138,138,138,138,138,138,138,0.000%,7.24638,3.64,1.33
GET /api/items/354,2,248,137,359,359,359,137,359,0.000%,.02613,0.01,0.00
PUT /api/items/833,3,185,183,219,219,219,154,219,0.000%,.03556,0.02,0.01
PUT /api/items/043,1,112,112,112,112,112,112,112,0.000%,8.92857,4.48,2.57
GET /api/items/259,2,201,109,293,293,293,109,293,0.000%,.02649,0.01,0.00
PUT /api/items/102,4,220,143,358,358,358,140,358,0.000%,.04288,0.02,0.01
GET /api/items/393,4,230,179,379,379,379,116,379,0.000%,.06203,0.03,0.01
GET /api/items/889,3,226,213,334,334,334,132,334,0.000%,.10083,0.05,0.02
GET /api/items/964,2,196,166,226,226,226,166,226,0.000%,.11552,0.06,0.02
PUT /api/items/956,3,206,123,377,377,377,118,377,0.000%,.05471,0.03,0.02
PUT /api/items/648,1,122,122,122,122,122,122,122,0.000%,8.19672,4.12,2.36
GET /api/items/822,3,276,346,375,375,375,109,375,0.000%,.03855,0.02,0.01
PUT /api/items/585,1,119,119,119,119,119,119,119,0.000%,8.40336,4.23,2.42
GET /api/items/554,3,265,319,325,325,325,152,325,0.000%,.04319,0.02,0.01
GET /api/items/173,3,197,183,291,291,291,118,291,0.000%,.03364,0.02,0.01
PUT /api/items/583,3,217,210,339,339,339,104,339,0.000%,.03860,0.02,0.01
GET /api/items/322,4,222,195,286,286,286,152,286,0.000%,.04672,0.02,0.01
PUT /api/items/067,2,157,119,195,195,195,119,195,0.000%,.09901,0.05,0.03
GET /api/items/077,3,192,217,225,225,225,136,225,0.000%,.05383,0.03,0.01
PUT /api/items/752,5,186,203,203,256,256,108,256,0.000%,.05490,0.03,0.02
GET /api/items/250,3,181,196,199,199,199,149,199,0.000%,.03380,0.02,0.01
GET /api/items/338,3,205,233,256,256,256,128,256,0.000%,.04577,0.02,0.01
GET /api/items/616,3,212,235,248,248,248,153,248,0.000%,.07583,0.04,0.01
PUT /api/items/900,2,184,137,231,231,231,137,231,0.000%,.02390,0.01,0.01
GET /api/items/100,1,144,144,144,144,144,144,144,0.000%,6.94444,3.49,1.27
GET /api/items/287,3,195,205,230,230,230,150,230,0.000%,.04268,0.02,0.01
PUT /api/items/137,2,243,115,371,371,371,115,371,0.000%,.03724,0.02,0.01
PUT /api/items/429,3,204,209,300,300,300,105,300,0.000%,.07150,0.04,0.02
GET /api/items/824,4,211,177,328,328,328,121,328,0.000%,.07457,0.04,0.01
PUT /api/items/407,1,142,142,142,142,142,142,142,0.000%,7.04225,3.54,2.03
GET /api/items/615,1,177,177,177,177,177,177,177,0.000%,5.64972,2.84,1.04
GET /api/items/957,3,169,139,247,247,247,121,247,0.000%,.05913,0.03,0.01
GET /api/items/998,3,275,305,396,396,396,126,396,0.000%,.03683,0.02,0.01
GET /api/items/040,6,571,310,338,2182,2182,125,2182,0.000%,.06506,0.03,0.01
PUT /api/items/425,1,126,126,126,126,126,126,126,0.000%,7.93651,3.99,2.29
GET /api/items/545,3,228,153,385,385,385,148,385,0.000%,.04208,0.02,0.01
GET /api/items/738,2,221,134,309,309,309,134,309,0.000%,.03397,0.02,0.01
PUT /api/items/229,1,170,170,170,170,170,170,170,0.000%,5.88235,2.96,1.69
GET /api/items/096,1,150,150,150,150,150,150,150,0.000%,6.66667,3.35,1.22
PUT /api/items/496,1,135,135,135,135,135,135,135,0.000%,7.40741,3.73,2.13
GET /api/items/048,3,187,175,227,227,227,161,227,0.000%,.10290,0.05,0.02
PUT /api/items/529,3,179,165,249,249,249,124,249,0.000%,.12194,0.06,0.04
GET /api/items/125,3,218,224,277,277,277,154,277,0.000%,.03567,0.02,0.01
PUT /api/items/311,2,148,147,150,150,150,147,150,0.000%,.25853,0.13,0.07
GET /api/items/537,1,179,179,179,179,179,179,179,0.000%,5.58659,2.82,1.03
PUT /api/items/020,2,131,117,146,146,146,117,146,0.000%,.02176,0.01,0.01
GET /api/items/931,4,182,167,270,270,270,115,270,0.000%,.04303,0.02,0.01
GET /api/items/990,3,245,237,369,369,369,129,369,0.000%,.05240,0.03,0.01
PUT /api/items/390,1,112,112,112,112,112,112,112,0.000%,8.92857,4.49,2.57
PUT /api/items/935,2,219,143,296,296,296,143,296,0.000%,.02543,0.01,0.01
GET /api/items/321,1,151,151,151,151,151,151,151,0.000%,6.62252,3.32,1.22
GET /api/items/892,5,265,198,366,408,408,162,408,0.000%,.07081,0.04,0.01
GET /api/items/797,1,125,125,125,125,125,125,125,0.000%,8.00000,4.02,1.47
PUT /api/items/246,4,223,106,345,345,345,103,345,0.000%,.04289,0.02,0.01
GET /api/items/496,5,222,165,293,397,397,113,397,0.000%,.05687,0.03,0.01
PUT /api/items/131,2,192,168,216,216,216,168,216,0.000%,.04568,0.02,0.01
GET /api/items/686,3,225,178,346,346,346,153,346,0.000%,.04751,0.02,0.01
PUT /api/items/525,4,158,140,195,195,195,117,195,0.000%,.04517,0.02,0.01
GET /api/items/737,1,251,251,251,251,251,251,251,0.000%,3.98406,2.01,0.73
GET /api/items/624,3,161,129,267,267,267,87,267,0.000%,.03275,0.02,0.01
GET /api/items/575,1,179,179,179,179,179,179,179,0.000%,5.58659,2.81,1.03
PUT /api/items/279,2,235,153,317,317,317,153,317,0.000%,.11452,0.06,0.03
GET /api/items/411,3,165,179,223,223,223,93,223,0.000%,.15499,0.08,0.03
GET /api/items/645,1,94,94,94,94,94,94,94,0.000%,10.63830,5.35,1.95
PUT /api/items/834,3,244,287,337,337,337,108,337,0.000%,.04537,0.02,0.01
PUT /api/items/627,3,209,221,297,297,297,111,297,0.000%,.03675,0.02,0.01
GET /api/items/779,1,104,104,104,104,104,104,104,0.000%,9.61538,4.84,1.77
PUT /api/items/484,1,158,158,158,158,158,158,158,0.000%,6.32911,3.19,1.82
GET /api/items/565,2,156,93,219,219,219,93,219,0.000%,.06288,0.03,0.01
GET /api/items/355,1,131,131,131,131,131,131,131,0.000%,7.63359,3.84,1.40
PUT /api/items/894,2,122,108,136,136,136,108,136,0.000%,.15162,0.08,0.04
GET /api/items/110,2,240,120,361,361,361,120,361,0.000%,.03471,0.02,0.01
PUT /api/items/430,1,139,139,139,139,139,139,139,0.000%,7.19424,3.62,2.07
PUT /api/items/023,2,106,102,111,111,111,102,111,0.000%,.02151,0.01,0.01
GET /api/items/319,1,153,153,153,153,153,153,153,0.000%,6.53595,3.29,1.20
PUT /api/items/901,5,272,325,325,367,367,158,367,0.000%,.06768,0.03,0.02
GET /api/items/176,1,213,213,213,213,213,213,213,0.000%,4.69484,2.36,0.86
GET /api/items/626,1,120,120,120,120,120,120,120,0.000%,8.33333,4.19,1.53
PUT /api/items/054,1,111,111,111,111,111,111,111,0.000%,9.00901,4.52,2.60
GET /api/items/423,3,222,272,282,282,282,112,282,0.000%,.06729,0.03,0.01
GET /api/items/304,4,193,200,218,218,218,144,218,0.000%,.08987,0.05,0.02
PUT /api/items/562,4,251,248,323,323,323,164,323,0.000%,.05308,0.03,0.02
PUT /api/items/725,1,182,182,182,182,182,182,182,0.000%,5.49451,2.76,1.58
GET /api/items/327,2,231,148,315,315,315,148,315,0.000%,.02775,0.01,0.01
GET /api/items/466,4,228,218,290,290,290,186,290,0.000%,.05519,0.03,0.01
PUT /api/items/972,5,297,285,331,452,452,203,452,0.000%,.06411,0.03,0.02
GET /api/items/833,1,166,166,166,166,166,166,166,0.000%,6.02410,3.03,1.11
GET /api/items/804,4,631,162,1891,1891,1891,135,1891,0.000%,.05332,0.03,0.01
GET /api/items/933,2,211,189,233,233,233,189,233,0.000%,.06595,0.03,0.01
PUT /api/items/022,4,214,175,308,308,308,147,308,0.000%,.06250,0.03,0.02
PUT /api/items/908,1,144,144,144,144,144,144,144,0.000%,6.94444,3.50,2.00
PUT /api/items/492,3,218,150,370,370,370,136,370,0.000%,.03331,0.02,0.01
GET /api/items/198,2,229,168,290,290,290,168,290,0.000%,.06555,0.03,0.01
GET /api/items/959,2,224,128,321,321,321,128,321,0.000%,.04956,0.02,0.01
PUT /api/items/869,1,153,153,153,153,153,153,153,0.000%,6.53595,3.29,1.88
GET /api/items/403,2,161,122,201,201,201,122,201,0.000%,.08767,0.04,0.02
GET /api/items/476,1,191,191,191,191,191,191,191,0.000%,5.23560,2.64,0.96
GET /api/items/697,2,231,196,266,266,266,196,266,0.000%,.05195,0.03,0.01
GET /api/items/756,2,203,190,216,216,216,190,216,0.000%,.04694,0.02,0.01
GET /api/items/664,5,230,164,303,384,384,145,384,0.000%,.05807,0.03,0.01
PUT /api/items/449,2,302,198,407,407,407,198,407,0.000%,.04813,0.02,0.01
PUT /api/items/055,2,194,170,218,218,218,170,218,0.000%,.15595,0.08,0.04
PUT /api/items/750,1,176,176,176,176,176,176,176,0.000%,5.68182,2.86,1.64
GET /api/items/041,5,254,225,300,393,393,169,393,0.000%,.07641,0.04,0.01
PUT /api/items/350,6,283,260,381,422,422,161,422,0.000%,.06973,0.04,0.02
GET /api/items/414,1,209,209,209,209,209,209,209,0.000%,4.78469,2.41,0.88
PUT /api/items/504,7,273,199,412,517,517,146,517,0.000%,.08075,0.04,0.02
GET /api/items/165,3,214,186,297,297,297,159,297,0.000%,.03936,0.02,0.01
GET /api/items/299,4,323,355,407,407,407,144,407,0.000%,.05807,0.03,0.01
GET /api/items/431,5,269,265,324,377,377,137,377,0.000%,.07276,0.04,0.01
PUT /api/items/955,1,165,165,165,165,165,165,165,0.000%,6.06061,3.05,1.75
GET /api/items/781,2,205,152,258,258,258,152,258,0.000%,.02876,0.01,0.01
PUT /api/items/514,3,231,247,294,294,294,153,294,0.000%,.08874,0.04,0.03
GET /api/items/531,3,172,176,247,247,247,93,247,0.000%,.03273,0.02,0.01
PUT /api/items/971,2,163,121,206,206,206,121,206,0.000%,.21827,0.11,0.06
GET /api/items/777,2,173,104,243,243,243,104,243,0.000%,.04188,0.02,0.01
PUT /api/items/957,4,165,130,207,207,207,126,207,0.000%,.19342,0.10,0.06
PUT /api/items/756,3,207,184,298,298,298,140,298,0.000%,.03445,0.02,0.01
GET /api/items/894,3,316,347,449,449,449,153,449,0.000%,.04135,0.02,0.01
GET /api/items/726,2,293,202,384,384,384,202,384,0.000%,.04204,0.02,0.01
GET /api/items/082,2,290,260,320,320,320,260,320,0.000%,.05694,0.03,0.01
GET /api/items/693,2,316,181,451,451,451,181,451,0.000%,.03047,0.02,0.01
PUT /api/items/807,1,194,194,194,194,194,194,194,0.000%,5.15464,2.60,1.48
PUT /api/items/500,3,215,216,264,264,264,167,264,0.000%,.07067,0.04,0.02
GET /api/items/966,2,174,134,215,215,215,134,215,0.000%,.11369,0.06,0.02
GET /api/items/761,2,408,236,581,581,581,236,581,0.000%,.04158,0.02,0.01
GET /api/items/418,3,178,141,263,263,263,130,263,0.000%,.03886,0.02,0.01
PUT /api/items/927,2,272,197,347,347,347,197,347,0.000%,.04316,0.02,0.01
PUT /api/items/130,1,205,205,205,205,205,205,205,0.000%,4.87805,2.45,1.41
PUT /api/items/801,2,247,175,319,319,319,175,319,0.000%,.04029,0.02,0.01
GET /api/items/007,2,197,174,220,220,220,174,220,0.000%,.02332,0.01,0.00
PUT /api/items/321,2,243,235,251,251,251,235,251,0.000%,.02962,0.01,0.01
GET /api/items/619,3,175,193,194,194,194,140,194,0.000%,.07054,0.04,0.01
GET /api/items/030,3,194,186,254,254,254,142,254,0.000%,.04577,0.02,0.01
PUT /api/items/507,1,90,90,90,90,90,90,90,0.000%,11.11111,5.59,3.20
PUT /api/items/858,1,138,138,138,138,138,138,138,0.000%,7.24638,3.64,2.09
GET /api/items/475,3,275,294,357,357,357,174,357,0.000%,.03829,0.02,0.01
PUT /api/items/564,4,212,178,351,351,351,101,351,0.000%,.10027,0.05,0.03
GET /api/items/005,2,233,171,296,296,296,171,296,0.000%,.02742,0.01,0.01
GET /api/items/516,2,185,165,205,205,205,165,205,0.000%,.07332,0.04,0.01
GET /api/items/485,2,242,133,351,351,351,133,351,0.000%,.04741,0.02,0.01
PUT /api/items/154,1,165,165,165,165,165,165,165,0.000%,6.06061,3.05,1.75
GET /api/items/919,1,138,138,138,138,138,138,138,0.000%,7.24638,3.65,1.33
GET /api/items/366,3,326,385,392,392,392,203,392,0.000%,.05473,0.03,0.01
PUT /api/items/293,3,283,218,443,443,443,189,443,0.000%,.03740,0.02,0.01
PUT /api/items/947,3,267,236,430,430,430,135,430,0.000%,.05194,0.03,0.01
GET /api/items/015,3,265,272,368,368,368,156,368,0.000%,.04292,0.02,0.01
GET /api/items/339,4,254,244,362,362,362,149,362,0.000%,.05316,0.03,0.01
PUT /api/items/723,2,200,154,247,247,247,154,247,0.000%,.11813,0.06,0.03
GET /api/items/880,1,185,185,185,185,185,185,185,0.000%,5.40541,2.72,0.99
GET /api/items/576,1,212,212,212,212,212,212,212,0.000%,4.71698,2.38,0.87
PUT /api/items/408,2,157,154,161,161,161,154,161,0.000%,.27544,0.14,0.08
GET /api/items/126,1,117,117,117,117,117,117,117,0.000%,8.54701,4.30,1.57
GET /api/items/439,5,235,240,290,350,350,130,350,0.000%,.06784,0.03,0.01
PUT /api/items/218,3,240,269,309,309,309,142,309,0.000%,.05900,0.03,0.02
GET /api/items/778,3,215,190,313,313,313,144,313,0.000%,.04792,0.02,0.01
PUT /api/items/206,5,242,274,276,323,323,138,323,0.000%,.06585,0.03,0.02
GET /api/items/731,2,229,201,258,258,258,201,258,0.000%,.06170,0.03,0.01
GET /api/items/915,3,338,258,535,535,535,221,535,0.000%,.05287,0.03,0.01
PUT /api/items/445,2,196,161,232,232,232,161,232,0.000%,.05022,0.03,0.01
GET /api/items/564,2,194,174,214,214,214,174,214,0.000%,.02371,0.01,0.00
PUT /api/items/737,3,319,344,362,362,362,253,362,0.000%,.03905,0.02,0.01
GET /api/items/498,1,171,171,171,171,171,171,171,0.000%,5.84795,2.95,1.07
PUT /api/items/359,1,143,143,143,143,143,143,143,0.000%,6.99301,3.52,2.01
GET /api/items/685,4,254,243,342,342,342,150,342,0.000%,.05541,0.03,0.01
GET /api/items/148,5,235,248,249,362,362,104,362,0.000%,.05620,0.03,0.01
GET /api/items/456,4,248,185,403,403,403,147,403,0.000%,.05059,0.03,0.01
PUT /api/items/682,3,320,273,458,458,458,230,458,0.000%,.04052,0.02,0.01
PUT /api/items/684,1,232,232,232,232,232,232,232,0.000%,4.31034,2.17,1.24
PUT /api/items/106,2,202,166,239,239,239,166,239,0.000%,.04921,0.02,0.01
GET /api/items/500,1,149,149,149,149,149,149,149,0.000%,6.71141,3.38,1.23
GET /api/items/337,3,221,159,360,360,360,145,360,0.000%,.07602,0.04,0.01
GET /api/items/388,1,129,129,129,129,129,129,129,0.000%,7.75194,3.91,1.42
GET /api/items/793,3,231,257,299,299,299,139,299,0.000%,.04240,0.02,0.01
PUT /api/items/057,2,271,187,355,355,355,187,355,0.000%,.03724,0.02,0.01
GET /api/items/896,2,227,145,310,310,310,145,310,0.000%,.05533,0.03,0.01
GET /api/items/727,4,250,176,423,423,423,161,423,0.000%,.06240,0.03,0.01
PUT /api/items/260,1,156,156,156,156,156,156,156,0.000%,6.41026,3.22,1.85
PUT /api/items/846,1,111,111,111,111,111,111,111,0.000%,9.00901,4.53,2.60
GET /api/items/239,1,199,199,199,199,199,199,199,0.000%,5.02513,2.53,0.92
PUT /api/items/094,5,285,229,360,528,528,137,528,0.000%,.06041,0.03,0.02
GET /api/items/461,2,158,139,177,177,177,139,177,0.000%,.10025,0.05,0.02
PUT /api/items/770,2,156,125,187,187,187,125,187,0.000%,.02379,0.01,0.01
GET /api/items/297,1,120,120,120,120,120,120,120,0.000%,8.33333,4.19,1.53
GET /api/items/662,2,228,128,329,329,329,128,329,0.000%,.03076,0.02,0.01
GET /api/items/663,2,160,121,200,200,200,121,200,0.000%,.02275,0.01,0.00
PUT /api/items/593,3,325,352,357,357,357,266,357,0.000%,.04815,0.02,0.01
PUT /api/items/945,5,234,216,265,303,303,195,303,0.000%,.06178,0.03,0.02
GET /api/items/912,4,227,188,355,355,355,101,355,0.000%,.04626,0.02,0.01
GET /api/items/293,1,202,202,202,202,202,202,202,0.000%,4.95050,2.49,0.91
PUT /api/items/124,3,176,204,223,223,223,101,223,0.000%,.03460,0.02,0.01
GET /api/items/941,4,629,187,1891,1891,1891,132,1891,0.000%,.04914,0.02,0.01
PUT /api/items/007,1,247,247,247,247,247,247,247,0.000%,4.04858,2.03,1.17
PUT /api/items/733,3,225,181,342,342,342,153,342,0.000%,.04861,0.02,0.01
GET /api/items/784,3,209,211,267,267,267,150,267,0.000%,.07914,0.04,0.01
GET /api/items/345,3,179,171,224,224,224,142,224,0.000%,.37955,0.19,0.07
PUT /api/items/112,3,301,269,374,374,374,262,374,0.000%,.04494,0.02,0.01
PUT /api/items/899,2,237,192,283,283,283,192,283,0.000%,.03275,0.02,0.01
GET /api/items/539,1,115,115,115,115,115,115,115,0.000%,8.69565,4.37,1.60
GET /api/items/234,5,299,295,341,388,388,187,388,0.000%,.06678,0.03,0.01
GET /api/items/503,2,188,132,244,244,244,132,244,0.000%,.04321,0.02,0.01
PUT /api/items/303,2,204,137,272,272,272,137,272,0.000%,.09846,0.05,0.03
PUT /api/items/443,1,177,177,177,177,177,177,177,0.000%,5.64972,2.85,1.63
PUT /api/items/742,1,163,163,163,163,163,163,163,0.000%,6.13497,3.09,1.77
GET /api/items/608,2,164,139,190,190,190,139,190,0.000%,.32879,0.17,0.06
GET /api/items/818,2,198,181,215,215,215,181,215,0.000%,.06222,0.03,0.01
GET /api/items/258,3,209,239,245,245,245,145,245,0.000%,.11686,0.06,0.02
PUT /api/items/077,2,248,158,339,339,339,158,339,0.000%,.04534,0.02,0.01
GET /api/items/124,2,242,206,278,278,278,206,278,0.000%,.02536,0.01,0.00
GET /api/items/589,3,236,253,287,287,287,168,287,0.000%,.04954,0.02,0.01
GET /api/items/260,2,206,143,269,269,269,143,269,0.000%,.52247,0.26,0.10
GET /api/items/469,1,159,159,159,159,159,159,159,0.000%,6.28931,3.16,1.15
PUT /api/items/979,2,175,138,212,212,212,138,212,0.000%,.15499,0.08,0.04
GET /api/items/702,2,265,194,336,336,336,194,336,0.000%,.04462,0.02,0.01
PUT /api/items/910,2,244,137,351,351,351,137,351,0.000%,.03614,0.02,0.01
PUT /api/items/994,4,265,304,348,348,348,100,348,0.000%,.05899,0.03,0.02
GET /api/items/817,2,181,113,250,250,250,113,250,0.000%,.04749,0.02,0.01
PUT /api/items/083,2,198,166,231,231,231,166,231,0.000%,.02422,0.01,0.01
GET /api/items/733,3,199,198,252,252,252,149,252,0.000%,.08124,0.04,0.01
GET /api/items/872,4,278,305,346,346,346,118,346,0.000%,.06049,0.03,0.01
PUT /api/items/172,3,226,200,316,316,316,163,316,0.000%,.12269,0.06,0.04
GET /api/items/398,2,142,139,146,146,146,139,146,0.000%,.12004,0.06,0.02
GET /api/items/012,2,230,180,281,281,281,180,281,0.000%,.02841,0.01,0.01
PUT /api/items/304,1,167,167,167,167,167,167,167,0.000%,5.98802,3.01,1.73
GET /api/items/172,3,218,236,276,276,276,144,276,0.000%,.13557,0.07,0.02
GET /api/items/079,3,221,237,258,258,258,170,258,0.000%,.14747,0.07,0.03
PUT /api/items/877,2,192,183,201,201,201,183,201,0.000%,.21265,0.11,0.06
GET /api/items/090,3,284,304,364,364,364,186,364,0.000%,.05538,0.03,0.01
GET /api/items/682,3,193,204,233,233,233,144,233,0.000%,.15793,0.08,0.03
GET /api/items/134,3,190,162,328,328,328,80,328,0.000%,.03471,0.02,0.01
PUT /api/items/820,2,233,206,261,261,261,206,261,0.000%,.03765,0.02,0.01
PUT /api/items/738,4,229,224,292,292,292,123,292,0.000%,.18100,0.09,0.05
PUT /api/items/200,1,184,184,184,184,184,184,184,0.000%,5.43478,2.74,1.57
GET /api/items/200,1,122,122,122,122,122,122,122,0.000%,8.19672,4.12,1.50
PUT /api/items/216,2,192,128,257,257,257,128,257,0.000%,.02423,0.01,0.01
GET /api/items/630,2,156,154,159,159,159,154,159,0.000%,1.48368,0.75,0.27
GET /api/items/854,4,304,309,375,375,375,196,375,0.000%,.05327,0.03,0.01
GET /api/items/600,3,240,184,414,414,414,122,414,0.000%,.03621,0.02,0.01
PUT /api/items/680,2,260,203,318,318,318,203,318,0.000%,.08121,0.04,0.02
PUT /api/items/753,3,267,276,374,374,374,151,374,0.000%,.04081,0.02,0.01
PUT /api/items/618,2,274,203,346,346,346,203,346,0.000%,.04003,0.02,0.01
GET /api/items/758,2,247,151,344,344,344,151,344,0.000%,.02867,0.01,0.01
GET /api/items/801,2,198,178,218,218,218,178,218,0.000%,.09915,0.05,0.02
PUT /api/items/134,3,186,183,199,199,199,176,199,0.000%,.03786,0.02,0.01
GET /api/items/069,1,205,205,205,205,205,205,205,0.000%,4.87805,2.45,0.90
PUT /api/items/232,1,172,172,172,172,172,172,172,0.000%,5.81395,2.93,1.67
GET /api/items/006,2,195,173,217,217,217,173,217,0.000%,.02848,0.01,0.01
GET /api/items/294,1,189,189,189,189,189,189,189,0.000%,5.29101,2.67,0.97
GET /api/items/520,4,309,290,410,410,410,145,410,0.000%,.07795,0.04,0.01
PUT /api/items/611,3,171,169,231,231,231,115,231,0.000%,.03884,0.02,0.01
GET /api/items/938,2,176,145,207,207,207,145,207,0.000%,.19741,0.10,0.04
PUT /api/items/187,2,249,167,332,332,332,167,332,0.000%,.03406,0.02,0.01
GET /api/items/944,4,203,181,255,255,255,137,255,0.000%,.04828,0.02,0.01
PUT /api/items/708,3,175,206,226,226,226,94,226,0.000%,.03449,0.02,0.01
GET /api/items/436,4,244,199,368,368,368,117,368,0.000%,.05989,0.03,0.01
GET /api/items/292,3,262,250,422,422,422,114,422,0.000%,.04002,0.02,0.01
PUT /api/items/473,2,137,129,145,145,145,129,145,0.000%,.40339,0.20,0.12
PUT /api/items/091,2,172,161,183,183,183,161,183,0.000%,.57339,0.29,0.17
GET /api/items/415,1,169,169,169,169,169,169,169,0.000%,5.91716,2.98,1.09
GET /api/items/486,4,201,134,385,385,385,118,385,0.000%,.05661,0.03,0.01
PUT /api/items/629,1,134,134,134,134,134,134,134,0.000%,7.46269,3.75,2.15
PUT /api/items/814,1,183,183,183,183,183,183,183,0.000%,5.46448,2.75,1.57
GET /api/items/036,4,221,195,319,319,319,148,319,0.000%,.06914,0.03,0.01
GET /api/items/051,4,243,230,308,308,308,195,308,0.000%,.12651,0.06,0.02
PUT /api/items/905,3,223,235,306,306,306,129,306,0.000%,.10913,0.05,0.03
PUT /api/items/933,2,192,97,288,288,288,97,288,0.000%,.02609,0.01,0.01
GET /api/items/849,3,192,190,231,231,231,155,231,0.000%,.15310,0.08,0.03
GET /api/items/701,2,249,202,297,297,297,202,297,0.000%,.02934,0.01,0.01
GET /api/items/635,3,272,193,444,444,444,179,444,0.000%,.08107,0.04,0.01
PUT /api/items/070,4,275,202,416,416,416,191,416,0.000%,.06924,0.03,0.02
PUT /api/items/405,3,305,317,451,451,451,148,451,0.000%,.03899,0.02,0.01
GET /api/items/609,2,201,120,283,283,283,120,283,0.000%,.12548,0.06,0.02
GET /api/items/177,2,1087,150,2024,2024,2024,150,2024,0.000%,.07619,0.04,0.01
GET /api/items/656,4,252,279,314,314,314,117,314,0.000%,.06574,0.03,0.01
GET /api/items/814,3,167,166,182,182,182,153,182,0.000%,.03814,0.02,0.01
PUT /api/items/712,1,116,116,116,116,116,116,116,0.000%,8.62069,4.34,2.48
GET /api/items/853,2,210,124,297,297,297,124,297,0.000%,.07506,0.04,0.01
GET /api/items/333,3,211,208,252,252,252,174,252,0.000%,.04030,0.02,0.01
GET /api/items/413,2,256,176,336,336,336,176,336,0.000%,.02850,0.01,0.01
GET /api/items/768,4,211,202,276,276,276,152,276,0.000%,.06292,0.03,0.01
GET /api/items/511,2,183,121,245,245,245,121,245,0.000%,.38168,0.19,0.07
PUT /api/items/911,3,244,279,282,282,282,173,282,0.000%,.04427,0.02,0.01
PUT /api/items/650,2,241,232,251,251,251,232,251,0.000%,.56657,0.28,0.16
GET /api/items/819,1,135,135,135,135,135,135,135,0.000%,7.40741,3.73,1.36
GET /api/items/744,2,147,112,183,183,183,112,183,0.000%,.06954,0.04,0.01
PUT /api/items/294,2,230,125,335,335,335,125,335,0.000%,.06783,0.03,0.02
PUT /api/items/616,2,265,257,274,274,274,257,274,0.000%,.03011,0.02,0.01
PUT /api/items/042,2,201,187,216,216,216,187,216,0.000%,.25085,0.13,0.07
GET /api/items/450,2,195,153,237,237,237,153,237,0.000%,.10662,0.05,0.02
GET /api/items/490,4,263,203,508,508,508,137,508,0.000%,.09844,0.05,0.02
PUT /api/items/005,2,219,185,253,253,253,185,253,0.000%,.12780,0.06,0.04
PUT /api/items/308,2,182,113,251,251,251,113,251,0.000%,.06916,0.03,0.02
GET /api/items/216,5,237,281,284,312,312,128,312,0.000%,.06564,0.03,0.01
GET /api/items/166,2,204,168,240,240,240,168,240,0.000%,.07057,0.04,0.01
PUT /api/items/958,2,270,220,321,321,321,220,321,0.000%,.03256,0.02,0.01
PUT /api/items/915,2,195,162,228,228,228,162,228,0.000%,.07003,0.04,0.02
PUT /api/items/886,1,170,170,170,170,170,170,170,0.000%,5.88235,2.96,1.69
PUT /api/items/710,2,382,329,436,436,436,329,436,0.000%,.03650,0.02,0.01
GET /api/items/193,3,208,199,237,237,237,188,237,0.000%,.04087,0.02,0.01
GET /api/items/433,1,283,283,283,283,283,283,283,0.000%,3.53357,1.78,0.65
GET /api/items/943,2,218,218,219,219,219,218,219,0.000%,.18225,0.09,0.03
PUT /api/items/399,2,242,236,249,249,249,236,249,0.000%,.07362,0.04,0.02
GET /api/items/426,1,183,183,183,183,183,183,183,0.000%,5.46448,2.75,1.00
GET /api/items/842,3,218,197,288,288,288,169,288,0.000%,.04116,0.02,0.01
PUT /api/items/244,3,256,269,376,376,376,124,376,0.000%,.04543,0.02,0.01
GET /api/items/101,2,243,158,329,329,329,158,329,0.000%,.03947,0.02,0.01
GET /api/items/677,2,1040,143,1938,1938,1938,143,1938,0.000%,.08090,0.04,0.01
GET /api/items/281,1,204,204,204,204,204,204,204,0.000%,4.90196,2.47,0.90
GET /api/items/203,1,219,219,219,219,219,219,219,0.000%,4.56621,2.30,0.84
PUT /api/items/204,3,216,248,250,250,250,151,250,0.000%,.04204,0.02,0.01
GET /api/items/878,1,205,205,205,205,205,205,205,0.000%,4.87805,2.45,0.90
GET /api/items/047,2,219,114,324,324,324,114,324,0.000%,.04894,0.02,0.01
GET /api/items/484,1,140,140,140,140,140,140,140,0.000%,7.14286,3.59,1.31
GET /api/items/962,2,183,128,238,238,238,128,238,0.000%,.04405,0.02,0.01
GET /api/items/106,3,492,242,1108,1108,1108,128,1108,0.000%,.04068,0.02,0.01
GET /api/items/644,2,269,151,387,387,387,151,387,0.000%,.46893,0.24,0.09
PUT /api/items/344,2,235,205,265,265,265,205,265,0.000%,.02827,0.01,0.01
PUT /api/items/823,2,125,80,171,171,171,80,171,0.000%,.02417,0.01,0.01
PUT /api/items/109,1,237,237,237,237,237,237,237,0.000%,4.21941,2.13,1.22
GET /api/items/446,3,313,289,432,432,432,220,432,0.000%,.04794,0.02,0.01
GET /api/items/114,1,243,243,243,243,243,243,243,0.000%,4.11523,2.07,0.76
GET /api/items/139,4,185,191,205,205,205,149,205,0.000%,.05335,0.03,0.01
PUT /api/items/122,3,190,187,226,226,226,159,226,0.000%,.03763,0.02,0.01
GET /api/items/603,6,211,212,241,247,247,169,247,0.000%,.18938,0.10,0.03
GET /api/items/861,3,294,326,367,367,367,189,367,0.000%,.09115,0.05,0.02
PUT /api/items/498,1,175,175,175,175,175,175,175,0.000%,5.71429,2.88,1.65
PUT /api/items/086,3,194,188,231,231,231,163,231,0.000%,.05568,0.03,0.02
PUT /api/items/520,1,205,205,205,205,205,205,205,0.000%,4.87805,2.46,1.41
GET /api/items/313,2,304,292,316,316,316,292,316,0.000%,.04904,0.02,0.01
GET /api/items/592,1,296,296,296,296,296,296,296,0.000%,3.37838,1.70,0.62
GET /api/items/017,3,260,241,340,340,340,200,340,0.000%,.05102,0.03,0.01
PUT /api/items/327,1,306,306,306,306,306,306,306,0.000%,3.26797,1.65,0.94
PUT /api/items/212,1,184,184,184,184,184,184,184,0.000%,5.43478,2.74,1.57
GET /api/items/011,3,253,285,305,305,305,169,305,0.000%,.04630,0.02,0.01
PUT /api/items/503,2,239,140,338,338,338,140,338,0.000%,.05579,0.03,0.02
GET /api/items/850,3,195,242,280,280,280,63,280,0.000%,.03617,0.02,0.01
GET /api/items/755,2,222,220,225,225,225,220,225,0.000%,.29231,0.15,0.05
GET /api/items/379,5,255,265,273,294,294,210,294,0.000%,.06845,0.03,0.01
GET /api/items/665,1,164,164,164,164,164,164,164,0.000%,6.09756,3.07,1.12
PUT /api/items/998,2,166,127,206,206,206,127,206,0.000%,.24059,0.12,0.07
PUT /api/items/876,1,145,145,145,145,145,145,145,0.000%,6.89655,3.48,1.99
GET /api/items/109,3,134,140,182,182,182,80,182,0.000%,.03690,0.02,0.01
GET /api/items/956,2,166,164,169,169,169,164,169,0.000%,.11496,0.06,0.02
GET /api/items/886,1,194,194,194,194,194,194,194,0.000%,5.15464,2.60,0.95
PUT /api/items/438,2,225,190,261,261,261,190,261,0.000%,.04573,0.02,0.01
GET /api/items/087,1,213,213,213,213,213,213,213,0.000%,4.69484,2.36,0.86
PUT /api/items/181,1,180,180,180,180,180,180,180,0.000%,5.55556,2.80,1.60
PUT /api/items/120,3,210,158,321,321,321,151,321,0.000%,.03960,0.02,0.01
GET /api/items/763,1,158,158,158,158,158,158,158,0.000%,6.32911,3.19,1.16
GET /api/items/905,3,303,335,384,384,384,191,384,0.000%,.07017,0.04,0.01
GET /api/items/026,2,196,125,267,267,267,125,267,0.000%,.02696,0.01,0.00
PUT /api/items/982,3,233,252,325,325,325,124,325,0.000%,.07885,0.04,0.02
GET /api/items/802,2,160,144,176,176,176,144,176,0.000%,.02662,0.01,0.00
PUT /api/items/999,2,253,172,335,335,335,172,335,0.000%,.03405,0.02,0.01
GET /api/items/932,1,161,161,161,161,161,161,161,0.000%,6.21118,3.13,1.14
GET /api/items/086,2,336,183,490,490,490,183,490,0.000%,.03062,0.02,0.01
PUT /api/items/761,2,208,179,237,237,237,179,237,0.000%,.83857,0.42,0.24
GET /api/items/652,4,197,168,326,326,326,119,326,0.000%,.05076,0.03,0.01
PUT /api/items/226,3,234,222,342,342,342,139,342,0.000%,.06398,0.03,0.02
PUT /api/items/064,2,243,159,327,327,327,159,327,0.000%,.04428,0.02,0.01
GET /api/items/568,3,227,174,374,374,374,135,374,0.000%,.04727,0.02,0.01
GET /api/items/132,3,161,178,203,203,203,104,203,0.000%,.03743,0.02,0.01
PUT /api/items/016,1,157,157,157,157,157,157,157,0.000%,6.36943,3.20,1.83
PUT /api/items/469,2,250,171,329,329,329,171,329,0.000%,.03692,0.02,0.01
PUT /api/items/672,2,168,147,190,190,190,147,190,0.000%,.07201,0.04,0.02
GET /api/items/280,2,183,157,210,210,210,157,210,0.000%,.80841,0.41,0.15
GET /api/items/684,2,164,130,198,198,198,130,198,0.000%,.02623,0.01,0.00
PUT /api/items/657,2,306,140,472,472,472,140,472,0.000%,.03975,0.02,0.01
GET /api/items/037,3,242,220,297,297,297,210,297,0.000%,.04436,0.02,0.01
GET /api/items/473,1,223,223,223,223,223,223,223,0.000%,4.48430,2.26,0.82
PUT /api/items/623,1,189,189,189,189,189,189,189,0.000%,5.29101,2.66,1.52
PUT /api/items/499,1,203,203,203,203,203,203,203,0.000%,4.92611,2.48,1.42
GET /api/items/129,4,232,206,300,300,300,192,300,0.000%,.17155,0.09,0.03
GET /api/items/844,4,609,283,1610,1610,1610,195,1610,0.000%,.05329,0.03,0.01
PUT /api/items/486,1,247,247,247,247,247,247,247,0.000%,4.04858,2.04,1.17
GET /api/items/483,3,197,210,228,228,228,155,228,0.000%,.08786,0.04,0.02
PUT /api/items/182,3,216,240,252,252,252,157,252,0.000%,.04739,0.02,0.01
GET /api/items/649,2,259,168,351,351,351,168,351,0.000%,.06457,0.03,0.01
PUT /api/items/969,5,259,231,352,361,361,150,361,0.000%,.07381,0.04,0.02
GET /api/items/167,2,277,171,384,384,384,171,384,0.000%,.04983,0.03,0.01
PUT /api/items/557,4,200,174,280,280,280,129,280,0.000%,.05545,0.03,0.02
GET /api/items/898,3,275,253,336,336,336,237,336,0.000%,.05318,0.03,0.01
GET /api/items/978,2,212,159,265,265,265,159,265,0.000%,.08179,0.04,0.02
GET /api/items/023,2,346,222,470,470,470,222,470,0.000%,.03488,0.02,0.01
PUT /api/items/614,3,313,370,411,411,411,159,411,0.000%,.05837,0.03,0.02
PUT /api/items/619,3,289,284,356,356,356,228,356,0.000%,.05387,0.03,0.02
GET /api/items/935,1,267,267,267,267,267,267,267,0.000%,3.74532,1.89,0.69
PUT /api/items/135,2,350,234,467,467,467,234,467,0.000%,.04144,0.02,0.01
GET /api/items/373,1,148,148,148,148,148,148,148,0.000%,6.75676,3.40,1.24
PUT /api/items/177,3,247,270,274,274,274,199,274,0.000%,.16614,0.08,0.05
PUT /api/items/644,1,193,193,193,193,193,193,193,0.000%,5.18135,2.61,1.49
GET /api/items/499,1,178,178,178,178,178,178,178,0.000%,5.61798,2.83,1.03
PUT /api/items/384,1,224,224,224,224,224,224,224,0.000%,4.46429,2.25,1.29
GET /api/items/108,3,323,348,370,370,370,253,370,0.000%,.05120,0.03,0.01
PUT /api/items/101,4,318,292,429,429,429,201,429,0.000%,.07413,0.04,0.02
GET /api/items/623,1,217,217,217,217,217,217,217,0.000%,4.60829,2.32,0.85
PUT /api/items/340,2,310,218,403,403,403,218,403,0.000%,.04047,0.02,0.01
PUT /api/items/728,2,212,125,299,299,299,125,299,0.000%,.03148,0.02,0.01
PUT /api/items/339,1,166,166,166,166,166,166,166,0.000%,6.02410,3.04,1.74
GET /api/items/157,4,224,211,272,272,272,153,272,0.000%,.13921,0.07,0.03
PUT /api/items/706,1,122,122,122,122,122,122,122,0.000%,8.19672,4.13,2.36
GET /api/items/435,1,158,158,158,158,158,158,158,0.000%,6.32911,2.97,1.16
GET /api/items/719,2,204,117,291,291,291,117,291,0.000%,.04684,0.02,0.01
PUT /api/items/275,2,148,146,150,150,150,146,150,0.000%,.02621,0.01,0.01
PUT /api/items/116,3,261,250,327,327,327,208,327,0.000%,.04541,0.02,0.01
PUT /api/items/301,2,248,215,281,281,281,215,281,0.000%,.03654,0.02,0.01
GET /api/items/174,1,294,294,294,294,294,294,294,0.000%,3.40136,1.71,0.62
PUT /api/items/792,2,255,228,282,282,282,228,282,0.000%,.04363,0.02,0.01
GET /api/items/917,1,243,243,243,243,243,243,243,0.000%,4.11523,2.07,0.76
PUT /api/items/155,2,204,183,226,226,226,183,226,0.000%,.37051,0.19,0.11
PUT /api/items/058,3,274,272,346,346,346,205,346,0.000%,.04830,0.02,0.01
GET /api/items/056,3,237,229,286,286,286,198,286,0.000%,.04256,0.02,0.01
PUT /api/items/628,4,228,172,317,317,317,115,317,0.000%,.05404,0.03,0.02
GET /api/items/631,3,272,282,302,302,302,233,302,0.000%,.04305,0.02,0.01
GET /api/items/150,1,197,197,197,197,197,197,197,0.000%,5.07614,2.56,0.93
GET /api/items/332,3,170,155,202,202,202,155,202,0.000%,.15515,0.08,0.03
GET /api/items/692,1,228,228,228,228,228,228,228,0.000%,4.38596,2.21,0.81
GET /api/items/535,1,163,163,163,163,163,163,163,0.000%,6.13497,3.09,1.13
PUT /api/items/489,1,151,151,151,151,151,151,151,0.000%,6.62252,3.34,1.91
GET /api/items/443,3,239,207,345,345,345,165,345,0.000%,.04252,0.02,0.01
GET /api/items/481,1,198,198,198,198,198,198,198,0.000%,5.05051,2.54,0.93
PUT /api/items/837,2,257,181,333,333,333,181,333,0.000%,.03643,0.02,0.01
PUT /api/items/916,3,332,314,434,434,434,248,434,0.000%,.05872,0.03,0.02
GET /api/items/460,1,266,266,266,266,266,266,266,0.000%,3.75940,1.89,0.69
GET /api/items/208,3,277,289,310,310,310,233,310,0.000%,.06528,0.03,0.01
GET /api/items/648,1,213,213,213,213,213,213,213,0.000%,4.69484,2.36,0.86
GET /api/items/658,2,221,185,258,258,258,185,258,0.000%,.14170,0.07,0.03
PUT /api/items/721,1,137,137,137,137,137,137,137,0.000%,7.29927,3.68,2.10
GET /api/items/578,3,255,235,303,303,303,228,303,0.000%,.05517,0.03,0.01
GET /api/items/989,2,197,161,234,234,234,161,234,0.000%,7.06714,3.56,1.30
PUT /api/items/354,2,254,180,329,329,329,180,329,0.000%,.07030,0.04,0.02
PUT /api/items/285,2,159,137,182,182,182,137,182,0.000%,1.02934,0.52,0.30
PUT /api/items/668,1,218,218,218,218,218,218,218,0.000%,4.58716,2.31,1.32
GET /api/items/035,2,215,138,293,293,293,138,293,0.000%,.09691,0.05,0.02
GET /api/items/251,2,217,198,236,236,236,198,236,0.000%,.02798,0.01,0.01
GET /api/items/453,2,229,137,322,322,322,137,322,0.000%,.14645,0.07,0.03
PUT /api/items/389,1,168,168,168,168,168,168,168,0.000%,5.95238,3.00,1.71
GET /api/items/955,4,238,207,315,315,315,142,315,0.000%,.09255,0.05,0.02
GET /api/items/454,3,235,248,256,256,256,203,256,0.000%,.04770,0.02,0.01
GET /api/items/028,2,179,154,204,204,204,154,204,0.000%,.27020,0.14,0.05
PUT /api/items/892,5,468,341,353,1278,1278,170,1278,0.000%,.07199,0.04,0.02
GET /api/items/857,4,245,207,403,403,403,164,403,0.000%,.06872,0.03,0.01
PUT /api/items/215,4,239,233,262,262,262,203,262,0.000%,.06727,0.03,0.02
GET /api/items/607,4,271,187,410,410,410,128,410,0.000%,.05461,0.03,0.01
PUT /api/items/105,1,266,266,266,266,266,266,266,0.000%,3.75940,1.89,1.08
GET /api/items/210,2,115,68,163,163,163,68,163,0.000%,.02660,0.01,0.00
PUT /api/items/380,1,223,223,223,223,223,223,223,0.000%,4.48430,2.26,1.29
GET /api/items/088,2,298,283,314,314,314,283,314,0.000%,.04074,0.02,0.01
GET /api/items/242,5,302,305,305,424,424,201,424,0.000%,.10198,0.05,0.02
PUT /api/items/185,3,253,256,409,409,409,94,409,0.000%,.04040,0.02,0.01
GET /api/items/348,1,222,222,222,222,222,222,222,0.000%,4.50450,2.27,0.83
GET /api/items/580,2,265,215,316,316,316,215,316,0.000%,.08660,0.04,0.02
PUT /api/items/291,2,185,130,240,240,240,130,240,0.000%,.02834,0.01,0.01
GET /api/items/668,3,285,331,367,367,367,159,367,0.000%,.05852,0.03,0.01
PUT /api/items/104,1,248,248,248,248,248,248,248,0.000%,4.03226,2.03,1.16
GET /api/items/080,2,241,234,248,248,248,234,248,0.000%,.03449,0.02,0.01
GET /api/items/593,2,275,201,350,350,350,201,350,0.000%,.04071,0.02,0.01
GET /api/items/093,1,151,151,151,151,151,151,151,0.000%,6.62252,3.33,1.22
GET /api/items/432,2,194,152,236,236,236,152,236,0.000%,.06454,0.03,0.01
PUT /api/items/961,4,205,178,327,327,327,131,327,0.000%,.09924,0.05,0.03
GET /api/items/617,3,283,284,422,422,422,144,422,0.000%,.04742,0.02,0.01
GET /api/items/953,3,239,245,326,326,326,147,326,0.000%,.09106,0.05,0.02
PUT /api/items/259,1,249,249,249,249,249,249,249,0.000%,4.01606,2.02,1.16
PUT /api/items/090,2,197,123,272,272,272,123,272,0.000%,.02841,0.01,0.01
GET /api/items/867,2,1108,196,2020,2020,2020,196,2020,0.000%,.12814,0.06,0.02
GET /api/items/621,1,175,175,175,175,175,175,175,0.000%,5.71429,2.88,1.05
PUT /api/items/902,1,212,212,212,212,212,212,212,0.000%,4.71698,2.38,1.36
GET /api/items/434,1,231,231,231,231,231,231,231,0.000%,4.32900,2.18,0.79
PUT /api/items/097,3,235,250,320,320,320,136,320,0.000%,.06322,0.03,0.02
PUT /api/items/115,1,251,251,251,251,251,251,251,0.000%,3.98406,2.01,1.15
GET /api/items/586,2,235,197,273,273,273,197,273,0.000%,.05514,0.03,0.01
PUT /api/items/011,2,254,174,334,334,334,174,334,0.000%,.03763,0.02,0.01
GET /api/items/205,1,210,210,210,210,210,210,210,0.000%,4.76190,2.40,0.87
PUT /api/items/346,1,156,156,156,156,156,156,156,0.000%,6.41026,3.23,1.85
GET /api/items/835,2,215,132,299,299,299,132,299,0.000%,.05107,0.03,0.01
GET /api/items/117,2,383,192,575,575,575,192,575,0.000%,.11107,0.06,0.02
PUT /api/items/258,3,233,247,300,300,300,154,300,0.000%,.05379,0.03,0.02
GET /api/items/988,2,365,251,479,479,479,251,479,0.000%,.06288,0.03,0.01
GET /api/items/838,1,245,245,245,245,245,245,245,0.000%,4.08163,2.05,0.75
PUT /api/items/485,1,339,339,339,339,339,339,339,0.000%,2.94985,1.48,0.85
PUT /api/items/508,1,260,260,260,260,260,260,260,0.000%,3.84615,1.93,1.11
PUT /api/items/362,1,228,228,228,228,228,228,228,0.000%,4.38596,2.21,1.26
PUT /api/items/986,2,199,178,220,220,220,178,220,0.000%,.03067,0.02,0.01
GET /api/items/566,2,172,139,206,206,206,139,206,0.000%,.02904,0.01,0.01
GET /api/items/283,3,211,213,242,242,242,180,242,0.000%,.18102,0.09,0.03
PUT /api/items/598,2,132,131,133,133,133,131,133,0.000%,.11030,0.06,0.03
GET /api/items/199,1,137,137,137,137,137,137,137,0.000%,7.29927,3.66,1.34
GET /api/items/277,1,221,221,221,221,221,221,221,0.000%,4.52489,2.28,0.83
PUT /api/items/355,2,297,262,332,332,332,262,332,0.000%,.11913,0.06,0.03
PUT /api/items/602,2,247,224,270,270,270,224,270,0.000%,.03464,0.02,0.01
GET /api/items/796,2,275,217,334,334,334,217,334,0.000%,.05460,0.03,0.01
PUT /api/items/789,2,253,194,312,312,312,194,312,0.000%,.03995,0.02,0.01
PUT /api/items/379,1,271,271,271,271,271,271,271,0.000%,3.69004,1.86,1.06
GET /api/items/906,2,172,158,187,187,187,158,187,0.000%,.12272,0.06,0.02
PUT /api/items/149,1,227,227,227,227,227,227,227,0.000%,4.40529,2.22,1.27
PUT /api/items/326,2,193,149,237,237,237,149,237,0.000%,.05203,0.03,0.01
GET /api/items/141,4,286,289,350,350,350,199,350,0.000%,.07703,0.04,0.01
PUT /api/items/907,1,153,153,153,153,153,153,153,0.000%,6.53595,3.06,1.88
GET /api/items/786,4,243,196,329,329,329,180,329,0.000%,.07891,0.04,0.01
PUT /api/items/997,2,122,68,176,176,176,68,176,0.000%,.02785,0.01,0.01
GET /api/items/474,1,178,178,178,178,178,178,178,0.000%,5.61798,2.83,1.03
PUT /api/items/434,2,221,177,265,265,265,177,265,0.000%,.03378,0.02,0.01
PUT /api/items/266,2,316,231,402,402,402,231,402,0.000%,.05098,0.03,0.01
PUT /api/items/575,3,243,225,326,326,326,180,326,0.000%,.07214,0.04,0.02
GET /api/items/487,2,343,255,432,432,432,255,432,0.000%,.07032,0.04,0.01
GET /api/items/711,2,167,122,212,212,212,122,212,0.000%,.02914,0.01,0.01
GET /api/items/961,3,165,208,209,209,209,80,209,0.000%,.04252,0.02,0.01
PUT /api/items/633,2,241,170,313,313,313,170,313,0.000%,.08991,0.05,0.03
PUT /api/items/416,3,272,256,408,408,408,154,408,0.000%,.05359,0.03,0.02
GET /api/items/979,3,200,199,257,257,257,144,257,0.000%,.04565,0.02,0.01
PUT /api/items/145,1,187,187,187,187,187,187,187,0.000%,5.34759,2.69,1.54
PUT /api/items/157,3,201,201,245,245,245,158,245,0.000%,.04540,0.02,0.01
GET /api/items/013,2,233,170,296,296,296,170,296,0.000%,.04223,0.02,0.01
PUT /api/items/936,3,286,270,402,402,402,186,402,0.000%,.13118,0.07,0.04
GET /api/items/116,2,162,118,206,206,206,118,206,0.000%,.12337,0.06,0.02
GET /api/items/504,5,270,306,342,376,376,157,376,0.000%,.08084,0.04,0.01
PUT /api/items/402,3,300,340,415,415,415,145,415,0.000%,.06013,0.03,0.02
PUT /api/items/298,2,208,207,210,210,210,207,210,0.000%,.07403,0.04,0.02
GET /api/items/773,1,207,207,207,207,207,207,207,0.000%,4.83092,2.43,0.89
PUT /api/items/630,1,236,236,236,236,236,236,236,0.000%,4.23729,2.14,1.22
GET /api/items/324,3,270,271,301,301,301,238,301,0.000%,.04776,0.02,0.01
GET /api/items/700,1,259,259,259,259,259,259,259,0.000%,3.86100,1.94,0.71
PUT /api/items/231,2,224,199,249,249,249,199,249,0.000%,.25860,0.13,0.07
GET /api/items/660,4,235,203,322,322,322,195,322,0.000%,.08268,0.04,0.02
GET /api/items/510,1,288,288,288,288,288,288,288,0.000%,3.47222,1.75,0.64
PUT /api/items/771,1,199,199,199,199,199,199,199,0.000%,5.02513,2.53,1.45
PUT /api/items/521,1,225,225,225,225,225,225,225,0.000%,4.44444,2.24,1.28
GET /api/items/410,1,245,245,245,245,245,245,245,0.000%,4.08163,2.05,0.75
GET /api/items/846,2,321,288,354,354,354,288,354,0.000%,.05117,0.03,0.01
GET /api/items/606,1,326,326,326,326,326,326,326,0.000%,3.06748,1.54,0.56
PUT /api/items/370,2,284,280,288,288,288,280,288,0.000%,.06170,0.03,0.02
PUT /api/items/290,1,274,274,274,274,274,274,274,0.000%,3.64964,1.83,1.05
PUT /api/items/791,1,258,258,258,258,258,258,258,0.000%,3.87597,1.95,1.12
GET /api/items/888,2,166,138,194,194,194,138,194,0.000%,.03053,0.02,0.01
PUT /api/items/991,1,232,232,232,232,232,232,232,0.000%,4.31034,2.17,1.24
GET /api/items/417,1,213,213,213,213,213,213,213,0.000%,4.69484,2.37,0.86
PUT /api/items/053,1,187,187,187,187,187,187,187,0.000%,5.34759,2.69,1.54
GET /api/items/272,2,243,188,298,298,298,188,298,0.000%,.07025,0.04,0.01
GET /api/items/363,1,264,264,264,264,264,264,264,0.000%,3.78788,1.91,0.70
GET /api/items/377,3,240,229,317,317,317,175,317,0.000%,.04694,0.02,0.01
PUT /api/items/035,3,245,244,270,270,270,222,270,0.000%,.05717,0.03,0.02
PUT /api/items/487,3,343,365,370,370,370,294,370,0.000%,.06021,0.03,0.02
GET /api/items/508,1,246,246,246,246,246,246,246,0.000%,4.06504,2.04,0.75
PUT /api/items/600,3,389,314,636,636,636,217,636,0.000%,.07406,0.04,0.02
GET /api/items/471,3,225,217,362,362,362,97,362,0.000%,.04466,0.02,0.01
PUT /api/items/624,2,211,171,251,251,251,171,251,0.000%,.60478,0.30,0.17
PUT /api/items/081,2,295,197,393,393,393,197,393,0.000%,.03923,0.02,0.01
GET /api/items/185,2,257,159,356,356,356,159,356,0.000%,.47059,0.24,0.09
GET /api/items/974,3,277,280,361,361,361,191,361,0.000%,.05323,0.03,0.01
PUT /api/items/677,3,264,257,290,290,290,246,290,0.000%,.14366,0.07,0.04
GET /api/items/328,3,214,217,276,276,276,149,276,0.000%,.04633,0.02,0.01
GET /api/items/792,2,286,243,330,330,330,243,330,0.000%,.04881,0.02,0.01
GET /api/items/739,3,225,223,287,287,287,167,287,0.000%,.04613,0.02,0.01
PUT /api/items/361,2,255,237,273,273,273,237,273,0.000%,.17638,0.09,0.05
PUT /api/items/804,2,234,148,321,321,321,148,321,0.000%,.17753,0.09,0.05
PUT /api/items/855,1,253,253,253,253,253,253,253,0.000%,3.95257,1.99,1.14
GET /api/items/120,2,224,194,255,255,255,194,255,0.000%,.08831,0.04,0.02
GET /api/items/349,3,237,231,264,264,264,217,264,0.000%,.27645,0.14,0.05
GET /api/items/860,2,298,295,302,302,302,295,302,0.000%,.03572,0.02,0.01
PUT /api/items/345,1,318,318,318,318,318,318,318,0.000%,3.14465,1.58,0.91
PUT /api/items/269,1,187,187,187,187,187,187,187,0.000%,5.34759,2.69,1.54
GET /api/items/963,1,129,129,129,129,129,129,129,0.000%,7.75194,3.90,1.42
PUT /api/items/896,2,221,194,248,248,248,194,248,0.000%,.04010,0.02,0.01
PUT /api/items/730,3,190,174,240,240,240,156,240,0.000%,.04982,0.03,0.01
GET /api/items/062,7,222,181,332,374,374,109,374,0.000%,.10529,0.05,0.02
GET /api/items/834,2,227,213,241,241,241,213,241,0.000%,.06059,0.03,0.01
GET /api/items/301,3,183,180,303,303,303,66,303,0.000%,.04443,0.02,0.01
PUT /api/items/989,2,249,227,271,271,271,227,271,0.000%,.04066,0.02,0.01
PUT /api/items/816,2,332,330,334,334,334,330,334,0.000%,.08111,0.04,0.02
GET /api/items/553,3,376,418,442,442,442,270,442,0.000%,.05684,0.03,0.01
GET /api/items/329,3,213,204,262,262,262,175,262,0.000%,.21647,0.11,0.04
PUT /api/items/322,1,234,234,234,234,234,234,234,0.000%,4.27350,2.15,1.23
GET /api/items/960,2,231,221,241,241,241,221,241,0.000%,.03425,0.02,0.01
PUT /api/items/821,1,129,129,129,129,129,129,129,0.000%,7.75194,3.90,2.23
GET /api/items/764,2,199,141,257,257,257,141,257,0.000%,.03626,0.02,0.01
PUT /api/items/865,2,269,192,347,347,347,192,347,0.000%,.06613,0.03,0.02
PUT /api/items/671,2,253,196,310,310,310,196,310,0.000%,.06973,0.04,0.02
GET /api/items/171,3,293,273,379,379,379,229,379,0.000%,.05725,0.03,0.01
GET /api/items/072,3,319,327,372,372,372,260,372,0.000%,.05517,0.03,0.01
GET /api/items/065,1,222,222,222,222,222,222,222,0.000%,4.50450,2.26,0.83
PUT /api/items/590,2,214,170,259,259,259,170,259,0.000%,.03483,0.02,0.01
PUT /api/items/309,3,237,246,281,281,281,185,281,0.000%,.06159,0.03,0.02
GET /api/items/385,1,276,276,276,276,276,276,276,0.000%,3.62319,1.83,0.67
GET /api/items/794,1,208,208,208,208,208,208,208,0.000%,4.80769,2.42,0.88
GET /api/items/753,2,288,202,374,374,374,202,374,0.000%,.26501,0.13,0.05
PUT /api/items/960,3,263,183,470,470,470,136,470,0.000%,.04793,0.02,0.01
PUT /api/items/944,3,288,264,363,363,363,238,363,0.000%,.08578,0.04,0.02
GET /api/items/655,2,375,223,528,528,528,223,528,0.000%,.14411,0.07,0.03
PUT /api/items/526,2,197,185,210,210,210,185,210,0.000%,.50352,0.25,0.15
PUT /api/items/981,1,137,137,137,137,137,137,137,0.000%,7.29927,3.67,2.10
GET /api/items/691,2,147,124,171,171,171,124,171,0.000%,.53519,0.27,0.10
PUT /api/items/159,2,153,125,181,181,181,125,181,0.000%,.03354,0.02,0.01
PUT /api/items/465,3,235,262,268,268,268,177,268,0.000%,.10593,0.05,0.03
PUT /api/items/517,1,204,204,204,204,204,204,204,0.000%,4.90196,2.47,1.41
PUT /api/items/794,2,214,153,275,275,275,153,275,0.000%,.03257,0.02,0.01
GET /api/items/352,2,242,237,248,248,248,237,248,0.000%,.16022,0.08,0.03
GET /api/items/121,4,287,292,371,371,371,183,371,0.000%,.06519,0.03,0.01
PUT /api/items/652,2,251,206,297,297,297,206,297,0.000%,.17198,0.09,0.05
GET /api/items/019,1,271,271,271,271,271,271,271,0.000%,3.69004,1.86,0.68
PUT /api/items/844,2,322,272,372,372,372,272,372,0.000%,.13629,0.07,0.04
GET /api/items/816,1,294,294,294,294,294,294,294,0.000%,3.40136,1.71,0.62
GET /api/items/809,2,239,228,250,250,250,228,250,0.000%,.15275,0.08,0.03
PUT /api/items/713,1,274,274,274,274,274,274,274,0.000%,3.64964,1.84,1.05
GET /api/items/681,1,254,254,254,254,254,254,254,0.000%,3.93701,1.98,0.72
GET /api/items/632,2,244,215,273,273,273,215,273,0.000%,.07540,0.04,0.01
PUT /api/items/988,1,212,212,212,212,212,212,212,0.000%,4.71698,2.38,1.36
PUT /api/items/041,1,212,212,212,212,212,212,212,0.000%,4.71698,2.37,1.36
PUT /api/items/451,2,374,326,423,423,423,326,423,0.000%,.05057,0.03,0.01
PUT /api/items/937,4,276,233,440,440,440,194,440,0.000%,.08025,0.04,0.02
GET /api/items/808,4,313,267,442,442,442,264,442,0.000%,.07191,0.04,0.01
GET /api/items/942,2,213,201,225,225,225,201,225,0.000%,.04329,0.02,0.01
GET /api/items/994,3,258,254,413,413,413,107,413,0.000%,.05016,0.03,0.01
PUT /api/items/256,3,290,293,378,378,378,199,378,0.000%,.05780,0.03,0.02
PUT /api/items/462,2,397,222,572,572,572,222,572,0.000%,.15122,0.08,0.04
GET /api/items/162,2,348,331,366,366,366,331,366,0.000%,.29735,0.15,0.05
GET /api/items/050,3,301,285,341,341,341,277,341,0.000%,.05750,0.03,0.01
PUT /api/items/812,1,304,304,304,304,304,304,304,0.000%,3.28947,1.66,0.95
PUT /api/items/365,1,236,236,236,236,236,236,236,0.000%,4.23729,2.13,1.22
GET /api/items/518,3,284,282,333,333,333,239,333,0.000%,.06620,0.03,0.01
GET /api/items/237,3,290,316,343,343,343,212,343,0.000%,.06595,0.03,0.01
PUT /api/items/687,1,239,239,239,239,239,239,239,0.000%,4.18410,2.10,1.21
GET /api/items/657,2,221,215,227,227,227,215,227,0.000%,.03658,0.02,0.01
GET /api/items/870,1,250,250,250,250,250,250,250,0.000%,4.00000,2.01,0.73
PUT /api/items/817,1,235,235,235,235,235,235,235,0.000%,4.25532,2.14,1.23
PUT /api/items/984,1,254,254,254,254,254,254,254,0.000%,3.93701,1.98,1.13
PUT /api/items/333,2,282,223,341,341,341,223,341,0.000%,.05552,0.03,0.02
PUT /api/items/356,3,223,216,392,392,392,63,392,0.000%,.04819,0.02,0.01
GET /api/items/384,3,326,342,380,380,380,257,380,0.000%,.09038,0.05,0.02
GET /api/items/924,1,249,249,249,249,249,249,249,0.000%,4.01606,2.02,0.74
GET /api/items/419,3,224,193,296,296,296,185,296,0.000%,.05411,0.03,0.01
PUT /api/items/697,3,260,285,309,309,309,188,309,0.000%,.18372,0.09,0.05
PUT /api/items/962,2,259,184,334,334,334,184,334,0.000%,.10036,0.05,0.03
GET /api/items/604,2,273,192,355,355,355,192,355,0.000%,.03978,0.02,0.01
GET /api/items/893,1,199,199,199,199,199,199,199,0.000%,5.02513,2.53,0.92
PUT /api/items/913,2,298,164,433,433,433,164,433,0.000%,.05235,0.03,0.02
PUT /api/items/252,1,193,193,193,193,193,193,193,0.000%,5.18135,2.61,1.49
GET /api/items/748,1,239,239,239,239,239,239,239,0.000%,4.18410,2.10,0.77
PUT /api/items/065,2,297,284,310,310,310,284,310,0.000%,.04858,0.02,0.01
PUT /api/items/539,3,271,272,274,274,274,267,274,0.000%,.10706,0.05,0.03
GET /api/items/765,2,806,362,1250,1250,1250,362,1250,0.000%,.03845,0.02,0.01
GET /api/items/821,4,344,328,383,383,383,322,383,0.000%,.08344,0.04,0.02
PUT /api/items/319,2,236,229,243,243,243,229,243,0.000%,.06552,0.03,0.02
PUT /api/items/236,3,193,211,282,282,282,88,282,0.000%,.04828,0.02,0.01
GET /api/items/574,1,292,292,292,292,292,292,292,0.000%,3.42466,1.72,0.63
PUT /api/items/995,2,1023,186,1860,1860,1860,186,1860,0.000%,.03577,0.02,0.01
PUT /api/items/550,1,1947,1947,1947,1947,1947,1947,1947,0.000%,.51361,0.26,0.15
PUT /api/items/934,3,256,220,330,330,330,220,330,0.000%,.06263,0.03,0.02
PUT /api/items/854,1,371,371,371,371,371,371,371,0.000%,2.69542,1.36,0.78
GET /api/items/489,3,286,303,340,340,340,217,340,0.000%,.05647,0.03,0.01
PUT /api/items/047,2,217,95,339,339,339,95,339,0.000%,.03520,0.02,0.01
PUT /api/items/264,1,304,304,304,304,304,304,304,0.000%,3.28947,1.65,0.95
PUT /api/items/531,2,321,271,371,371,371,271,371,0.000%,.13265,0.07,0.04
PUT /api/items/763,1,268,268,268,268,268,268,268,0.000%,3.73134,1.88,1.07
GET /api/items/323,2,302,300,304,304,304,300,304,0.000%,.04574,0.02,0.01
PUT /api/items/233,2,247,172,323,323,323,172,323,0.000%,.03734,0.02,0.01
GET /api/items/863,3,229,204,365,365,365,118,365,0.000%,.05281,0.03,0.01
PUT /api/items/919,1,227,227,227,227,227,227,227,0.000%,4.40529,2.22,1.27
GET /api/items/650,2,125,87,164,164,164,87,164,0.000%,.03534,0.02,0.01
GET /api/items/068,1,204,204,204,204,204,204,204,0.000%,4.90196,2.47,0.90
GET /api/items/382,2,121,91,151,151,151,91,151,0.000%,.03548,0.02,0.01
PUT /api/items/358,1,222,222,222,222,222,222,222,0.000%,4.50450,2.27,1.30
PUT /api/items/952,2,305,262,348,348,348,262,348,0.000%,.18379,0.09,0.05
GET /api/items/742,3,169,172,236,236,236,100,236,0.000%,.05474,0.03,0.01
GET /api/items/598,3,311,318,343,343,343,274,343,0.000%,.08161,0.04,0.01
PUT /api/items/396,1,203,203,203,203,203,203,203,0.000%,4.92611,2.48,1.42
GET /api/items/383,2,246,188,305,305,305,188,305,0.000%,.10213,0.05,0.02
PUT /api/items/493,2,184,140,229,229,229,140,229,0.000%,.03964,0.02,0.01
PUT /api/items/857,1,294,294,294,294,294,294,294,0.000%,3.40136,1.71,0.98
GET /api/items/724,3,334,279,455,455,455,269,455,0.000%,.06419,0.03,0.01
PUT /api/items/974,1,384,384,384,384,384,384,384,0.000%,2.60417,1.31,0.75
GET /api/items/085,3,358,366,401,401,401,309,401,0.000%,.13046,0.07,0.02
PUT /api/items/400,3,238,219,324,324,324,172,324,0.000%,.07613,0.04,0.02
GET /api/items/206,2,303,276,330,330,330,276,330,0.000%,.19469,0.10,0.04
GET /api/items/622,3,295,261,405,405,405,219,405,0.000%,.05785,0.03,0.01
GET /api/items/937,3,303,310,393,393,393,207,393,0.000%,.23602,0.12,0.04
GET /api/items/268,4,292,268,470,470,470,80,470,0.000%,.06918,0.03,0.01
PUT /api/items/193,1,207,207,207,207,207,207,207,0.000%,4.83092,2.43,1.39
GET /api/items/900,2,304,255,354,354,354,255,354,0.000%,.05541,0.03,0.01
GET /api/items/070,2,175,121,229,229,229,121,229,0.000%,.03730,0.02,0.01
GET /api/items/067,4,248,234,354,354,354,172,354,0.000%,.07783,0.04,0.01
PUT /api/items/774,2,163,96,230,230,230,96,230,0.000%,.03519,0.02,0.01
GET /api/items/659,4,238,221,338,338,338,97,338,0.000%,.07461,0.04,0.01
PUT /api/items/655,1,340,340,340,340,340,340,340,0.000%,2.94118,1.48,0.85
PUT /api/items/444,1,612,612,612,612,612,612,612,0.000%,1.63399,0.82,0.47
PUT /api/items/117,2,322,208,436,436,436,208,436,0.000%,.03964,0.02,0.01
GET /api/items/186,1,281,281,281,281,281,281,281,0.000%,3.55872,1.79,0.65
PUT /api/items/912,4,305,299,360,360,360,256,360,0.000%,.16809,0.08,0.05
PUT /api/items/803,1,287,287,287,287,287,287,287,0.000%,3.48432,1.76,1.00
GET /api/items/492,2,324,240,409,409,409,240,409,0.000%,.05018,0.03,0.01
GET /api/items/493,2,299,235,363,363,363,235,363,0.000%,.04811,0.02,0.01
PUT /api/items/017,1,438,438,438,438,438,438,438,0.000%,2.28311,1.15,0.66
PUT /api/items/072,2,214,172,256,256,256,172,256,0.000%,.05186,0.03,0.01
PUT /api/items/165,1,554,554,554,554,554,554,554,0.000%,1.80505,0.91,0.52
PUT /api/items/589,1,428,428,428,428,428,428,428,0.000%,2.33645,1.18,0.67
GET /api/items/404,1,412,412,412,412,412,412,412,0.000%,2.42718,1.22,0.45
GET /api/items/317,3,342,397,405,405,405,226,405,0.000%,.21363,0.11,0.04
GET /api/items/602,2,376,341,412,412,412,341,412,0.000%,.12230,0.06,0.02
PUT /api/items/300,2,236,190,282,282,282,190,282,0.000%,.08987,0.05,0.03
PUT /api/items/645,2,347,330,364,364,364,330,364,0.000%,.05483,0.03,0.02
PUT /api/items/767,2,191,178,204,204,204,178,204,0.000%,.04008,0.02,0.01
PUT /api/items/201,2,279,204,354,354,354,204,354,0.000%,.21817,0.11,0.06
GET /api/items/707,2,300,199,402,402,402,199,402,0.000%,.05837,0.03,0.01
GET /api/items/059,4,312,306,362,362,362,232,362,0.000%,.11591,0.06,0.02
GET /api/items/376,2,330,250,410,410,410,250,410,0.000%,.19144,0.10,0.04
GET /api/items/913,2,281,248,314,314,314,248,314,0.000%,.04788,0.02,0.01
GET /api/items/122,2,302,274,331,331,331,274,331,0.000%,.05343,0.03,0.01
PUT /api/items/223,1,389,389,389,389,389,389,389,0.000%,2.57069,1.29,0.74
GET /api/items/084,1,411,411,411,411,411,411,411,0.000%,2.43309,1.22,0.45
PUT /api/items/376,1,230,230,230,230,230,230,230,0.000%,4.34783,2.19,1.25
PUT /api/items/718,2,276,250,303,303,303,250,303,0.000%,.22414,0.11,0.06
PUT /api/items/843,2,273,242,305,305,305,242,305,0.000%,.09247,0.05,0.03
GET /api/items/569,1,272,272,272,272,272,272,272,0.000%,3.67647,1.85,0.67
PUT /api/items/686,2,248,208,288,288,288,208,288,0.000%,.04163,0.02,0.01
GET /api/items/178,1,285,285,285,285,285,285,285,0.000%,3.50877,1.76,0.64
GET /api/items/430,3,258,295,315,315,315,164,315,0.000%,.06137,0.03,0.01
GET /api/items/614,3,303,271,370,370,370,268,370,0.000%,.09074,0.05,0.02
PUT /api/items/953,2,180,61,299,299,299,61,299,0.000%,.03679,0.02,0.01
PUT /api/items/746,2,318,316,320,320,320,316,320,0.000%,.06215,0.03,0.02
PUT /api/items/167,2,317,282,353,353,353,282,353,0.000%,.09869,0.05,0.03
PUT /api/items/875,2,256,225,288,288,288,225,288,0.000%,.05509,0.03,0.02
GET /api/items/274,1,249,249,249,249,249,249,249,0.000%,4.01606,2.02,0.74
GET /api/items/799,2,277,273,282,282,282,273,282,0.000%,.14372,0.07,0.03
PUT /api/items/030,1,336,336,336,336,336,336,336,0.000%,2.97619,1.49,0.86
PUT /api/items/654,4,251,288,344,344,344,82,344,0.000%,.07884,0.04,0.02
PUT /api/items/898,2,286,258,315,315,315,258,315,0.000%,.05868,0.03,0.02
GET /api/items/696,2,334,294,374,374,374,294,374,0.000%,.14347,0.07,0.03
GET /api/items/364,2,357,315,399,399,399,315,399,0.000%,.04622,0.02,0.01
PUT /api/items/335,3,324,295,413,413,413,264,413,0.000%,.08102,0.04,0.02
PUT /api/items/620,1,456,456,456,456,456,456,456,0.000%,2.19298,1.11,0.63
PUT /api/items/632,4,222,234,327,327,327,93,327,0.000%,.07927,0.04,0.02
PUT /api/items/642,1,165,165,165,165,165,165,165,0.000%,6.06061,3.05,1.75
PUT /api/items/098,1,185,185,185,185,185,185,185,0.000%,5.40541,2.72,1.56
GET /api/items/728,2,254,233,276,276,276,233,276,0.000%,.19531,0.10,0.04
GET /api/items/273,1,269,269,269,269,269,269,269,0.000%,3.71747,1.87,0.68
GET /api/items/357,2,248,208,289,289,289,208,289,0.000%,.06149,0.03,0.01
GET /api/items/976,3,209,198,237,237,237,193,237,0.000%,.13395,0.07,0.02
PUT /api/items/136,1,256,256,256,256,256,256,256,0.000%,3.90625,1.96,1.13
PUT /api/items/087,1,222,222,222,222,222,222,222,0.000%,4.50450,2.27,1.30
GET /api/items/721,1,242,242,242,242,242,242,242,0.000%,4.13223,2.08,0.76
PUT /api/items/651,1,398,398,398,398,398,398,398,0.000%,2.51256,1.27,0.72
GET /api/items/713,2,148,108,189,189,189,108,189,0.000%,.10127,0.05,0.02
GET /api/items/153,1,176,176,176,176,176,176,176,0.000%,5.68182,2.86,1.04
PUT /api/items/080,2,287,276,298,298,298,276,298,0.000%,.10178,0.05,0.03
PUT /api/items/573,1,350,350,350,350,350,350,350,0.000%,2.85714,1.44,0.82
GET /api/items/718,1,179,179,179,179,179,179,179,0.000%,5.58659,2.82,1.03
PUT /api/items/254,2,300,238,362,362,362,238,362,0.000%,.12726,0.06,0.04
PUT /api/items/006,2,193,147,239,239,239,147,239,0.000%,.04626,0.02,0.01
GET /api/items/094,2,261,203,319,319,319,203,319,0.000%,.29193,0.15,0.05
PUT /api/items/478,3,263,230,395,395,395,166,395,0.000%,.06272,0.03,0.02
GET /api/items/1000,1,298,298,298,298,298,298,298,0.000%,3.35570,1.70,0.62
GET /api/items/996,2,402,344,460,460,460,344,460,0.000%,.25625,0.13,0.05
PUT /api/items/797,1,311,311,311,311,311,311,311,0.000%,3.21543,1.62,0.93
GET /api/items/528,3,300,309,315,315,315,276,315,0.000%,.13823,0.07,0.03
PUT /api/items/375,3,308,313,381,381,381,231,381,0.000%,.11066,0.06,0.03
PUT /api/items/669,1,302,302,302,302,302,302,302,0.000%,3.31126,1.67,0.95
PUT /api/items/257,2,271,212,331,331,331,212,331,0.000%,.28027,0.14,0.08
PUT /api/items/210,3,323,316,439,439,439,214,439,0.000%,.07822,0.04,0.02
GET /api/items/740,1,223,223,223,223,223,223,223,0.000%,4.48430,2.26,0.82
GET /api/items/240,1,246,246,246,246,246,246,246,0.000%,4.06504,2.05,0.75
PUT /api/items/868,3,314,306,478,478,478,160,478,0.000%,.07059,0.04,0.02
GET /api/items/261,4,348,355,473,473,473,204,473,0.000%,.09597,0.05,0.02
GET /api/items/825,1,261,261,261,261,261,261,261,0.000%,3.83142,1.93,0.70
PUT /api/items/599,2,313,275,352,352,352,275,352,0.000%,.05803,0.03,0.02
PUT /api/items/012,3,297,271,419,419,419,202,419,0.000%,.08815,0.04,0.03
GET /api/items/312,2,329,268,390,390,390,268,390,0.000%,.11482,0.06,0.02
PUT /api/items/570,1,347,347,347,347,347,347,347,0.000%,2.88184,1.45,0.83
GET /api/items/169,1,322,322,322,322,322,322,322,0.000%,3.10559,1.56,0.57
GET /api/items/972,2,400,350,450,450,450,350,450,0.000%,.09033,0.05,0.02
PUT /api/items/217,1,408,408,408,408,408,408,408,0.000%,2.45098,1.24,0.71
PUT /api/items/089,2,302,242,362,362,362,242,362,0.000%,.22573,0.11,0.07
GET /api/items/365,2,246,233,260,260,260,233,260,0.000%,.04746,0.02,0.01
PUT /api/items/325,2,302,242,362,362,362,242,362,0.000%,.06817,0.03,0.02
PUT /api/items/141,2,286,248,324,324,324,248,324,0.000%,.12153,0.06,0.04
GET /api/items/230,2,323,321,326,326,326,321,326,0.000%,.10985,0.06,0.02
GET /api/items/958,1,259,259,259,259,259,259,259,0.000%,3.86100,1.94,0.71
GET /api/items/226,4,295,283,408,408,408,202,408,0.000%,.09899,0.05,0.02
GET /api/items/289,3,277,296,306,306,306,229,306,0.000%,.11029,0.06,0.02
GET /api/items/570,2,293,253,333,333,333,253,333,0.000%,.11740,0.06,0.02
PUT /api/items/224,2,341,291,392,392,392,291,392,0.000%,.08592,0.04,0.02
PUT /api/items/634,4,335,346,499,499,499,122,499,0.000%,.08836,0.04,0.03
GET /api/items/584,1,287,287,287,287,287,287,287,0.000%,3.48432,1.75,0.64
PUT /api/items/096,1,289,289,289,289,289,289,289,0.000%,3.46021,1.74,1.00
PUT /api/items/670,1,269,269,269,269,269,269,269,0.000%,3.71747,1.87,1.07
PUT /api/items/626,1,318,318,318,318,318,318,318,0.000%,3.14465,1.58,0.91
GET /api/items/703,1,283,283,283,283,283,283,283,0.000%,3.53357,1.78,0.65
PUT /api/items/822,1,328,328,328,328,328,328,328,0.000%,3.04878,1.53,0.88
GET /api/items/526,1,358,358,358,358,358,358,358,0.000%,2.79330,1.40,0.51
GET /api/items/927,2,400,388,412,412,412,388,412,0.000%,.10091,0.05,0.02
GET /api/items/775,2,293,261,326,326,326,261,326,0.000%,.08949,0.05,0.02
PUT /api/items/411,2,312,258,367,367,367,258,367,0.000%,2.13447,1.07,0.61
PUT /api/items/745,2,298,294,303,303,303,294,303,0.000%,.17110,0.09,0.05
PUT /api/items/948,3,302,310,321,321,321,277,321,0.000%,.09583,0.05,0.03
GET /api/items/558,1,238,238,238,238,238,238,238,0.000%,4.20168,2.11,0.77
GET /api/items/113,2,295,254,337,337,337,254,337,0.000%,.06151,0.03,0.01
GET /api/items/375,2,392,362,422,422,422,362,422,0.000%,.06441,0.03,0.01
PUT /api/items/980,1,254,254,254,254,254,254,254,0.000%,3.93701,1.98,1.13
PUT /api/items/884,2,162,84,241,241,241,84,241,0.000%,.04485,0.02,0.01
PUT /api/items/867,1,292,292,292,292,292,292,292,0.000%,3.42466,1.73,0.99
GET /api/items/131,1,310,310,310,310,310,310,310,0.000%,3.22581,1.63,0.59
PUT /api/items/093,1,263,263,263,263,263,263,263,0.000%,3.80228,1.91,1.10
GET /api/items/184,2,243,241,246,246,246,241,246,0.000%,.13868,0.07,0.03
PUT /api/items/597,3,228,262,270,270,270,152,270,0.000%,.06928,0.03,0.02
GET /api/items/680,2,286,257,315,315,315,257,315,0.000%,.24966,0.13,0.05
GET /api/items/541,1,327,327,327,327,327,327,327,0.000%,3.05810,1.54,0.56
GET /api/items/071,1,221,221,221,221,221,221,221,0.000%,4.52489,2.27,0.83
GET /api/items/827,1,236,236,236,236,236,236,236,0.000%,4.23729,2.14,0.78
PUT /api/items/631,1,242,242,242,242,242,242,242,0.000%,4.13223,2.08,1.19
GET /api/items/441,1,246,246,246,246,246,246,246,0.000%,4.06504,2.04,0.75
PUT /api/items/538,2,348,242,455,455,455,242,455,0.000%,.07291,0.04,0.02
GET /api/items/075,1,258,258,258,258,258,258,258,0.000%,3.87597,1.95,0.71
GET /api/items/759,1,284,284,284,284,284,284,284,0.000%,3.52113,1.77,0.65
PUT /api/items/543,1,202,202,202,202,202,202,202,0.000%,4.95050,2.49,1.43
PUT /api/items/075,1,229,229,229,229,229,229,229,0.000%,4.36681,2.20,1.26
PUT /api/items/888,2,167,102,232,232,232,102,232,0.000%,.04584,0.02,0.01
PUT /api/items/494,2,355,341,369,369,369,341,369,0.000%,.09334,0.05,0.03
PUT /api/items/551,2,314,201,427,427,427,201,427,0.000%,.06190,0.03,0.02
GET /api/items/852,2,399,263,536,536,536,263,536,0.000%,.18051,0.09,0.03
PUT /api/items/475,3,302,298,317,317,317,293,317,0.000%,.23095,0.12,0.07
GET /api/items/222,2,331,316,347,347,347,316,347,0.000%,.14454,0.07,0.03
GET /api/items/754,1,264,264,264,264,264,264,264,0.000%,3.78788,1.91,0.70
GET /api/items/946,2,256,246,267,267,267,246,267,0.000%,.19039,0.10,0.03
GET /api/items/244,1,217,217,217,217,217,217,217,0.000%,4.60829,2.32,0.85
PUT /api/items/061,2,276,230,323,323,323,230,323,0.000%,.07846,0.04,0.02
GET /api/items/807,3,222,186,342,342,342,138,342,0.000%,.07058,0.04,0.01
PUT /api/items/537,2,208,147,270,270,270,147,270,0.000%,.19822,0.10,0.06
GET /api/items/823,2,291,284,299,299,299,284,299,0.000%,.05423,0.03,0.01
GET /api/items/194,1,414,414,414,414,414,414,414,0.000%,2.41546,1.22,0.44
PUT /api/items/540,1,575,575,575,575,575,575,575,0.000%,1.73913,0.88,0.50
GET /api/items/133,2,318,317,320,320,320,317,320,0.000%,.09071,0.05,0.02
PUT /api/items/783,2,348,334,363,363,363,334,363,0.000%,.37286,0.19,0.11
GET /api/items/947,1,250,250,250,250,250,250,250,0.000%,4.00000,2.01,0.73
GET /api/items/034,2,325,319,332,332,332,319,332,0.000%,2.22469,1.12,0.41
GET /api/items/596,1,288,288,288,288,288,288,288,0.000%,3.47222,1.75,0.64
GET /api/items/145,1,333,333,333,333,333,333,333,0.000%,3.00300,1.51,0.55
PUT /api/items/621,1,307,307,307,307,307,307,307,0.000%,3.25733,1.64,0.94
PUT /api/items/371,1,283,283,283,283,283,283,283,0.000%,3.53357,1.78,1.02
GET /api/items/308,2,219,119,320,320,320,119,320,0.000%,.05269,0.03,0.01
PUT /api/items/018,1,252,252,252,252,252,252,252,0.000%,3.96825,1.99,1.14
GET /api/items/695,2,330,294,367,367,367,294,367,0.000%,.82034,0.41,0.15
GET /api/items/104,1,266,266,266,266,266,266,266,0.000%,3.75940,1.89,0.69
PUT /api/items/903,2,274,263,286,286,286,263,286,0.000%,.11252,0.06,0.03
PUT /api/items/013,1,311,311,311,311,311,311,311,0.000%,3.21543,1.61,0.93
GET /api/items/245,3,336,324,373,373,373,313,373,0.000%,.19381,0.10,0.04
PUT /api/items/790,1,325,325,325,325,325,325,325,0.000%,3.07692,1.55,0.89
PUT /api/items/009,1,338,338,338,338,338,338,338,0.000%,2.95858,1.49,0.85
PUT /api/items/139,3,332,328,400,400,400,269,400,0.000%,.09960,0.05,0.03
PUT /api/items/954,2,250,167,334,334,334,167,334,0.000%,.06469,0.03,0.02
PUT /api/items/221,1,278,278,278,278,278,278,278,0.000%,3.59712,1.81,1.04
PUT /api/items/267,1,183,183,183,183,183,183,183,0.000%,5.46448,2.75,1.57
PUT /api/items/263,2,281,232,331,331,331,232,331,0.000%,.06772,0.03,0.02
PUT /api/items/587,1,326,326,326,326,326,326,326,0.000%,3.06748,1.55,0.88
PUT /api/items/890,2,277,236,319,319,319,236,319,0.000%,2.25989,1.14,0.65
GET /api/items/543,1,273,273,273,273,273,273,273,0.000%,3.66300,1.85,0.67
PUT /api/items/534,2,347,289,405,405,405,289,405,0.000%,.11310,0.06,0.03
PUT /api/items/456,1,331,331,331,331,331,331,331,0.000%,3.02115,1.52,0.87
PUT /api/items/470,1,333,333,333,333,333,333,333,0.000%,3.00300,1.51,0.87
GET /api/items/939,2,197,88,306,306,306,88,306,0.000%,.04790,0.02,0.01
PUT /api/items/527,1,284,284,284,284,284,284,284,0.000%,3.52113,1.77,1.01
PUT /api/items/731,1,365,365,365,365,365,365,365,0.000%,2.73973,1.38,0.79
GET /api/items/027,1,309,309,309,309,309,309,309,0.000%,3.23625,1.62,0.59
PUT /api/items/284,2,306,306,306,306,306,306,306,0.000%,.26893,0.14,0.08
GET /api/items/583,3,259,254,336,336,336,189,336,0.000%,.25925,0.13,0.05
PUT /api/items/967,1,227,227,227,227,227,227,227,0.000%,4.40529,2.22,1.27
PUT /api/items/569,1,235,235,235,235,235,235,235,0.000%,4.25532,2.14,1.23
PUT /api/items/523,1,231,231,231,231,231,231,231,0.000%,4.32900,2.18,1.25
GET /api/items/921,1,261,261,261,261,261,261,261,0.000%,3.83142,1.93,0.70
PUT /api/items/228,1,296,296,296,296,296,296,296,0.000%,3.37838,1.70,0.97
PUT /api/items/922,2,345,339,352,352,352,339,352,0.000%,.23543,0.12,0.07
GET /api/items/910,1,340,340,340,340,340,340,340,0.000%,2.94118,1.48,0.54
PUT /api/items/973,5,263,328,343,345,345,75,345,0.000%,.12477,0.06,0.04
GET /api/items/097,2,400,388,413,413,413,388,413,0.000%,.17400,0.09,0.03
PUT /api/items/985,2,299,275,324,324,324,275,324,0.000%,.13591,0.07,0.04
PUT /api/items/516,1,311,311,311,311,311,311,311,0.000%,3.21543,1.62,0.93
GET /api/items/717,1,318,318,318,318,318,318,318,0.000%,3.14465,1.58,0.58
GET /api/items/463,1,377,377,377,377,377,377,377,0.000%,2.65252,1.33,0.49
GET /api/items/787,1,364,364,364,364,364,364,364,0.000%,2.74725,1.38,0.50
PUT /api/items/255,3,392,382,430,430,430,364,430,0.000%,.18916,0.10,0.05
GET /api/items/164,1,272,272,272,272,272,272,272,0.000%,3.67647,1.85,0.67
GET /api/items/288,2,312,303,322,322,322,303,322,0.000%,2.30415,1.16,0.42
PUT /api/items/571,1,352,352,352,352,352,352,352,0.000%,2.84091,1.43,0.82
PUT /api/items/156,2,354,340,368,368,368,340,368,0.000%,.10163,0.05,0.03
GET /api/items/221,3,314,341,351,351,351,252,351,0.000%,.19621,0.10,0.04
GET /api/items/448,2,425,274,576,576,576,274,576,0.000%,.31867,0.16,0.06
PUT /api/items/617,3,306,350,373,373,373,197,373,0.000%,.09202,0.05,0.03
GET /api/items/039,1,291,291,291,291,291,291,291,0.000%,3.43643,1.72,0.63
PUT /api/items/880,3,356,350,438,438,438,281,438,0.000%,.11849,0.06,0.03
GET /api/items/741,1,311,311,311,311,311,311,311,0.000%,3.21543,1.62,0.59
PUT /api/items/409,2,298,287,310,310,310,287,310,0.000%,.11260,0.06,0.03
GET /api/items/667,2,216,137,296,296,296,137,296,0.000%,.05794,0.03,0.01
PUT /api/items/082,1,374,374,374,374,374,374,374,0.000%,2.67380,1.34,0.77
PUT /api/items/253,1,404,404,404,404,404,404,404,0.000%,2.47525,1.25,0.71
PUT /api/items/595,2,350,325,376,376,376,325,376,0.000%,.31260,0.16,0.09
PUT /api/items/950,1,274,274,274,274,274,274,274,0.000%,3.64964,1.84,1.05
GET /api/items/284,1,330,330,330,330,330,330,330,0.000%,3.03030,1.52,0.56
GET /api/items/394,2,319,297,342,342,342,297,342,0.000%,.07606,0.04,0.01
PUT /api/items/824,2,345,339,351,351,351,339,351,0.000%,.22225,0.11,0.06
PUT /api/items/818,1,253,253,253,253,253,253,253,0.000%,3.95257,1.99,1.14
GET /api/items/257,2,292,267,317,317,317,267,317,0.000%,.07446,0.04,0.01
PUT /api/items/310,2,302,297,307,307,307,297,307,0.000%,.14183,0.07,0.04
PUT /api/items/819,2,350,325,376,376,376,325,376,0.000%,.31274,0.16,0.09
GET /api/items/236,1,353,353,353,353,353,353,353,0.000%,2.83286,1.42,0.52
PUT /api/items/715,2,360,329,392,392,392,329,392,0.000%,.10671,0.05,0.03
GET /api/items/673,1,306,306,306,306,306,306,306,0.000%,3.26797,1.64,0.60
GET /api/items/890,1,346,346,346,346,346,346,346,0.000%,2.89017,1.46,0.53
PUT /api/items/546,1,353,353,353,353,353,353,353,0.000%,2.83286,1.42,0.82
GET /api/items/571,2,273,258,289,289,289,258,289,0.000%,.10573,0.05,0.02
GET /api/items/008,2,216,148,285,285,285,148,285,0.000%,.05835,0.03,0.01
GET /api/items/307,2,264,164,365,365,365,164,365,0.000%,.06328,0.03,0.01
PUT /api/items/839,1,341,341,341,341,341,341,341,0.000%,2.93255,1.47,0.84
GET /api/items/647,2,335,260,410,410,410,260,410,0.000%,.79334,0.40,0.15
GET /api/items/179,2,284,230,339,339,339,230,339,0.000%,.08354,0.04,0.02
PUT /api/items/552,1,422,422,422,422,422,422,422,0.000%,2.36967,1.19,0.68
GET /api/items/442,3,298,294,317,317,317,283,317,0.000%,.12032,0.06,0.02
PUT /api/items/782,1,341,341,341,341,341,341,341,0.000%,2.93255,1.47,0.84
PUT /api/items/138,1,386,386,386,386,386,386,386,0.000%,2.59067,1.30,0.75
GET /api/items/812,1,402,402,402,402,402,402,402,0.000%,2.48756,1.25,0.46
PUT /api/items/914,2,385,348,423,423,423,348,423,0.000%,.20423,0.10,0.06
PUT /api/items/719,1,384,384,384,384,384,384,384,0.000%,2.60417,1.31,0.75
PUT /api/items/805,1,386,386,386,386,386,386,386,0.000%,2.59067,1.30,0.75
GET /api/items/066,2,277,111,444,444,444,111,444,0.000%,.05971,0.03,0.01
PUT /api/items/133,1,320,320,320,320,320,320,320,0.000%,3.12500,1.57,0.90
PUT /api/items/604,1,350,350,350,350,350,350,350,0.000%,2.85714,1.44,0.82
PUT /api/items/830,1,312,312,312,312,312,312,312,0.000%,3.20513,1.61,0.92
GET /api/items/529,1,378,378,378,378,378,378,378,0.000%,2.64550,1.33,0.49
PUT /api/items/189,1,414,414,414,414,414,414,414,0.000%,2.41546,1.21,0.70
PUT /api/items/524,1,375,375,375,375,375,375,375,0.000%,2.66667,1.34,0.77
GET /api/items/866,2,349,338,360,360,360,338,360,0.000%,2.05761,1.04,0.38
GET /api/items/107,2,370,268,473,473,473,268,473,0.000%,.06998,0.04,0.01
PUT /api/items/474,1,435,435,435,435,435,435,435,0.000%,2.29885,1.16,0.66
PUT /api/items/270,1,340,340,340,340,340,340,340,0.000%,2.94118,1.48,0.85
PUT /api/items/286,1,373,373,373,373,373,373,373,0.000%,2.68097,1.35,0.77
GET /api/items/752,2,375,302,448,448,448,302,448,0.000%,.15659,0.08,0.03
PUT /api/items/144,1,299,299,299,299,299,299,299,0.000%,3.34448,1.68,0.96
PUT /api/items/192,2,313,266,360,360,360,266,360,0.000%,.07175,0.04,0.02
GET /api/items/497,2,194,80,309,309,309,80,309,0.000%,.05492,0.03,0.01
PUT /api/items/331,1,288,288,288,288,288,288,288,0.000%,3.47222,1.75,1.00
PUT /api/items/828,2,294,267,321,321,321,267,321,0.000%,.07702,0.04,0.02
GET /api/items/256,3,298,281,352,352,352,262,352,0.000%,.20896,0.11,0.04
GET /api/items/879,1,184,184,184,184,184,184,184,0.000%,5.43478,2.74,1.00
PUT /api/items/659,1,264,264,264,264,264,264,264,0.000%,3.78788,1.91,1.09
PUT /api/items/513,1,342,342,342,342,342,342,342,0.000%,2.92398,1.47,0.84
GET /api/items/452,1,247,247,247,247,247,247,247,0.000%,4.04858,2.04,0.74
GET /api/items/078,1,442,442,442,442,442,442,442,0.000%,2.26244,1.14,0.42
GET /api/items/916,1,383,383,383,383,383,383,383,0.000%,2.61097,1.32,0.48
GET /api/items/914,2,376,285,467,467,467,285,467,0.000%,.15623,0.08,0.03
PUT /api/items/010,2,303,150,456,456,456,150,456,0.000%,.07139,0.04,0.02
GET /api/items/745,2,294,251,338,338,338,251,338,0.000%,.13428,0.07,0.02
GET /api/items/642,1,342,342,342,342,342,342,342,0.000%,2.92398,1.47,0.54
PUT /api/items/021,1,397,397,397,397,397,397,397,0.000%,2.51889,1.27,0.73
GET /api/items/521,1,431,431,431,431,431,431,431,0.000%,2.32019,1.17,0.43
PUT /api/items/533,2,378,367,390,390,390,367,390,0.000%,.15546,0.08,0.04
GET /api/items/038,3,364,359,425,425,425,308,425,0.000%,.28401,0.14,0.05
PUT /api/items/162,1,379,379,379,379,379,379,379,0.000%,2.63852,1.33,0.76
GET /api/items/590,2,272,209,335,335,335,209,335,0.000%,.09369,0.05,0.02
GET /api/items/004,1,341,341,341,341,341,341,341,0.000%,2.93255,1.47,0.54
GET /api/items/515,1,308,308,308,308,308,308,308,0.000%,3.24675,1.63,0.60
PUT /api/items/851,2,310,293,328,328,328,293,328,0.000%,.12901,0.06,0.04
GET /api/items/698,1,345,345,345,345,345,345,345,0.000%,2.89855,1.46,0.53
PUT /api/items/440,2,200,68,332,332,332,68,332,0.000%,.06360,0.03,0.02
PUT /api/items/921,1,250,250,250,250,250,250,250,0.000%,4.00000,2.01,1.15
GET /api/items/928,1,319,319,319,319,319,319,319,0.000%,3.13480,1.58,0.58
GET /api/items/276,1,299,299,299,299,299,299,299,0.000%,3.34448,1.68,0.61
GET /api/items/820,1,268,268,268,268,268,268,268,0.000%,3.73134,1.87,0.69
GET /api/items/800,1,334,334,334,334,334,334,334,0.000%,2.99401,1.51,0.55
PUT /api/items/743,1,242,242,242,242,242,242,242,0.000%,4.13223,2.08,1.19
GET /api/items/182,1,255,255,255,255,255,255,255,0.000%,3.92157,1.97,0.72
PUT /api/items/414,1,173,173,173,173,173,173,173,0.000%,5.78035,2.91,1.67
PUT /api/items/566,1,247,247,247,247,247,247,247,0.000%,4.04858,2.04,1.17
PUT /api/items/749,1,331,331,331,331,331,331,331,0.000%,3.02115,1.52,0.87
GET /api/items/643,3,374,365,435,435,435,324,435,0.000%,.19390,0.10,0.04
GET /api/items/640,3,338,314,408,408,408,292,408,0.000%,.24081,0.12,0.04
PUT /api/items/302,1,359,359,359,359,359,359,359,0.000%,2.78552,1.40,0.80
GET /api/items/542,1,364,364,364,364,364,364,364,0.000%,2.74725,1.38,0.50
PUT /api/items/781,2,247,109,385,385,385,109,385,0.000%,.06809,0.03,0.02
GET /api/items/135,2,358,296,421,421,421,296,421,0.000%,.17596,0.09,0.03
PUT /api/items/810,2,351,338,365,365,365,338,365,0.000%,.66511,0.34,0.19
GET /api/items/378,1,300,300,300,300,300,300,300,0.000%,3.33333,1.68,0.61
PUT /api/items/240,1,272,272,272,272,272,272,272,0.000%,3.67647,1.85,1.06
GET /api/items/901,1,277,277,277,277,277,277,277,0.000%,3.61011,1.82,0.66
PUT /api/items/068,3,308,307,342,342,342,276,342,0.000%,.18120,0.09,0.05
GET /api/items/856,1,353,353,353,353,353,353,353,0.000%,2.83286,1.43,0.52
GET /api/items/003,1,331,331,331,331,331,331,331,0.000%,3.02115,1.51,0.55
PUT /api/items/970,3,370,357,523,523,523,230,523,0.000%,.12767,0.06,0.04
PUT /api/items/938,1,416,416,416,416,416,416,416,0.000%,2.40385,1.21,0.69
GET /api/items/207,2,366,327,406,406,406,327,406,0.000%,1.13766,0.57,0.21
GET /api/items/310,2,449,428,470,470,470,428,470,0.000%,.48924,0.25,0.09
GET /api/items/832,2,257,152,362,362,362,152,362,0.000%,.07382,0.04,0.01
GET /api/items/875,3,235,288,353,353,353,64,353,0.000%,.10239,0.05,0.02
PUT /api/items/360,2,279,187,372,372,372,187,372,0.000%,.07612,0.04,0.02
GET /api/items/146,1,304,304,304,304,304,304,304,0.000%,3.28947,1.65,0.60
PUT /api/items/747,1,210,210,210,210,210,210,210,0.000%,4.76190,2.39,1.37
PUT /api/items/455,1,238,238,238,238,238,238,238,0.000%,4.20168,2.12,1.21
PUT /api/items/683,1,256,256,256,256,256,256,256,0.000%,3.90625,1.97,1.13
PUT /api/items/693,1,185,185,185,185,185,185,185,0.000%,5.40541,2.72,1.56
PUT /api/items/251,1,294,294,294,294,294,294,294,0.000%,3.40136,1.71,0.98
PUT /api/items/423,2,363,317,410,410,410,317,410,0.000%,.47148,0.24,0.14
PUT /api/items/100,1,358,358,358,358,358,358,358,0.000%,2.79330,1.41,0.80
PUT /api/items/008,1,390,390,390,390,390,390,390,0.000%,2.56410,1.29,0.74
GET /api/items/674,2,194,97,291,291,291,97,291,0.000%,.07686,0.04,0.01
PUT /api/items/171,1,420,420,420,420,420,420,420,0.000%,2.38095,1.20,0.69
GET /api/items/472,1,388,388,388,388,388,388,388,0.000%,2.57732,1.30,0.47
GET /api/items/359,1,329,329,329,329,329,329,329,0.000%,3.03951,1.53,0.56
GET /api/items/848,1,350,350,350,350,350,350,350,0.000%,2.85714,1.44,0.52
GET /api/items/908,1,279,279,279,279,279,279,279,0.000%,3.58423,1.81,0.66
PUT /api/items/506,1,252,252,252,252,252,252,252,0.000%,3.96825,2.00,1.14
GET /api/items/805,4,282,310,395,395,395,80,395,0.000%,.16107,0.08,0.03
GET /api/items/884,1,335,335,335,335,335,335,335,0.000%,2.98507,1.50,0.55
PUT /api/items/283,1,360,360,360,360,360,360,360,0.000%,2.77778,1.40,0.80
GET /api/items/387,1,399,399,399,399,399,399,399,0.000%,2.50627,1.26,0.46
PUT /api/items/694,2,272,250,294,294,294,250,294,0.000%,.10609,0.05,0.03
GET /api/items/211,1,313,313,313,313,313,313,313,0.000%,3.19489,1.61,0.59
PUT /api/items/460,1,301,301,301,301,301,301,301,0.000%,3.32226,1.67,0.96
PUT /api/items/163,3,273,299,361,361,361,161,361,0.000%,.12876,0.06,0.04
GET /api/items/229,1,304,304,304,304,304,304,304,0.000%,3.28947,1.65,0.60
PUT /api/items/889,4,247,204,367,367,367,147,367,0.000%,.16587,0.08,0.05
GET /api/items/730,1,464,464,464,464,464,464,464,0.000%,2.15517,1.09,0.40
PUT /api/items/581,1,417,417,417,417,417,417,417,0.000%,2.39808,1.21,0.69
PUT /api/items/996,1,392,392,392,392,392,392,392,0.000%,2.55102,1.29,0.73
GET /api/items/798,1,334,334,334,334,334,334,334,0.000%,2.99401,1.51,0.55
GET /api/items/445,1,399,399,399,399,399,399,399,0.000%,2.50627,1.26,0.46
GET /api/items/467,1,338,338,338,338,338,338,338,0.000%,2.95858,1.49,0.54
GET /api/items/669,1,337,337,337,337,337,337,337,0.000%,2.96736,1.49,0.54
GET /api/items/449,2,324,290,359,359,359,290,359,0.000%,.18288,0.09,0.03
PUT /api/items/464,1,410,410,410,410,410,410,410,0.000%,2.43902,1.23,0.70
GET /api/items/970,3,214,210,321,321,321,111,321,0.000%,.12663,0.06,0.02
PUT /api/items/059,1,355,355,355,355,355,355,355,0.000%,2.81690,1.41,0.81
PUT /api/items/735,1,417,417,417,417,417,417,417,0.000%,2.39808,1.21,0.69
GET /api/items/874,1,370,370,370,370,370,370,370,0.000%,2.70270,1.36,0.50
PUT /api/items/829,1,325,325,325,325,325,325,325,0.000%,3.07692,1.55,0.89
GET /api/items/143,1,273,273,273,273,273,273,273,0.000%,3.66300,1.84,0.67
PUT /api/items/128,1,261,261,261,261,261,261,261,0.000%,3.83142,1.93,1.10
GET /api/items/270,1,256,256,256,256,256,256,256,0.000%,3.90625,1.96,0.72
PUT /api/items/378,1,368,368,368,368,368,368,368,0.000%,2.71739,1.37,0.78
PUT /api/items/759,1,291,291,291,291,291,291,291,0.000%,3.43643,1.73,0.99
GET /api/items/601,1,257,257,257,257,257,257,257,0.000%,3.89105,1.96,0.71
PUT /api/items/186,1,347,347,347,347,347,347,347,0.000%,2.88184,1.45,0.83
PUT /api/items/565,1,361,361,361,361,361,361,361,0.000%,2.77008,1.40,0.80
GET /api/items/064,2,288,283,293,293,293,283,293,0.000%,.16766,0.08,0.03
PUT /api/items/800,1,366,366,366,366,366,366,366,0.000%,2.73224,1.37,0.79
GET /api/items/228,2,247,121,374,374,374,121,374,0.000%,.09528,0.05,0.02
GET /api/items/708,1,301,301,301,301,301,301,301,0.000%,3.32226,1.67,0.61
PUT /api/items/536,1,355,355,355,355,355,355,355,0.000%,2.81690,1.42,0.81
GET /api/items/746,2,344,305,383,383,383,305,383,0.000%,1.90476,0.96,0.35
PUT /api/items/609,1,319,319,319,319,319,319,319,0.000%,3.13480,1.58,0.90
GET /api/items/967,1,309,309,309,309,309,309,309,0.000%,3.23625,1.63,0.59
PUT /api/items/152,1,314,314,314,314,314,314,314,0.000%,3.18471,1.60,0.92
GET /api/items/767,1,264,264,264,264,264,264,264,0.000%,3.78788,1.91,0.70
GET /api/items/055,1,320,320,320,320,320,320,320,0.000%,3.12500,1.57,0.57
PUT /api/items/641,1,369,369,369,369,369,369,369,0.000%,2.71003,1.36,0.78
GET /api/items/142,1,386,386,386,386,386,386,386,0.000%,2.59067,1.30,0.48
GET /api/items/982,1,385,385,385,385,385,385,385,0.000%,2.59740,1.31,0.48
PUT /api/items/153,1,272,272,272,272,272,272,272,0.000%,3.67647,1.85,1.06
PUT /api/items/964,1,228,228,228,228,228,228,228,0.000%,4.38596,2.21,1.26
GET /api/items/706,1,263,263,263,263,263,263,263,0.000%,3.80228,1.92,0.70
GET /api/items/599,1,338,338,338,338,338,338,338,0.000%,2.95858,1.49,0.54
GET /api/items/999,2,232,182,283,283,283,182,283,0.000%,.21903,0.11,0.04
GET /api/items/181,1,301,301,301,301,301,301,301,0.000%,3.32226,1.67,0.61
GET /api/items/981,1,292,292,292,292,292,292,292,0.000%,3.42466,1.73,0.63
PUT /api/items/468,1,266,266,266,266,266,266,266,0.000%,3.75940,1.89,1.08
PUT /api/items/705,1,312,312,312,312,312,312,312,0.000%,3.20513,1.62,0.92
PUT /api/items/977,1,305,305,305,305,305,305,305,0.000%,3.27869,1.65,0.94
PUT /api/items/942,2,276,246,306,306,306,246,306,0.000%,.14656,0.07,0.04
PUT /api/items/119,1,366,366,366,366,366,366,366,0.000%,2.73224,1.37,0.79
PUT /api/items/775,1,279,279,279,279,279,279,279,0.000%,3.58423,1.80,1.03
GET /api/items/217,3,311,313,353,353,353,267,353,0.000%,.24380,0.12,0.04
GET /api/items/457,1,416,416,416,416,416,416,416,0.000%,2.40385,1.21,0.44
PUT /api/items/373,1,317,317,317,317,317,317,317,0.000%,3.15457,1.59,0.91
PUT /api/items/613,2,284,169,400,400,400,169,400,0.000%,.11982,0.06,0.03
PUT /api/items/806,1,328,328,328,328,328,328,328,0.000%,3.04878,1.53,0.88
GET /api/items/192,1,333,333,333,333,333,333,333,0.000%,3.00300,1.51,0.55
PUT /api/items/924,5,259,273,320,325,325,111,325,0.000%,.26823,0.13,0.08
PUT /api/items/428,2,332,314,351,351,351,314,351,0.000%,.16899,0.08,0.05
GET /api/items/534,1,334,334,334,334,334,334,334,0.000%,2.99401,1.51,0.55
PUT /api/items/532,1,360,360,360,360,360,360,360,0.000%,2.77778,1.40,0.80
PUT /api/items/530,1,440,440,440,440,440,440,440,0.000%,2.27273,1.15,0.65
GET /api/items/191,1,407,407,407,407,407,407,407,0.000%,2.45700,1.24,0.45
PUT /api/items/904,1,436,436,436,436,436,436,436,0.000%,2.29358,1.15,0.66
GET /api/items/263,2,305,272,339,339,339,272,339,0.000%,.63091,0.32,0.12
PUT /api/items/031,1,328,328,328,328,328,328,328,0.000%,3.04878,1.53,0.88
PUT /api/items/497,1,288,288,288,288,288,288,288,0.000%,3.47222,1.74,1.00
GET /api/items/024,2,292,172,412,412,412,172,412,0.000%,.14739,0.07,0.03
GET /api/items/440,1,320,320,320,320,320,320,320,0.000%,3.12500,1.57,0.57
GET /api/items/709,1,295,295,295,295,295,295,295,0.000%,3.38983,1.70,0.62
PUT /api/items/085,2,304,230,378,378,378,230,378,0.000%,.16595,0.08,0.05
PUT /api/items/123,1,339,339,339,339,339,339,339,0.000%,2.94985,1.48,0.85
PUT /api/items/261,1,281,281,281,281,281,281,281,0.000%,3.55872,1.79,1.03
GET /api/items/309,2,260,257,264,264,264,257,264,0.000%,.20241,0.10,0.04
GET /api/items/016,2,227,165,289,289,289,165,289,0.000%,.13591,0.07,0.02
PUT /api/items/714,1,224,224,224,224,224,224,224,0.000%,4.46429,2.25,1.29
PUT /api/items/703,2,333,296,371,371,371,296,371,0.000%,.46587,0.23,0.13
PUT /api/items/646,1,273,273,273,273,273,273,273,0.000%,3.66300,1.85,1.06
GET /api/items/839,1,305,305,305,305,305,305,305,0.000%,3.27869,1.65,0.60
PUT /api/items/282,1,203,203,203,203,203,203,203,0.000%,4.92611,2.48,1.42
GET /api/items/620,2,224,209,240,240,240,209,240,0.000%,1.25865,0.63,0.23
GET /api/items/789,2,304,254,355,355,355,254,355,0.000%,.78740,0.40,0.14
GET /api/items/397,1,406,406,406,406,406,406,406,0.000%,2.46305,1.24,0.45
PUT /api/items/754,1,328,328,328,328,328,328,328,0.000%,3.04878,1.53,0.88
PUT /api/items/287,1,367,367,367,367,367,367,367,0.000%,2.72480,1.37,0.78
GET /api/items/992,1,317,317,317,317,317,317,317,0.000%,3.15457,1.59,0.58
PUT /api/items/296,1,315,315,315,315,315,315,315,0.000%,3.17460,1.60,0.91
GET /api/items/396,1,291,291,291,291,291,291,291,0.000%,3.43643,1.73,0.63
PUT /api/items/586,2,230,203,257,257,257,203,257,0.000%,.51773,0.26,0.15
GET /api/items/112,2,131,64,198,198,198,64,198,0.000%,.11561,0.06,0.02
PUT /api/items/662,1,441,441,441,441,441,441,441,0.000%,2.26757,1.14,0.65
GET /api/items/690,2,387,328,446,446,446,328,446,0.000%,1.59363,0.80,0.29
GET /api/items/661,1,442,442,442,442,442,442,442,0.000%,2.26244,1.14,0.42
PUT /api/items/176,1,383,383,383,383,383,383,383,0.000%,2.61097,1.31,0.75
PUT /api/items/744,1,322,322,322,322,322,322,322,0.000%,3.10559,1.56,0.89
GET /api/items/025,1,329,329,329,329,329,329,329,0.000%,3.03951,1.52,0.56
PUT /api/items/037,1,383,383,383,383,383,383,383,0.000%,2.61097,1.31,0.75
GET /api/items/547,1,256,256,256,256,256,256,256,0.000%,3.90625,1.96,0.72
PUT /api/items/689,2,211,125,297,297,297,125,297,0.000%,.51813,0.26,0.15
GET /api/items/138,1,315,315,315,315,315,315,315,0.000%,3.17460,1.60,0.58
PUT /api/items/056,1,301,301,301,301,301,301,301,0.000%,3.32226,1.67,0.96
PUT /api/items/410,1,314,314,314,314,314,314,314,0.000%,3.18471,1.60,0.92
GET /api/items/235,1,406,406,406,406,406,406,406,0.000%,2.46305,1.24,0.45
PUT /api/items/404,1,378,378,378,378,378,378,378,0.000%,2.64550,1.33,0.76
GET /api/items/544,1,411,411,411,411,411,411,411,0.000%,2.43309,1.22,0.45
PUT /api/items/313,1,373,373,373,373,373,373,373,0.000%,2.68097,1.35,0.77
GET /api/items/847,1,362,362,362,362,362,362,362,0.000%,2.76243,1.39,0.51
GET /api/items/152,2,284,279,289,289,289,279,289,0.000%,1.59236,0.80,0.29
PUT /api/items/147,1,259,259,259,259,259,259,259,0.000%,3.86100,1.94,1.11
PUT /api/items/615,1,297,297,297,297,297,297,297,0.000%,3.36700,1.69,0.97
GET /api/items/851,1,254,254,254,254,254,254,254,0.000%,3.93701,1.98,0.72
GET /api/items/613,2,246,230,262,262,262,230,262,0.000%,.23375,0.12,0.04
PUT /api/items/563,1,244,244,244,244,244,244,244,0.000%,4.09836,2.06,1.18
PUT /api/items/717,1,230,230,230,230,230,230,230,0.000%,4.34783,2.19,1.25
GET /api/items/032,1,278,278,278,278,278,278,278,0.000%,3.59712,1.81,0.66
PUT /api/items/111,1,266,266,266,266,266,266,266,0.000%,3.75940,1.89,1.08
GET /api/items/654,1,263,263,263,263,263,263,263,0.000%,3.80228,1.91,0.70
GET /api/items/014,1,232,232,232,232,232,232,232,0.000%,4.31034,2.16,0.79
GET /api/items/043,1,260,260,260,260,260,260,260,0.000%,3.84615,1.93,0.71
PUT /api/items/191,2,200,193,208,208,208,193,208,0.000%,1.20555,0.61,0.35
GET /api/items/783,1,259,259,259,259,259,259,259,0.000%,3.86100,1.94,0.71
GET /api/items/653,1,261,261,261,261,261,261,261,0.000%,3.83142,1.92,0.70
PUT /api/items/555,1,249,249,249,249,249,249,249,0.000%,4.01606,2.02,1.16
PUT /api/items/299,1,225,225,225,225,225,225,225,0.000%,4.44444,2.24,1.28
GET /api/items/557,2,244,203,286,286,286,203,286,0.000%,.31240,0.16,0.06
PUT /api/items/811,1,243,243,243,243,243,243,243,0.000%,4.11523,2.07,1.19
PUT /api/items/168,2,192,157,228,228,228,157,228,0.000%,.28571,0.14,0.08
GET /api/items/588,1,211,211,211,211,211,211,211,0.000%,4.73934,2.38,0.87
GET /api/items/704,1,176,176,176,176,176,176,176,0.000%,5.68182,2.86,1.04
PUT /api/items/183,1,149,149,149,149,149,149,149,0.000%,6.71141,3.38,1.93
PUT /api/items/353,1,207,207,207,207,207,207,207,0.000%,4.83092,2.43,1.39
GET /api/items/438,1,165,165,165,165,165,165,165,0.000%,6.06061,3.05,1.11
GET /api/items/180,1,197,197,197,197,197,197,197,0.000%,5.07614,2.56,0.93
PUT /api/items/476,1,161,161,161,161,161,161,161,0.000%,6.21118,3.12,1.79
PUT /api/items/230,1,222,222,222,222,222,222,222,0.000%,4.50450,2.27,1.30
GET /api/items/076,2,764,183,1346,1346,1346,183,1346,0.000%,.46286,0.23,0.08
PUT /api/items/295,1,268,268,268,268,268,268,268,0.000%,3.73134,1.88,1.07
PUT /api/items/920,1,322,322,322,322,322,322,322,0.000%,3.10559,1.56,0.89
PUT /api/items/879,1,254,254,254,254,254,254,254,0.000%,3.93701,1.98,1.13
GET /api/items/887,2,204,194,215,215,215,194,215,0.000%,.43057,0.22,0.08
PUT /api/items/878,1,290,290,290,290,290,290,290,0.000%,3.44828,1.73,0.99
PUT /api/items/574,1,355,355,355,355,355,355,355,0.000%,2.81690,1.42,0.81
GET /api/items/514,1,226,226,226,226,226,226,226,0.000%,4.42478,2.23,0.81
PUT /api/items/307,1,287,287,287,287,287,287,287,0.000%,3.48432,1.75,1.00
GET /api/items/922,1,246,246,246,246,246,246,246,0.000%,4.06504,2.04,0.75
PUT /api/items/436,2,152,60,245,245,245,60,245,0.000%,.21030,0.10,0.06
GET /api/items/202,1,214,214,214,214,214,214,214,0.000%,4.67290,2.35,0.86
GET /api/items/196,1,208,208,208,208,208,208,208,0.000%,4.80769,2.42,0.88
GET /api/items/095,1,173,173,173,173,173,173,173,0.000%,5.78035,2.90,1.06
PUT /api/items/278,1,325,325,325,325,325,325,325,0.000%,3.07692,1.55,0.89
PUT /api/items/622,1,142,142,142,142,142,142,142,0.000%,7.04225,3.54,2.03
GET /api/items/524,1,125,125,125,125,125,125,125,0.000%,8.00000,4.02,1.47
PUT /api/items/173,1,177,177,177,177,177,177,177,0.000%,5.64972,2.84,1.63
GET /api/items/723,1,308,308,308,308,308,308,308,0.000%,3.24675,1.63,0.60
GET /api/items/264,1,162,162,162,162,162,162,162,0.000%,6.17284,3.10,1.13
GET /api/items/949,1,242,242,242,242,242,242,242,0.000%,4.13223,2.08,0.76
PUT /api/items/074,1,251,251,251,251,251,251,251,0.000%,3.98406,2.00,1.15
PUT /api/items/110,1,283,283,283,283,283,283,283,0.000%,3.53357,1.78,1.02
GET /api/items/318,1,193,193,193,193,193,193,193,0.000%,5.18135,2.61,0.95
GET /api/items/342,1,167,167,167,167,167,167,167,0.000%,5.98802,3.01,1.10
PUT /api/items/320,1,181,181,181,181,181,181,181,0.000%,5.52486,2.78,1.59
GET /api/items/877,2,161,67,255,255,255,67,255,0.000%,.32600,0.16,0.06
GET /api/items/502,1,194,194,194,194,194,194,194,0.000%,5.15464,2.59,0.95
GET /api/items/948,1,132,132,132,132,132,132,132,0.000%,7.57576,3.81,1.39
PUT /api/items/220,1,210,210,210,210,210,210,210,0.000%,4.76190,2.40,1.37
PUT /api/items/580,1,186,186,186,186,186,186,186,0.000%,5.37634,2.70,1.55
PUT /api/items/049,1,166,166,166,166,166,166,166,0.000%,6.02410,3.02,1.74
GET /api/items/428,1,196,196,196,196,196,196,196,0.000%,5.10204,2.57,0.94
PUT /api/items/535,1,167,167,167,167,167,167,167,0.000%,5.98802,3.01,1.73
PUT /api/items/161,1,154,154,154,154,154,154,154,0.000%,6.49351,3.27,1.87
PUT /api/items/479,1,121,121,121,121,121,121,121,0.000%,8.26446,4.16,2.38
PUT /api/items/704,1,165,165,165,165,165,165,165,0.000%,6.06061,3.05,1.75
GET /api/items/776,1,172,172,172,172,172,172,172,0.000%,5.81395,2.92,1.07
GET /api/items/391,1,187,187,187,187,187,187,187,0.000%,5.34759,2.69,0.98
PUT /api/items/639,1,119,119,119,119,119,119,119,0.000%,8.40336,4.23,2.42
GET /api/items/975,1,96,96,96,96,96,96,96,0.000%,10.41667,5.24,1.91
PUT /api/items/1000,1,88,88,88,88,88,88,88,0.000%,11.36364,5.75,3.31
GET /api/items/392,1,169,169,169,169,169,169,169,0.000%,5.91716,2.98,1.09
PUT /api/items/826,1,139,139,139,139,139,139,139,0.000%,7.19424,3.62,2.07
PUT /api/items/466,1,120,120,120,120,120,120,120,0.000%,8.33333,4.19,2.40
PUT /api/items/198,1,118,118,118,118,118,118,118,0.000%,8.47458,4.26,2.44
GET /api/items/374,1,97,97,97,97,97,97,97,0.000%,10.30928,5.18,1.89
GET /api/items/791,1,88,88,88,88,88,88,88,0.000%,11.36364,5.72,2.09
PUT /api/items/554,1,164,164,164,164,164,164,164,0.000%,6.09756,3.07,1.76
GET /api/items/052,1,123,123,123,123,123,123,123,0.000%,8.13008,4.08,1.49
GET /api/items/395,1,107,107,107,107,107,107,107,0.000%,9.34579,4.70,1.72
PUT /api/items/265,1,100,100,100,100,100,100,100,0.000%,10.00000,5.03,2.88
PUT /api/items/202,1,93,93,93,93,93,93,93,0.000%,10.75269,5.41,3.10
PUT /api/items/351,1,104,104,104,104,104,104,104,0.000%,9.61538,4.84,2.77
PUT /api/items/966,1,97,97,97,97,97,97,97,0.000%,10.30928,5.18,2.97
PUT /api/items/917,1,68,68,68,68,68,68,68,0.000%,14.70588,7.40,4.24
PUT /api/items/882,1,82,82,82,82,82,82,82,0.000%,12.19512,6.12,3.51
GET /api/items/612,1,60,60,60,60,60,60,60,0.000%,16.66667,8.38,3.06
TOTAL,10000,239,228,366,402,506,56,2237,0.000%,83.39797,9646.80,17.82
